paper_id,model_version,prompt_version,input_source,predicted_label,raw_output,elapsed_sec,error,is_fewshot_example,run_timestamp
0,mistral:7b,V1,abstract,DL,DL,25.79,,False,2026-08-09T10:46:21
1,mistral:7b,V1,abstract,DL,DL,0.36,,False,2026-08-09T10:46:22
2,mistral:7b,V1,abstract,DL,DL,0.45,,False,2026-08-09T10:46:22
3,mistral:7b,V1,abstract,ML,ML,0.6,,False,2026-08-09T10:46:23
4,mistral:7b,V1,abstract,DL,DL,0.71,,False,2026-08-09T10:46:23
5,mistral:7b,V1,abstract,ML,ML,0.58,,False,2026-08-09T10:46:24
6,mistral:7b,V1,abstract,ML,ML,0.43,,False,2026-08-09T10:46:25
7,mistral:7b,V1,abstract,ML,ML,0.3,,False,2026-08-09T10:46:25
8,mistral:7b,V1,abstract,Unclear,Unclear,0.43,,False,2026-08-09T10:46:25
9,mistral:7b,V1,abstract,ML,ML,0.99,,False,2026-08-09T10:46:26
10,mistral:7b,V1,abstract,DL,DL,0.51,,False,2026-08-09T10:46:27
11,mistral:7b,V1,abstract,ML,ML,0.63,,False,2026-08-09T10:46:27
12,mistral:7b,V1,abstract,ML,ML,0.62,,False,2026-08-09T10:46:28
13,mistral:7b,V1,abstract,ML,ML,0.35,,False,2026-08-09T10:46:28
14,mistral:7b,V1,abstract,ML,ML,0.32,,False,2026-08-09T10:46:29
15,mistral:7b,V1,abstract,DL,DL,0.4,,False,2026-08-09T10:46:29
16,mistral:7b,V1,abstract,ML,ML,0.56,,False,2026-08-09T10:46:30
17,mistral:7b,V1,abstract,DL,DL,0.63,,False,2026-08-09T10:46:30
18,mistral:7b,V1,abstract,ML,ML,0.52,,False,2026-08-09T10:46:31
19,mistral:7b,V1,abstract,DL,DL,0.5,,False,2026-08-09T10:46:31
20,mistral:7b,V1,abstract,ML,ML,0.42,,False,2026-08-09T10:46:32
21,mistral:7b,V1,abstract,DL,DL,0.61,,False,2026-08-09T10:46:32
22,mistral:7b,V1,abstract,ML,ML,0.61,,False,2026-08-09T10:46:33
23,mistral:7b,V1,abstract,DL,DL,0.55,,False,2026-08-09T10:46:34
24,mistral:7b,V1,abstract,ML,ML,0.74,,False,2026-08-09T10:46:34
25,mistral:7b,V1,abstract,DL,DL,0.66,,False,2026-08-09T10:46:35
26,mistral:7b,V1,abstract,ML,ML,0.64,,False,2026-08-09T10:46:36
27,mistral:7b,V1,abstract,ML,ML,0.65,,False,2026-08-09T10:46:36
28,mistral:7b,V1,abstract,ML,ML,0.59,,False,2026-08-09T10:46:37
29,mistral:7b,V1,abstract,ML,ML,0.56,,False,2026-08-09T10:46:37
30,mistral:7b,V1,abstract,ML,ML,0.47,,False,2026-08-09T10:46:38
31,mistral:7b,V1,abstract,DL,DL,0.71,,False,2026-08-09T10:46:39
32,mistral:7b,V1,abstract,ML,ML,0.39,,False,2026-08-09T10:46:39
33,mistral:7b,V1,abstract,DL,DL,0.57,,False,2026-08-09T10:46:40
34,mistral:7b,V1,abstract,DL,DL,0.62,,False,2026-08-09T10:46:40
35,mistral:7b,V1,abstract,ML,ML,0.47,,False,2026-08-09T10:46:41
36,mistral:7b,V1,abstract,DL,DL,0.56,,False,2026-08-09T10:46:41
37,mistral:7b,V1,abstract,ML,ML,0.65,,False,2026-08-09T10:46:42
38,mistral:7b,V1,abstract,DL,DL,0.61,,False,2026-08-09T10:46:42
39,mistral:7b,V1,abstract,ML,ML,0.54,,False,2026-08-09T10:46:43
40,mistral:7b,V1,abstract,ML,ML,0.47,,False,2026-08-09T10:46:43
41,mistral:7b,V1,abstract,ML,ML,0.56,,False,2026-08-09T10:46:44
42,mistral:7b,V1,abstract,ML,ML,0.63,,False,2026-08-09T10:46:45
43,mistral:7b,V1,abstract,ML,ML,0.76,,False,2026-08-09T10:46:45
44,mistral:7b,V1,abstract,ML,ML,0.53,,False,2026-08-09T10:46:46
45,mistral:7b,V1,abstract,DL,DL,0.5,,False,2026-08-09T10:46:46
46,mistral:7b,V1,abstract,ML,ML,0.64,,False,2026-08-09T10:46:47
47,mistral:7b,V1,abstract,ML,ML,0.84,,False,2026-08-09T10:46:48
48,mistral:7b,V1,abstract,ML,ML,0.72,,False,2026-08-09T10:46:49
49,mistral:7b,V1,abstract,ML,ML,0.41,,False,2026-08-09T10:46:49
50,mistral:7b,V1,abstract,DL,DL,0.42,,False,2026-08-09T10:46:50
51,mistral:7b,V1,abstract,ML,ML,12.88,,False,2026-08-09T10:47:02
52,mistral:7b,V1,abstract,ML,ML,0.73,,False,2026-08-09T10:47:03
53,mistral:7b,V1,abstract,DL,DL,0.58,,False,2026-08-09T10:47:04
54,mistral:7b,V1,abstract,DL,DL,0.5,,False,2026-08-09T10:47:04
55,mistral:7b,V1,abstract,ML,ML,0.58,,False,2026-08-09T10:47:05
56,mistral:7b,V1,abstract,ML,ML,0.56,,False,2026-08-09T10:47:05
57,mistral:7b,V1,abstract,ML,ML,0.59,,False,2026-08-09T10:47:06
58,mistral:7b,V1,abstract,ML,ML,0.55,,False,2026-08-09T10:47:07
59,mistral:7b,V1,abstract,ML,ML,0.65,,False,2026-08-09T10:47:07
60,mistral:7b,V1,abstract,DL,DL,0.77,,False,2026-08-09T10:47:08
61,mistral:7b,V1,abstract,ML,ML,0.52,,False,2026-08-09T10:47:08
62,mistral:7b,V1,abstract,ML,ML,0.57,,False,2026-08-09T10:47:09
63,mistral:7b,V1,abstract,ML,ML,0.48,,False,2026-08-09T10:47:10
64,mistral:7b,V1,abstract,ML,ML,0.5,,False,2026-08-09T10:47:10
65,mistral:7b,V1,abstract,ML,ML,0.4,,False,2026-08-09T10:47:10
66,mistral:7b,V1,abstract,ML,ML,0.63,,False,2026-08-09T10:47:11
67,mistral:7b,V1,abstract,ML,ML,0.53,,False,2026-08-09T10:47:12
68,mistral:7b,V1,abstract,ML,ML,0.4,,False,2026-08-09T10:47:12
69,mistral:7b,V1,abstract,DL,DL,0.51,,False,2026-08-09T10:47:13
70,mistral:7b,V1,abstract,ML,ML,0.53,,False,2026-08-09T10:47:13
71,mistral:7b,V1,abstract,ML,ML,0.46,,False,2026-08-09T10:47:14
72,mistral:7b,V1,abstract,ML,ML,0.57,,False,2026-08-09T10:47:14
73,mistral:7b,V1,abstract,DL,DL (Quantum Machine Learning is a subfield of Deep Learning),1.03,,False,2026-08-09T10:47:15
74,mistral:7b,V1,abstract,DL,DL,0.55,,False,2026-08-09T10:47:16
75,mistral:7b,V1,abstract,DL,DL,0.49,,False,2026-08-09T10:47:16
76,mistral:7b,V1,abstract,ML,ML,0.63,,False,2026-08-09T10:47:17
77,mistral:7b,V1,abstract,ML,ML,0.37,,False,2026-08-09T10:47:17
78,mistral:7b,V1,abstract,ML,ML,0.42,,False,2026-08-09T10:47:18
79,mistral:7b,V1,abstract,ML,ML,0.49,,False,2026-08-09T10:47:18
80,mistral:7b,V1,abstract,DL,DL,0.41,,False,2026-08-09T10:47:18
81,mistral:7b,V1,abstract,ML,ML,0.48,,False,2026-08-09T10:47:19
82,mistral:7b,V1,abstract,ML,ML,0.32,,False,2026-08-09T10:47:19
83,mistral:7b,V1,abstract,ML,ML,0.47,,False,2026-08-09T10:47:20
84,mistral:7b,V1,abstract,ML,ML,0.72,,False,2026-08-09T10:47:20
85,mistral:7b,V1,abstract,AI,AI,0.52,,False,2026-08-09T10:47:21
86,mistral:7b,V1,abstract,ML,ML,0.39,,False,2026-08-09T10:47:21
87,mistral:7b,V1,abstract,DL,DL (Deep Learning),0.85,,False,2026-08-09T10:47:22
88,mistral:7b,V1,abstract,DL,DL,0.68,,False,2026-08-09T10:47:23
89,mistral:7b,V1,abstract,ML,ML,0.79,,False,2026-08-09T10:47:24
90,mistral:7b,V1,abstract,ML,ML,0.67,,False,2026-08-09T10:47:24
91,mistral:7b,V1,abstract,ML,ML,0.84,,False,2026-08-09T10:47:25
92,mistral:7b,V1,abstract,ML,ML,0.55,,False,2026-08-09T10:47:26
93,mistral:7b,V1,abstract,DL,DL,0.81,,False,2026-08-09T10:47:27
94,mistral:7b,V1,abstract,ML,ML,0.51,,False,2026-08-09T10:47:27
95,mistral:7b,V1,abstract,ML,ML,0.53,,False,2026-08-09T10:47:28
96,mistral:7b,V1,abstract,ML,ML,0.5,,False,2026-08-09T10:47:28
97,mistral:7b,V1,abstract,ML,ML,0.59,,False,2026-08-09T10:47:29
98,mistral:7b,V1,abstract,ML,ML,0.51,,False,2026-08-09T10:47:29
99,mistral:7b,V1,abstract,ML,ML,0.58,,False,2026-08-09T10:47:30
100,mistral:7b,V1,abstract,DL,DL,0.56,,False,2026-08-09T10:47:30
101,mistral:7b,V1,abstract,ML,ML,0.63,,False,2026-08-09T10:47:31
102,mistral:7b,V1,abstract,ML,ML,0.87,,False,2026-08-09T10:47:32
103,mistral:7b,V1,abstract,DL,DL,0.73,,False,2026-08-09T10:47:33
104,mistral:7b,V1,abstract,ML,ML,0.63,,False,2026-08-09T10:47:33
105,mistral:7b,V1,abstract,ML,ML,0.54,,False,2026-08-09T10:47:34
106,mistral:7b,V1,abstract,DL,DL,0.51,,False,2026-08-09T10:47:34
107,mistral:7b,V1,abstract,ML,ML,0.48,,False,2026-08-09T10:47:35
108,mistral:7b,V1,abstract,ML,ML,0.47,,False,2026-08-09T10:47:35
109,mistral:7b,V1,abstract,DL,DL,0.82,,False,2026-08-09T10:47:36
110,mistral:7b,V1,abstract,ML,ML,0.52,,True,2026-08-09T10:47:37
111,mistral:7b,V1,abstract,ML,ML,0.8,,False,2026-08-09T10:47:37
112,mistral:7b,V1,abstract,ML,ML,0.87,,False,2026-08-09T10:47:38
113,mistral:7b,V1,abstract,DL,DL,0.57,,False,2026-08-09T10:47:39
114,mistral:7b,V1,abstract,DL,DL,0.83,,False,2026-08-09T10:47:40
115,mistral:7b,V1,abstract,,,0.47,,False,2026-08-09T10:47:40
116,mistral:7b,V1,abstract,ML,ML,0.71,,False,2026-08-09T10:47:41
117,mistral:7b,V1,abstract,DL,DL,0.57,,False,2026-08-09T10:47:41
118,mistral:7b,V1,abstract,ML,ML,0.57,,False,2026-08-09T10:47:42
119,mistral:7b,V1,abstract,DL,DL,0.69,,False,2026-08-09T10:47:43
120,mistral:7b,V1,abstract,ML,ML,0.63,,False,2026-08-09T10:47:43
121,mistral:7b,V1,abstract,ML,ML,0.53,,False,2026-08-09T10:47:44
122,mistral:7b,V1,abstract,DL,DL,0.78,,True,2026-08-09T10:47:45
123,mistral:7b,V1,abstract,DL,DL,0.47,,False,2026-08-09T10:47:45
124,mistral:7b,V1,abstract,DL,DL,0.45,,False,2026-08-09T10:47:46
125,mistral:7b,V1,abstract,DL,DL,0.93,,False,2026-08-09T10:47:47
126,mistral:7b,V1,abstract,DL,DL,0.57,,False,2026-08-09T10:47:47
127,mistral:7b,V1,abstract,ML,ML,0.89,,False,2026-08-09T10:47:48
128,mistral:7b,V1,abstract,DL,DL,0.56,,False,2026-08-09T10:47:49
129,mistral:7b,V1,abstract,ML,ML,0.61,,False,2026-08-09T10:47:49
130,mistral:7b,V1,abstract,DL,DL,0.44,,False,2026-08-09T10:47:50
131,mistral:7b,V1,abstract,DL,DL (for using Artificial Neural Networks),0.76,,False,2026-08-09T10:47:50
132,mistral:7b,V1,abstract,ML,ML,0.71,,False,2026-08-09T10:47:51
133,mistral:7b,V1,abstract,ML,ML,0.78,,False,2026-08-09T10:47:52
134,mistral:7b,V1,abstract,ML,ML,0.61,,False,2026-08-09T10:47:53
135,mistral:7b,V1,abstract,ML,ML,0.61,,False,2026-08-09T10:47:53
136,mistral:7b,V1,abstract,ML,ML,0.65,,False,2026-08-09T10:47:54
137,mistral:7b,V1,abstract,ML,ML,0.55,,False,2026-08-09T10:47:54
138,mistral:7b,V1,abstract,ML,ML,0.75,,False,2026-08-09T10:47:55
139,mistral:7b,V1,missing,NO_INPUT,,0.0,no abstract available,False,2026-08-09T10:47:55
140,mistral:7b,V1,abstract,ML,ML,0.61,,False,2026-08-09T10:47:56
141,mistral:7b,V1,abstract,ML,ML,0.61,,False,2026-08-09T10:47:56
142,mistral:7b,V1,abstract,ML,ML,0.77,,False,2026-08-09T10:47:57
143,mistral:7b,V1,abstract,DL,DL,0.51,,False,2026-08-09T10:47:58
144,mistral:7b,V1,abstract,ML,ML,0.6,,False,2026-08-09T10:47:58
145,mistral:7b,V1,abstract,ML,ML,0.55,,False,2026-08-09T10:47:59
146,mistral:7b,V1,abstract,ML,ML,0.7,,False,2026-08-09T10:47:59
147,mistral:7b,V1,abstract,DL,DL,0.54,,False,2026-08-09T10:48:00
148,mistral:7b,V1,abstract,ML,ML,0.34,,False,2026-08-09T10:48:00
149,mistral:7b,V1,abstract,ML,ML,0.7,,False,2026-08-09T10:48:01
150,mistral:7b,V1,abstract,ML,ML,0.52,,False,2026-08-09T10:48:02
151,mistral:7b,V1,abstract,ML,ML,0.75,,False,2026-08-09T10:48:02
152,mistral:7b,V1,abstract,ML,ML,0.67,,False,2026-08-09T10:48:03
153,mistral:7b,V1,abstract,ML,ML,0.42,,False,2026-08-09T10:48:03
154,mistral:7b,V1,abstract,ML,ML,0.41,,False,2026-08-09T10:48:04
155,mistral:7b,V1,abstract,ML,ML,0.55,,False,2026-08-09T10:48:04
156,mistral:7b,V1,missing,NO_INPUT,,0.0,no abstract available,False,2026-08-09T10:48:04
157,mistral:7b,V1,abstract,ML,ML,0.55,,False,2026-08-09T10:48:05
158,mistral:7b,V1,abstract,ML,ML,0.67,,False,2026-08-09T10:48:06
159,mistral:7b,V1,abstract,ML,ML,0.53,,False,2026-08-09T10:48:06
160,mistral:7b,V1,abstract,DL,DL,0.53,,False,2026-08-09T10:48:07
161,mistral:7b,V1,abstract,DL,DL,0.42,,False,2026-08-09T10:48:07
162,mistral:7b,V1,abstract,DL,DL,0.54,,False,2026-08-09T10:48:08
163,mistral:7b,V1,abstract,ML,ML,0.51,,False,2026-08-09T10:48:08
164,mistral:7b,V1,abstract,DL,DL,0.44,,False,2026-08-09T10:48:09
165,mistral:7b,V1,abstract,ML,ML,0.54,,False,2026-08-09T10:48:09
166,mistral:7b,V1,abstract,ML,ML,0.78,,False,2026-08-09T10:48:10
167,mistral:7b,V1,abstract,ML,ML,0.54,,False,2026-08-09T10:48:10
168,mistral:7b,V1,abstract,ML,ML,0.66,,False,2026-08-09T10:48:11
169,mistral:7b,V1,abstract,ML,ML,0.53,,False,2026-08-09T10:48:12
170,mistral:7b,V1,abstract,ML,ML,0.53,,False,2026-08-09T10:48:12
171,mistral:7b,V1,abstract,ML,ML,0.71,,False,2026-08-09T10:48:13
172,mistral:7b,V1,abstract,ML,ML,0.74,,False,2026-08-09T10:48:14
173,mistral:7b,V1,abstract,ML,ML,0.63,,False,2026-08-09T10:48:14
174,mistral:7b,V1,abstract,ML,ML,1.24,,False,2026-08-09T10:48:16
175,mistral:7b,V1,abstract,DL,DL,0.44,,False,2026-08-09T10:48:16
176,mistral:7b,V1,abstract,ML,ML,0.48,,False,2026-08-09T10:48:16
177,mistral:7b,V1,abstract,ML,ML,0.75,,False,2026-08-09T10:48:17
178,mistral:7b,V1,abstract,ML,ML,0.63,,False,2026-08-09T10:48:18
179,mistral:7b,V1,abstract,DL,DL,0.53,,False,2026-08-09T10:48:18
180,mistral:7b,V1,abstract,DL,DL,0.73,,False,2026-08-09T10:48:19
181,mistral:7b,V1,abstract,DL,DL,0.57,,False,2026-08-09T10:48:20
182,mistral:7b,V1,abstract,ML,ML,0.4,,False,2026-08-09T10:48:20
183,mistral:7b,V1,abstract,ML,ML,0.21,,False,2026-08-09T10:48:20
184,mistral:7b,V1,abstract,ML,ML,0.35,,False,2026-08-09T10:48:21
185,mistral:7b,V1,abstract,ML,ML,0.62,,False,2026-08-09T10:48:21
186,mistral:7b,V1,abstract,DL,DL,0.65,,False,2026-08-09T10:48:22
187,mistral:7b,V1,abstract,Unclear,Unclear,0.94,,False,2026-08-09T10:48:23
188,mistral:7b,V1,abstract,DL,DL,0.48,,False,2026-08-09T10:48:23
189,mistral:7b,V1,abstract,ML,ML,0.71,,False,2026-08-09T10:48:24
190,mistral:7b,V1,abstract,ML,ML,0.69,,False,2026-08-09T10:48:25
191,mistral:7b,V1,abstract,DL,DL,1.08,,False,2026-08-09T10:48:26
192,mistral:7b,V1,abstract,DL,DL,0.6,,False,2026-08-09T10:48:26
193,mistral:7b,V1,abstract,DL,DL,0.52,,False,2026-08-09T10:48:27
194,mistral:7b,V1,abstract,DL,DL,0.6,,False,2026-08-09T10:48:28
195,mistral:7b,V1,abstract,ML,ML,0.75,,False,2026-08-09T10:48:28
196,mistral:7b,V1,abstract,DL,DL,0.79,,False,2026-08-09T10:48:29
197,mistral:7b,V1,abstract,ML,ML,0.77,,False,2026-08-09T10:48:30
198,mistral:7b,V1,abstract,ML,ML,0.71,,False,2026-08-09T10:48:31
199,mistral:7b,V1,abstract,ML,ML,0.51,,False,2026-08-09T10:48:31
200,mistral:7b,V1,abstract,ML,ML,0.5,,False,2026-08-09T10:48:32
201,mistral:7b,V1,missing,NO_INPUT,,0.0,no abstract available,False,2026-08-09T10:48:32
202,mistral:7b,V1,abstract,ML,ML,0.47,,False,2026-08-09T10:48:32
203,mistral:7b,V1,abstract,ML,ML,0.57,,False,2026-08-09T10:48:33
204,mistral:7b,V1,abstract,ML,ML,0.83,,False,2026-08-09T10:48:34
205,mistral:7b,V1,abstract,ML,ML,0.41,,False,2026-08-09T10:48:34
206,mistral:7b,V1,abstract,DL,DL,0.44,,False,2026-08-09T10:48:34
207,mistral:7b,V1,abstract,ML,ML,0.61,,False,2026-08-09T10:48:35
208,mistral:7b,V1,abstract,ML,ML,0.52,,False,2026-08-09T10:48:36
209,mistral:7b,V1,abstract,ML,ML,0.67,,False,2026-08-09T10:48:36
210,mistral:7b,V1,abstract,ML,ML,0.65,,False,2026-08-09T10:48:37
211,mistral:7b,V1,abstract,ML,ML,0.44,,False,2026-08-09T10:48:37
212,mistral:7b,V1,abstract,ML,ML,0.65,,False,2026-08-09T10:48:38
213,mistral:7b,V1,abstract,ML,ML,0.34,,False,2026-08-09T10:48:38
214,mistral:7b,V1,abstract,ML,ML,0.87,,False,2026-08-09T10:48:39
215,mistral:7b,V1,abstract,DL,DL,0.49,,False,2026-08-09T10:48:40
216,mistral:7b,V1,abstract,ML,ML,0.53,,False,2026-08-09T10:48:40
217,mistral:7b,V1,abstract,ML,ML,0.74,,False,2026-08-09T10:48:41
218,mistral:7b,V1,abstract,DL,DL,0.68,,False,2026-08-09T10:48:42
219,mistral:7b,V1,abstract,DL,DL,0.62,,False,2026-08-09T10:48:42
220,mistral:7b,V1,abstract,ML,ML,0.64,,False,2026-08-09T10:48:43
221,mistral:7b,V1,abstract,DL,DL (Deep Learning),0.71,,False,2026-08-09T10:48:44
222,mistral:7b,V1,abstract,ML,ML,0.76,,False,2026-08-09T10:48:44
223,mistral:7b,V1,abstract,ML,ML,0.81,,False,2026-08-09T10:48:45
224,mistral:7b,V1,abstract,ML,ML,0.63,,False,2026-08-09T10:48:46
225,mistral:7b,V1,abstract,DL,DL,0.48,,False,2026-08-09T10:48:46
226,mistral:7b,V1,abstract,ML,ML,0.44,,False,2026-08-09T10:48:47
227,mistral:7b,V1,abstract,ML,ML,0.49,,False,2026-08-09T10:48:47
228,mistral:7b,V1,abstract,ML,ML,0.61,,False,2026-08-09T10:48:48
229,mistral:7b,V1,abstract,DL,DL,0.62,,False,2026-08-09T10:48:49
230,mistral:7b,V1,abstract,ML,ML,0.76,,False,2026-08-09T10:48:49
231,mistral:7b,V1,abstract,DL,DL,0.52,,False,2026-08-09T10:48:50
232,mistral:7b,V1,abstract,ML,ML,0.38,,False,2026-08-09T10:48:50
233,mistral:7b,V1,abstract,ML,ML,0.53,,False,2026-08-09T10:48:51
234,mistral:7b,V1,abstract,ML,ML,0.46,,False,2026-08-09T10:48:51
235,mistral:7b,V1,abstract,ML,ML,0.6,,False,2026-08-09T10:48:52
236,mistral:7b,V1,abstract,DL,DL,0.49,,False,2026-08-09T10:48:52
237,mistral:7b,V1,abstract,ML,ML,0.56,,False,2026-08-09T10:48:53
238,mistral:7b,V1,abstract,ML,ML,0.41,,False,2026-08-09T10:48:53
239,mistral:7b,V1,abstract,ML,ML,0.49,,False,2026-08-09T10:48:54
240,mistral:7b,V1,abstract,ML,ML,0.88,,False,2026-08-09T10:48:55
241,mistral:7b,V1,abstract,ML,ML,0.48,,False,2026-08-09T10:48:55
242,mistral:7b,V1,abstract,AI,AI,0.41,,False,2026-08-09T10:48:56
243,mistral:7b,V1,abstract,DL,DL,0.88,,False,2026-08-09T10:48:56
244,mistral:7b,V1,abstract,ML,ML,0.9,,False,2026-08-09T10:48:57
245,mistral:7b,V1,abstract,ML,ML,0.53,,False,2026-08-09T10:48:58
246,mistral:7b,V1,abstract,ML,ML,0.73,,False,2026-08-09T10:48:59
247,mistral:7b,V1,abstract,AI,AI,0.59,,False,2026-08-09T10:48:59
248,mistral:7b,V1,abstract,ML,ML,0.41,,False,2026-08-09T10:49:00
249,mistral:7b,V1,abstract,ML,ML,0.73,,False,2026-08-09T10:49:00
250,mistral:7b,V1,abstract,DL,DL,0.9,,False,2026-08-09T10:49:01
251,mistral:7b,V1,abstract,ML,ML,0.55,,False,2026-08-09T10:49:02
252,mistral:7b,V1,abstract,ML,ML,0.57,,False,2026-08-09T10:49:02
253,mistral:7b,V1,abstract,ML,ML,0.5,,False,2026-08-09T10:49:03
254,mistral:7b,V1,abstract,ML,ML,0.8,,False,2026-08-09T10:49:04
255,mistral:7b,V1,abstract,ML,ML,0.75,,False,2026-08-09T10:49:04
256,mistral:7b,V1,abstract,DL,DL,0.5,,False,2026-08-09T10:49:05
257,mistral:7b,V1,abstract,ML,ML,0.6,,False,2026-08-09T10:49:05
258,mistral:7b,V1,abstract,ML,ML,0.55,,False,2026-08-09T10:49:06
259,mistral:7b,V1,abstract,ML,ML,0.44,,False,2026-08-09T10:49:06
260,mistral:7b,V1,abstract,ML,ML,0.52,,False,2026-08-09T10:49:07
261,mistral:7b,V1,abstract,ML,ML,0.8,,False,2026-08-09T10:49:08
262,mistral:7b,V1,abstract,DL,DL,0.66,,False,2026-08-09T10:49:08
263,mistral:7b,V1,abstract,ML,ML,0.23,,False,2026-08-09T10:49:09
264,mistral:7b,V1,abstract,ML,ML,0.6,,False,2026-08-09T10:49:09
265,mistral:7b,V1,abstract,ML,ML,0.42,,False,2026-08-09T10:49:10
266,mistral:7b,V1,abstract,ML,ML,0.65,,False,2026-08-09T10:49:10
267,mistral:7b,V1,abstract,DL,DL,0.62,,False,2026-08-09T10:49:11
268,mistral:7b,V1,abstract,ML,ML,0.69,,False,2026-08-09T10:49:12
269,mistral:7b,V1,abstract,ML,ML,0.64,,False,2026-08-09T10:49:12
270,mistral:7b,V1,abstract,ML,ML,0.88,,False,2026-08-09T10:49:13
271,mistral:7b,V1,abstract,ML,ML,0.6,,False,2026-08-09T10:49:14
272,mistral:7b,V1,abstract,ML,ML,0.57,,False,2026-08-09T10:49:14
273,mistral:7b,V1,abstract,DL,DL,0.63,,False,2026-08-09T10:49:15
274,mistral:7b,V1,abstract,ML,ML,0.63,,False,2026-08-09T10:49:16
275,mistral:7b,V1,abstract,DL,DL,0.84,,False,2026-08-09T10:49:16
276,mistral:7b,V1,abstract,ML,ML,0.58,,False,2026-08-09T10:49:17
277,mistral:7b,V1,abstract,ML,ML,0.47,,False,2026-08-09T10:49:18
278,mistral:7b,V1,abstract,ML,ML,0.61,,False,2026-08-09T10:49:18
279,mistral:7b,V1,abstract,ML,ML,0.68,,False,2026-08-09T10:49:19
280,mistral:7b,V1,abstract,DL,DL,0.38,,False,2026-08-09T10:49:19
281,mistral:7b,V1,abstract,DL,DL,0.67,,False,2026-08-09T10:49:20
282,mistral:7b,V1,abstract,ML,ML,0.56,,False,2026-08-09T10:49:20
283,mistral:7b,V1,abstract,ML,ML,0.41,,False,2026-08-09T10:49:21
284,mistral:7b,V1,abstract,DL,DL,0.49,,False,2026-08-09T10:49:21
285,mistral:7b,V1,abstract,ML,ML,0.41,,False,2026-08-09T10:49:22
286,mistral:7b,V1,abstract,ML,ML,0.72,,False,2026-08-09T10:49:22
287,mistral:7b,V1,abstract,DL,DL,0.72,,False,2026-08-09T10:49:23
288,mistral:7b,V1,abstract,ML,ML,0.38,,False,2026-08-09T10:49:24
289,mistral:7b,V1,abstract,ML,ML,0.27,,False,2026-08-09T10:49:24
290,mistral:7b,V1,abstract,ML,ML,0.44,,False,2026-08-09T10:49:24
291,mistral:7b,V1,abstract,ML,ML,0.45,,False,2026-08-09T10:49:25
292,mistral:7b,V1,abstract,ML,ML,0.39,,False,2026-08-09T10:49:25
293,mistral:7b,V1,abstract,DL,DL,0.34,,False,2026-08-09T10:49:25
294,mistral:7b,V1,abstract,ML,ML,0.43,,False,2026-08-09T10:49:26
295,mistral:7b,V1,abstract,AI,AI,0.67,,False,2026-08-09T10:49:27
296,mistral:7b,V1,abstract,ML,ML,0.42,,False,2026-08-09T10:49:27
297,mistral:7b,V1,abstract,ML,ML,0.37,,False,2026-08-09T10:49:27
298,mistral:7b,V1,abstract,ML,ML,0.32,,False,2026-08-09T10:49:28
299,mistral:7b,V1,abstract,ML,ML,0.31,,False,2026-08-09T10:49:28
0,mistral:7b,V2.1,abstract,DL,"REASONING: The paper focuses on studying scaling laws for language model performance using power-law relationships with model size, dataset size, and compute used for training. It also discusses the effects of architectural details like network width and depth, and determines the optimal allocation of a fixed compute budget. The primary contribution lies in determining these scaling laws and optimal allocation of resources, which can be attributed to deep learning techniques.

CATEGORY: DL",4.19,,False,2026-08-09T10:49:32
1,mistral:7b,V2.1,abstract,DL,"REASONING: The paper primarily focuses on comparing classical and quantum neural networks in terms of their response to data corruption, revealing differences between them. It also introduces a framework for quantum machine unlearning, which allows trained models to forget bad influences more efficiently than classical models.

CATEGORY: DL (Deep Learning)",2.94,,False,2026-08-09T10:49:35
2,mistral:7b,V2.1,abstract,DL,"REASONING: The paper describes the training of a deep convolutional neural network (CNN) for image classification, using techniques such as non-saturating neurons, efficient GPU implementation, dropout regularization, and entering the model in competitions like ImageNet LSVRC-2010 and ILSVRC-2012. The primary contribution of the paper is the development and training of this specific CNN architecture.

CATEGORY: DL",4.2,,False,2026-08-09T10:49:39
3,mistral:7b,V2.1,abstract,DL,"REASONING: The paper evaluates the performance of four AI chatbots in addressing questions related to adrenal incidentalomas. The primary contribution lies in comparing these chatbots based on accuracy, quality, hallucination tendency, and readability.

CATEGORY: DL (Deep Learning)

The chatbots used in the study are neural network-based models, which fall under the category of deep learning. Although the paper also involves machine learning (ML) concepts like Likert scale assessment and standard readability metrics, the primary contribution is based on comparing these specific neural network architectures, making it a deep learning study.",5.81,,False,2026-08-09T10:49:45
4,mistral:7b,V2.1,abstract,DL,"REASONING: The paper describes the use of a deep learning-based computer vision system for automatically recognizing key anatomical structures during laparoscopic donor nephrectomy surgery. The YOLO v11x DL network is adapted to train the model, and it uses a sophisticated loss function for optimization.

CATEGORY: DL",3.81,,False,2026-08-09T10:49:49
5,mistral:7b,V2.1,abstract,ML,"REASONING: The paper primarily focuses on using machine learning models for predicting fetal distress based on cardiotocography signals from a publicly available dataset. It compares multiple classification models and examines the impact of data partitioning strategies, input feature selection, and clinical parameters on the model's performance.

CATEGORY: ML",3.54,,False,2026-08-09T10:49:53
6,mistral:7b,V2.1,abstract,DL,"REASONING: The paper discusses the integration of digital technologies and AI into Forensic Odontology (FO), focusing on the use of deep neural networks, Machine Learning (ML), automated image analysis, and other AI techniques for improving human identification. The primary contribution of the paper lies in its review and evaluation of these AI applications in FO.

CATEGORY: DL (Deep Learning)",3.72,,False,2026-08-09T10:49:56
7,mistral:7b,V2.1,abstract,ML,"REASONING: The paper presents an incremental variant of the EM algorithm for maximum likelihood estimation, focusing on a function resembling negative free energy and its optimization with respect to model parameters and unobserved variables.

CATEGORY: ML",2.27,,False,2026-08-09T10:49:59
8,mistral:7b,V2.1,abstract,DL,"REASONING: The paper discusses a new view of intelligence that encompasses both biological and machine intelligence, with a focus on the developments in deep learning (DL) AI. The primary contribution of the paper lies in its expanded definition of intelligence, but the technical method described is DL AI.

CATEGORY: DL",3.05,,False,2026-08-09T10:50:02
9,mistral:7b,V2.1,abstract,ML,"REASONING: The paper describes the use of a hybrid Particle Swarm Optimization-Grey Wolf Optimization (PSO-GWO) algorithm for feature selection, an ensemble learning algorithm (CatBoost), and various explainable AI techniques (SHAP, LIME, Partial Dependence Plot (PDP), Individual Conditional Expectation (ICE)) for model interpretability. A nomogram was developed using logistic regression, and a web application was created using Python Dash. The primary contribution of the paper is the development of a high-accuracy prediction model using hybrid ML and XAI techniques.

CATEGORY: ML",6.22,,False,2026-08-09T10:50:08
10,mistral:7b,V2.1,abstract,DL,"REASONING: The paper describes a method that uses several prediction algorithms, including Neural Networks (ANN), K-Nearest Neighbors (KNN), and a Multiarmed Bandit algorithm with reinforcement learning capabilities. The primary contribution of the paper is the use of a decision tree to identify unique contexts based on energy and sensor data, which helps in selecting the most effective forecasting algorithm.

CATEGORY: DL (Deep Learning)",4.36,,False,2026-08-09T10:50:12
11,mistral:7b,V2.1,abstract,DL,"REASONING: The paper primarily focuses on using a convolutional neural network (CNN) for classifying cancer versus normal tissue and predicting drug response in high-grade serous ovarian cancer. Additionally, it uses machine learning algorithms like Lasso, AdaBoost, Naive Bayes, XGBoost, and Random Forest for feature selection and model building.

CATEGORY: DL (Deep Learning)",4.19,,False,2026-08-09T10:50:16
12,mistral:7b,V2.1,abstract,ML,"REASONING: The paper discusses the use of machine learning algorithms for predicting intraoperative hypotension, with specific mention of electrocardiography and blood pressure data. The primary contribution of the paper lies in evaluating the clinical performance of these machine learning algorithms.

CATEGORY: ML",3.33,,False,2026-08-09T10:50:20
13,mistral:7b,V2.1,abstract,ML,"REASONING: The paper discusses statistical learning methods such as forward stepwise regression, the lasso, and principal components analysis to address the challenge of assessing the strength of associations found in a large dataset. The primary contribution seems to be the application of these methods to the problem of selective inference.

CATEGORY: ML",3.22,,False,2026-08-09T10:50:23
14,mistral:7b,V2.1,abstract,ML,"REASONING: The paper discusses the application of machine learning, deep learning, and natural language processing in sustainable green finance. The primary contribution seems to be the use of these techniques for credit-risk modeling, portfolio optimization, ESG evaluation, detecting greenwashing, improving ESG ratings, personalized green investment strategies, and automated reporting.

CATEGORY: ML (Machine Learning)",3.57,,False,2026-08-09T10:50:27
15,mistral:7b,V2.1,abstract,DL,"REASONING: The paper utilizes deep learning models for analyzing intraoral photographs to detect oral cancer, with DenseNet-121, EfficientNet-B0, and ResNet-50 being the specific methods compared. The primary contribution of the paper lies in demonstrating the superior performance of DenseNet-121 in early detection of oral cancer compared to an experienced oral specialist.

CATEGORY: DL",4.05,,False,2026-08-09T10:50:31
16,mistral:7b,V2.1,abstract,ML,"REASONING: The paper utilizes a machine learning model (LightGBM) based on tree-learning algorithms for predicting contraceptive continuation among women in West Africa. SHAP analysis is employed for feature importance ranking.

CATEGORY: ML",2.82,,False,2026-08-09T10:50:33
17,mistral:7b,V2.1,abstract,ML,"REASONING: The paper discusses the application of various machine learning techniques (artificial neural networks, support vector machines, random forests, convolutional neural networks, and deep learning models) for improving matrix-effect prediction, signal interpretation, chromatographic performance, and workflow automation in LC–MS/MS applications. The primary contribution of the paper lies in evaluating the role of AI-integrated bioanalytical workflows in mitigating matrix effects and enhancing analytical performance.

CATEGORY: ML",5.18,,False,2026-08-09T10:50:39
18,mistral:7b,V2.1,abstract,DL,"REASONING: The paper discusses the use of artificial intelligence (AI), particularly deep learning and machine learning, for integrating multi-omics data in cancer diagnosis and treatment. It focuses on graph neural networks, transformers, explainable AI (XAI) for clinical decision support, and addresses challenges such as data harmonization, batch correction, missing data imputation, and computational scalability.

CATEGORY: DL (Deep Learning)",4.28,,False,2026-08-09T10:50:43
19,mistral:7b,V2.1,abstract,DL,"REASONING: The paper discusses the application of AI methods, specifically machine learning, deep learning, reinforcement learning, and generative models, to improve theranostic decisions in cancer treatment using nanoparticles.
CATEGORY: DL (Deep Learning)",2.78,,False,2026-08-09T10:50:46
20,mistral:7b,V2.1,abstract,ML,"REASONING: The paper presents a new technique called ""t-SNE"" for visualizing high-dimensional data in two or three dimensions, which is a variation of Stochastic Neighbor Embedding (SNE). It improves upon existing techniques by reducing the tendency to crowd points together and better reveals structure at multiple scales. The paper also discusses using random walks on neighborhood graphs for large data sets.

CATEGORY: ML",4.0,,False,2026-08-09T10:50:50
21,mistral:7b,V2.1,abstract,DL,"REASONING: The paper presents a novel method for detecting and mitigating ransomware cyber threats using a Two-Tier Metaheuristic Algorithm for Cyberattack Defense Analysis (TTMCDA) based on Explainable Artificial Intelligence (XAI) Bayesian Deep Learning (BDL). It uses Z-score normalization, ISCSO for feature selection, BNN for classification, WOA for hyperparameter optimization, and SHAP for explainability.

CATEGORY: DL (Deep Learning)",5.16,,False,2026-08-09T10:50:55
22,mistral:7b,V2.1,abstract,ML,"REASONING: The paper discusses the use of machine learning techniques for conducting regression analyses to explore value heterogeneity in cost-utility analyses of AI-empowered precision medicine.

CATEGORY: ML",2.52,,False,2026-08-09T10:50:57
23,mistral:7b,V2.1,abstract,DL,"REASONING: The paper describes the use of deep learning (3D nnU-Net) for ACL segmentation, extraction of radiomics features, and classification using SVM, RF, and SGD. The primary contribution seems to be the development of an AI system for ACL tear diagnosis using CT scans, with the deep learning segmentation model being a key component.

CATEGORY: DL",3.96,,False,2026-08-09T10:51:01
24,mistral:7b,V2.1,abstract,ML,"REASONING: The paper primarily focuses on implementing and comparing various machine learning models (Logistic Regression, K-Nearest Neighbors, Gaussian Naive Bayes, Support Vector Classifier, Decision Tree, Random Forest, AdaBoost, Gradient Boosting Classifier, CatBoost, LightGBM) for predicting food addiction among university students using a combination of demographic, anthropometric and personality data. The SHAP method is used for feature analysis and model interpretation.

CATEGORY: ML",5.3,,False,2026-08-09T10:51:07
25,mistral:7b,V2.1,abstract,DL,"REASONING: The paper presents a hybrid AI model that integrates multiple techniques, including particle swarm optimization (PSO), coati optimization (COO), gated recurrent unit (GRU), and adaptive neuro-fuzzy inference system (ANFIS). The primary contribution of the paper is the development of the PSO-COO-GRU-ANFIS model, which uses GRU for pattern extraction and ANFIS for prediction.

CATEGORY: DL (Deep Learning)",4.98,,False,2026-08-09T10:51:12
26,mistral:7b,V2.1,abstract,ML,"REASONING: The paper discusses the application of Explainable AI (XAI) methods in sports science to make machine learning models more transparent and interpretable. The primary contribution of the paper is a systematic review of how XAI techniques have been applied in sports science, with a focus on SHapley Additive Explanations being the most commonly used method.

CATEGORY: ML",3.86,,False,2026-08-09T10:51:15
27,mistral:7b,V2.1,abstract,ML,"REASONING: The paper describes the use of multiple machine learning models (extreme gradient boosting, multilayer perceptron, and logistic regression) to predict functional outcome after acute ischemic stroke. It also uses explainable artificial intelligence to identify key drivers of performance.

CATEGORY: ML",3.44,,False,2026-08-09T10:51:19
28,mistral:7b,V2.1,abstract,ML,"REASONING: The paper describes the use of several machine learning algorithms (SVM, GBR, ANN, CatBoost, XGBoost, and RF) to develop a mathematical predictive model for rainfall isotopic values. The primary contribution of the paper lies in the development and comparison of these machine learning models.

CATEGORY: ML",3.64,,False,2026-08-09T10:51:23
29,mistral:7b,V2.1,abstract,ML,"REASONING: The paper describes the application of machine learning algorithms, specifically random forest, gradient boosting, and extreme gradient boosting, to analyze data from 30 studies on traumatic brain injury (TBI). It also mentions the use of Shapley Additive Explanations analysis for model evaluation.

CATEGORY: ML",3.4,,False,2026-08-09T10:51:26
30,mistral:7b,V2.1,abstract,DL,"REASONING: The paper discusses the use of artificial intelligence (AI) in transforming phytochemical-based drug discovery, with specific mentions of machine learning and deep learning approaches for metabolite identification, virtual screening, target prediction, and toxicity assessment.
CATEGORY: DL (Deep Learning)",3.07,,False,2026-08-09T10:51:29
31,mistral:7b,V2.1,abstract,DL,"REASONING: The paper describes a novel ensemble of six hybrid models, including three machine learning (ML) and three deep learning (DL) models to forecast nocturnal Surface Urban Heat Island (SUHI) in Tehran through 2030. The primary objective is to provide a robust, actionable forecasting framework using advanced AI architectures that integrate spatial and temporal learning. The paper's primary contribution lies in the development and benchmarking of these hybrid models.

CATEGORY: DL",5.02,,False,2026-08-09T10:51:34
32,mistral:7b,V2.1,abstract,DL,"REASONING: The paper discusses the application of artificial intelligence (AI) and machine learning (ML) in the field of Non-small cell lung cancer (NSCLC), focusing on deep learning and ensemble methods for imaging, genomics, and multimodal integration.

CATEGORY: DL",3.11,,False,2026-08-09T10:51:37
33,mistral:7b,V2.1,abstract,DL,"REASONING: The paper discusses the role of AI and ML in drug repurposing for HBV, focusing on strategies such as supervised learning, deep neural networks, natural language processing, and reinforcement learning. It also mentions specific applications like hybrid knowledge graph models and graph neural networks.

CATEGORY: DL (Deep Learning)",3.45,,False,2026-08-09T10:51:41
34,mistral:7b,V2.1,abstract,DL,"REASONING: The paper primarily focuses on using deep learning techniques, specifically Convolutional Neural Networks (CNNs), for the analysis of kidney cancer. It also employs other DL methods like VGG16, MobileNetV1, and EfficientNetB5 for feature extraction, and an attention mechanism-based CNN-BiLSTM-AM classifier for kidney cancer detection.

CATEGORY: DL",4.45,,False,2026-08-09T10:51:45
35,mistral:7b,V2.1,abstract,ML,"REASONING: The paper employs supervised machine learning classifiers for detecting Adverse Drug Reactions (ADRs) from text data, primarily from social media and drug reviews. The study uses four specific models: LinearSVC, Complement Naive Bayes, XGBoost, and AdaBoost.

CATEGORY: ML",3.68,,False,2026-08-09T10:51:49
36,mistral:7b,V2.1,abstract,DL,"REASONING: The paper proposes an AI-based intrusion detection and secure communication technique for 6G IoT networks, employing min-max normalization, improved sparrow search algorithm (ISSA) for feature selection, long short-term memory (MIX_LSTM) model for classification, and rabbit optimization algorithm (ROA) for hyperparameter selection. The primary contribution lies in the integration of these techniques to enhance attack recognition in an assisted 6G-IoT network.

CATEGORY: DL",5.01,,False,2026-08-09T10:51:54
37,mistral:7b,V2.1,abstract,DL,"REASONING: The paper describes the use of two different methods for automating and standardizing interpretation of urodynamic studies: CNN-VGG16 deep learning and wavelet-based machine learning (ML). While both are neural network-based, the primary contribution lies in the development and evaluation of the wavelet-based ML approach that provides detailed contraction descriptors and improves accuracy.

CATEGORY: DL (Deep Learning)",4.35,,False,2026-08-09T10:51:58
38,mistral:7b,V2.1,abstract,DL,"REASONING: The paper describes the use of a sparse convolutional neural network (a deep learning method) to predict key amino acid mutations for enhancing the thermostability of microbial transglutaminase, and it experimentally validates these predictions. The primary contribution of the paper lies in the development and application of this specific deep learning model.

CATEGORY: DL",4.02,,False,2026-08-09T10:52:02
39,mistral:7b,V2.1,abstract,DL,"REASONING: The paper discusses the application of various artificial intelligence techniques, including Convolutional Neural Networks (CNN), Random Forest, Support Vector Machine (SVM), and Extreme Gradient Boosting, in the assessment, monitoring, and management of skin injuries. The primary contribution of the paper lies in the use of these AI methods for pressure injuries.

CATEGORY: DL",4.08,,False,2026-08-09T10:52:06
40,mistral:7b,V2.1,abstract,ML,"REASONING: This work presents a novel machine learning framework that integrates artificial neural networks (ANNs) with explainable artificial intelligence (XAI) for accurate and interpretable device modeling of WBG semiconductors, specifically 4 H-SiC MOSFETs. The ANN is trained on TCAD-generated datasets, and SHAP analysis is employed to quantify the influence of each design parameter on electrical characteristics.

CATEGORY: ML",4.43,,False,2026-08-09T10:52:11
41,mistral:7b,V2.1,abstract,ML,"REASONING: This paper uses machine learning algorithms (random forest, support vector regression, K-nearest neighbors) to develop predictive models for cotton fiber properties affecting yarn properties. The primary contribution lies in the application of Shapley additive explanations (SHAP), an explainable artificial intelligence (XAI) technique, to provide interpretability to the models’ predictions and study the contributions of fiber properties.

CATEGORY: ML",4.24,,False,2026-08-09T10:52:15
42,mistral:7b,V2.1,abstract,ML,"REASONING: The paper describes the development of machine learning models, specifically a Neural Network (MLP) model, for oral cancer diagnosis. The primary contribution lies in the creation and evaluation of these machine learning models.

CATEGORY: ML",2.89,,False,2026-08-09T10:52:18
43,mistral:7b,V2.1,abstract,DL,"REASONING: The paper discusses the use of artificial intelligence (AI) and machine learning (ML) techniques for predicting knee osteoarthritis progression. However, the primary focus is on deep learning, particularly convolutional neural networks (CNNs), which is the methodological shift highlighted in the text.

CATEGORY: DL",3.92,,False,2026-08-09T10:52:22
44,mistral:7b,V2.1,abstract,ML,"REASONING: The paper employs machine learning regression techniques, metaheuristic algorithms, SHAP and CAM sensitivity analyses to predict energy price index and renewable energy share. It also focuses on determining the variables that significantly affect model performance and predictive accuracy.

CATEGORY: ML",3.09,,False,2026-08-09T10:52:25
45,mistral:7b,V2.1,abstract,DL,"REASONING: The paper presents an artificial intelligence-based diagnostic approach that combines an improved Exponential Triangular Optimization algorithm (IETO) with a Convolutional Neural Network (CNN) model for computer numerical control (CNC) machine tool bearing fault diagnosis. The primary contribution lies in the development of a more efficient IETO algorithm and a joint hyperparameter optimization plan, which are then integrated with a CNN model to improve diagnostic accuracy.

CATEGORY: DL",4.5,,False,2026-08-09T10:52:29
46,mistral:7b,V2.1,abstract,ML,"REASONING: The paper describes the use of machine learning algorithms (ExtraTrees, XGBoost, LightGBM) to construct predictive models for early recurrence of hepatocellular carcinoma using clinical blood biomarkers, MRI features, and pathological data.

CATEGORY: ML",3.53,,False,2026-08-09T10:52:33
47,mistral:7b,V2.1,abstract,ML,"REASONING: The paper discusses the application of AI in education, specifically in discussion forums, through various methods such as intelligent tutoring systems, chatbots, automatic formative assessment, AI teaching assistants, and AI-assisted lifelong learning assistants. The primary contribution of the paper is the investigation and characterization of the effective integration of AI in discussion forums.

CATEGORY: ML (Machine Learning)",4.53,,False,2026-08-09T10:52:37
48,mistral:7b,V2.1,abstract,ML,"REASONING: The paper describes the development of a machine learning-assisted biosensing platform for prostate cancer screening, which utilizes iron-doped carbon quantum dots (Fe0.45-CDs) coupled with sarcosine oxidase (SOX). The Fe0.45-CDs are synthesized via a microwave-assisted strategy and possess unique structural and optical advantages that facilitate the construction of a dual-mode sensor integrating colorimetric and ratiometric fluorescent readouts. Machine learning algorithms, specifically k-nearest neighbors (KNN), are used to analyze RGB features extracted from smartphone-captured images for optimal prediction accuracy toward Sar concentration.

CATEGORY: ML",6.92,,False,2026-08-09T10:52:44
49,mistral:7b,V2.1,abstract,ML,"REASONING: The paper proposes a data-driven predictive model for estimating mean pulmonary artery pressure (mPAP) based on individual patient clinical diagnostic features, and it incorporates CMR-related features into the disease evaluation framework. This model is primarily a machine learning approach, as it learns from data to make predictions.

CATEGORY: ML",3.63,,False,2026-08-09T10:52:48
50,mistral:7b,V2.1,abstract,ML,"REASONING: The paper introduces a formal reduction between two machine learning algorithms, Elastic Net and Support Vector Machine (SVM), and presents a parallel solver for the Elastic Net that utilizes GPU and multi-core CPUs to improve speed.

CATEGORY: ML",2.77,,False,2026-08-09T10:52:51
51,mistral:7b,V2.1,abstract,DL,"REASONING: The paper focuses on the application of AI models, specifically machine learning (ML) and deep learning (DL), for predicting hematoma expansion in patients with intracerebral hemorrhage. The primary contribution lies in evaluating the performance of these AI models using metrics such as sensitivity, specificity, area under the curve (AUC), diagnostic odds ratio, and diagnostic receiver operating characteristic (DLR).

CATEGORY: DL",4.52,,False,2026-08-09T10:52:55
52,mistral:7b,V2.1,abstract,DL,"REASONING: The paper describes a machine learning model based on an artificial neural network as its primary method for predicting COVID-19 cases, deaths, and case fatality ratio.
CATEGORY: DL",2.5,,False,2026-08-09T10:52:58
53,mistral:7b,V2.1,abstract,DL,"REASONING: This study discusses the application of AI and ML, specifically Deep Learning (DL), Natural Language Processing, Radiomics, and multi-omics analysis in Oncology. The primary contribution of the paper lies in discussing the use of DL in medical image diagnosis and genomic data, radiomics for detailed tumor features, and multi-omics analysis for personalized medicine therapies.

CATEGORY: DL",4.17,,False,2026-08-09T10:53:02
54,mistral:7b,V2.1,abstract,DL,"REASONING: This work presents a large-scale, data-driven, concentric deep learning model for forecasting financial risks. The model uses historical financial policy and risk behavior data to identify the most important risk factors and optimize financial allocations. It also continues to improve its predictions by uncovering subtle and complex patterns that other models would miss.

CATEGORY: DL",3.67,,False,2026-08-09T10:53:06
55,mistral:7b,V2.1,abstract,DL,"REASONING: The paper discusses the use of artificial intelligence (AI) and machine learning (ML) in integrating multi-omics data for predicting disease outcomes in plasma cell disorders, with a focus on overcoming challenges for clinical adoption. The primary contribution lies in the application of AI and ML to improve risk stratification models.

CATEGORY: DL (Deep Learning) - Although the paper does not explicitly mention specific neural network architectures, it emphasizes the integration of AI which is a broader term that includes deep learning as well. Since the core method described is AI-based approaches, we classify this paper under the DL category due to its primary contribution being in this area.",6.12,,False,2026-08-09T10:53:12
56,mistral:7b,V2.1,abstract,ML,"REASONING: The paper proposes a method for Advanced Persistent Threat (APT) group attribution using a multi-level feature Dempster–Shafer joint (MLDSJ) approach. It extracts multi-level features such as attack patterns, textual information, and graph topology from Cyber Threat Intelligence (CTI) reports, classifies them separately using simple machine learning models, and integrates the results using Dempster–Shafer evidence theory.

CATEGORY: ML",4.84,,False,2026-08-09T10:53:17
57,mistral:7b,V2.1,abstract,ML,"REASONING: The paper discusses the application of Artificial Intelligence (AI) in the medical field, specifically focusing on supervised Machine Learning (ML) models for pneumonia discrimination and optimal therapeutic dosing determination. It also mentions ML-CDSS with potential for integration into clinical practice.

CATEGORY: ML",3.45,,False,2026-08-09T10:53:20
58,mistral:7b,V2.1,abstract,ML,"REASONING: The paper discusses the use of AI models for food formulation, recipe generation, ingredient selection, formulation optimization, and quality- and safety-driven product development. It also mentions the importance of key parameters like regulatory limits, physicochemical properties of ingredients, and food safety for AI-assisted food formulation. The paper evaluates AI applications as supportive tools for formulation and discusses the need for standardized food formulation datasets, explainable models, external validation, and integration with expert testing.

CATEGORY: ML (Machine Learning)",5.33,,False,2026-08-09T10:53:25
59,mistral:7b,V2.1,abstract,ML,"REASONING: The paper employs machine learning models for predicting concrete compressive strength, with a focus on using the Arithmetic Optimization Algorithm (AOA) optimization for better predictive performance. It also uses CatBoost as one of the ML models and utilizes Explainable Artificial Intelligence (XAI) results to connect model predictions with hydration chemistry and mix design principles.

CATEGORY: ML",4.27,,False,2026-08-09T10:53:30
60,mistral:7b,V2.1,abstract,DL,"REASONING: The paper introduces a new deep learning framework, QuantumNeuroXAI, that leverages quantum-inspired feature encoding and combines temporal convolutional and attention-based recurrent modeling for EEG analysis. It also includes an explainability module for interpretable decision rules. The primary contribution of the paper is the development of this new deep learning framework.

CATEGORY: DL",4.32,,False,2026-08-09T10:53:34
61,mistral:7b,V2.1,abstract,ML,"REASONING: The paper discusses the application of artificial intelligence (AI) in abdominal oncology, focusing on computer-aided detection (CAD) and diagnosis (CADx), radiomics, and machine learning techniques to predict molecular profiles for personalized therapy.

CATEGORY: ML",3.08,,False,2026-08-09T10:53:37
62,mistral:7b,V2.1,abstract,ML,"REASONING: The paper describes the use of six supervised machine-learning algorithms to predict postoperative hearing outcomes following tympanoplasty, with the Random Forest classifier achieving the highest predictive accuracy.
CATEGORY: ML",2.46,,False,2026-08-09T10:53:39
63,mistral:7b,V2.1,abstract,ML,"REASONING: The paper focuses on employing machine learning techniques for credit card fraud detection, specifically comparing the performance of four supervised learning algorithms (Logistic Regression, Random Forest, XGBoost, and LightGBM). It also uses the SHAP framework for feature importance and interpretability.

CATEGORY: ML",3.17,,False,2026-08-09T10:53:43
64,mistral:7b,V2.1,abstract,AI,"REASONING: The paper discusses the application of Artificial Intelligence (AI) and Machine Learning (ML) in sports medicine, outlining their current state, evaluating their clinical validation, and identifying key priorities for future advancements. However, it does not describe any specific technical methods or neural network architectures, instead focusing on the application and evaluation of AI/ML in a medical context.

CATEGORY: AI",3.96,,False,2026-08-09T10:53:47
65,mistral:7b,V2.1,abstract,ML,"REASONING: The paper discusses the use of three-dimensional NVU organoids, spatial transcriptomics with single-cell resolution, and artificial intelligence technology (machine learning and deep learning) for constructing accurate functional structural models in the study of Alzheimer's disease. However, the primary contribution of the paper seems to be the review of NVU dysfunction during Alzheimer's disease progression and the applications of spatial transcriptomics and organoid technology in NVU studies. The AI technologies are mentioned as enabling tools rather than the primary focus.

CATEGORY: ML (The paper's primary contribution is not about deep learning, but it does involve machine learning as an enabling technology)",6.37,,False,2026-08-09T10:53:53
66,mistral:7b,V2.1,abstract,DL,"REASONING: The paper describes the use of machine learning models, specifically deep neural networks, to predict functional independence after successful endovascular thrombectomy. The primary contribution lies in the development and comparison of these deep neural network models with other algorithms, and the identification of important SBP metrics using Shapley additive explanations (SHAP) analysis.

CATEGORY: DL",3.85,,False,2026-08-09T10:53:57
67,mistral:7b,V2.1,abstract,ML,"REASONING: The paper discusses various machine learning (ML) models, deep learning (DL) architectures, optimization algorithms, and hybrid algorithms for anemia detection. However, the primary contribution of the paper is comparing these techniques for diagnosing three types of anemia, which makes it a comparative study between ML, DL, and other techniques.

CATEGORY: ML (since the primary contribution involves comparison between multiple machine learning techniques)",4.3,,False,2026-08-09T10:54:01
68,mistral:7b,V2.1,abstract,DL,"REASONING: The paper proposes a novel explanation technique (LIME) for interpreting the predictions of any classifier, including neural networks and random forests. It also presents a method to optimize the presentation of individual predictions and their explanations.

CATEGORY: DL (Deep Learning)",2.98,,False,2026-08-09T10:54:04
69,mistral:7b,V2.1,abstract,DL,"REASONING: The paper presents a novel fall activity recognition system for disabled persons using a Temporal Convolutional Network (TCN) classifier, which is a deep learning technique. The system involves image pre-processing, feature extraction using NASNetMobile, DenseNet121, and MobileNetV3Large, and fine-tuning using Adamax.

CATEGORY: DL",3.86,,False,2026-08-09T10:54:08
70,mistral:7b,V2.1,abstract,ML,"REASONING: The paper discusses the use of artificial intelligence (AI) in personalizing virtual reality exposure therapy (VRET), with specific mentions of conversational AI, machine learning for outcome prediction, and methods to personalize cues and contexts. However, the primary contribution seems to be the systematic review mapping the applications of AI in VRET.

CATEGORY: ML (The paper primarily discusses machine learning techniques like machine learning for outcome prediction, although it also touches upon conversational AI which is a subset of DL, but the primary focus is on machine learning)",5.31,,False,2026-08-09T10:54:13
71,mistral:7b,V2.1,abstract,ML,"REASONING: The paper discusses the use of AI in healthcare, specifically in diabetes care, and presents priorities for various stakeholders to establish trust in this technology. It emphasizes the need for probabilistic outputs and clear standards for medical AI provenance and performance, and outlines six key attributes for a trustworthy medical AI system. The primary contribution lies in presenting practical methods to achieve these six attributes of trustworthy medical AI prioritizing diabetes.

CATEGORY: ML (Classical Machine Learning)",4.72,,False,2026-08-09T10:54:18
72,mistral:7b,V2.1,abstract,DL,"REASONING: The paper primarily focuses on the application of AI-based algorithms for dermoscopic image analysis, with Convolutional Neural Networks (CNNs) being the most common model type. It also discusses hybrid and ensemble models that incorporate other deep learning architectures like EfficientNet, DenseNet, and ResNet.

CATEGORY: DL",3.75,,False,2026-08-09T10:54:22
73,mistral:7b,V2.1,abstract,DL,"REASONING: The paper discusses the integration of Quantum Computing (QC) with Artificial Intelligence (AI), focusing on specific QC methodologies and applications in AI, such as quantum optimization, Quantum Machine Learning (QML), and post-quantum cryptography. The primary contribution lies in identifying these applications and proposing an integrative framework for future experimental validations and hybrid model development.

CATEGORY: DL/ML (Quantum Machine Learning - QML is a subset of machine learning)",4.98,,False,2026-08-09T10:54:27
74,mistral:7b,V2.1,abstract,DL,"REASONING: The paper proposes a new method called Refined Deep Evolutionary Learning Framework (R-DELF) that combines genomic, structural, and temporal intelligence for predicting proactive viral mutations and assessing vaccine suitability. It uses an ESM-2 Transformer, dual-attention Graph Neural Networks (GNNs), evolutionary learning maximiser, and an Explainable AI layer.

CATEGORY: DL",4.6,,False,2026-08-09T10:54:31
75,mistral:7b,V2.1,abstract,DL,"REASONING: The paper discusses the use and comparison of two strategies for hyper-parameter optimization - grid search and random search, with a focus on the efficiency of random search over grid search in configuring neural networks and deep belief networks. It also provides an analysis of the function from hyper-parameters to validation set performance using Gaussian process.

CATEGORY: DL (Deep Learning)",3.79,,False,2026-08-09T10:54:35
76,mistral:7b,V2.1,abstract,ML,"REASONING: The paper discusses the use of Machine Learning/Deep Learning (ML/DL) algorithms for preoperative grading of pancreatic neuroendocrine tumors, comparing their performance with conventional imaging methods. The primary contribution of the paper lies in evaluating the diagnostic performance of these ML/DL algorithms.

CATEGORY: ML",3.72,,False,2026-08-09T10:54:39
77,mistral:7b,V2.1,abstract,ML,"REASONING: This paper discusses the use of Variational Quantum Classifiers (VQCs), which are hybrid algorithms combining classical machine learning with quantum computing techniques for classification tasks. The primary focus is on testing the effectiveness of VQCs in modeling cross-sector nonlinear dependencies between energy-sector stocks and a pharmaceutical stock, as compared to standard classical classifiers.

CATEGORY: ML (Machine Learning)",4.05,,False,2026-08-09T10:54:43
78,mistral:7b,V2.1,abstract,ML,"REASONING: The paper employs machine learning techniques such as K-means clustering, KNN, SVM, ANN, SHAP, and LIME for analyzing fiscal openness in a global context. The primary contribution lies in the application of these methods to determine different regimes of governance and identify a ""governance gap"" in developing countries.

CATEGORY: ML",3.88,,False,2026-08-09T10:54:47
79,mistral:7b,V2.1,abstract,ML,"REASONING: The paper presents a novel AI-driven decision support system for stroke diagnosis using machine learning techniques, specifically a decision tree learning model, to integrate standard EHR variables with EV-features derived from blood samples.

CATEGORY: ML",2.61,,False,2026-08-09T10:54:49
80,mistral:7b,V2.1,abstract,DL,"REASONING: The paper proposes an extension to the encoder-decoder architecture for neural machine translation, aiming to improve performance by allowing the model to automatically search for relevant parts of a source sentence.
CATEGORY: DL (Deep Learning)",2.46,,False,2026-08-09T10:54:52
81,mistral:7b,V2.1,abstract,ML,"REASONING: The paper describes the comparison of 14 machine learning (ML) models for estimating patient-level EQ-5D-5L index scores using sociodemographic and Minimum European Health Module (MEHM) data from seven population surveys. The primary contribution lies in comparing various ML models and identifying AdaBoost as the best model for this specific task.

CATEGORY: ML",3.92,,False,2026-08-09T10:54:56
82,mistral:7b,V2.1,abstract,ML,"REASONING: The paper discusses a least squares version for support vector machine (SVM) classifiers, which involves solving a set of linear equations instead of quadratic programming used in classical SVMs.
CATEGORY: ML",2.23,,False,2026-08-09T10:54:58
83,mistral:7b,V2.1,abstract,ML,"REASONING: The paper describes an AI-driven platform (BizAssistBot) that uses natural language processing, machine learning, and data analytics for generating immersive learning experiences via real-world business simulations. The primary contribution of the paper is the creation and application of BizAssistBot in educational settings.

CATEGORY: ML",3.38,,False,2026-08-09T10:55:01
84,mistral:7b,V2.1,abstract,ML,"REASONING: The paper describes the use of the finite element method (FEM) for stress analysis of different materials for rib cage reconstruction, and it trains machine learning and deep learning regression models to predict mechanical responses. The primary contribution lies in developing AI models capable of predicting stresses, strains, and deformations using FEM data.

CATEGORY: ML",3.81,,False,2026-08-09T10:55:05
85,mistral:7b,V2.1,abstract,ML,"REASONING: The paper introduces a functional pruning approach that uses geometric deep learning and XAI tools to identify discriminative sub-networks in fMRI data for distinguishing healthy from affected individuals. The primary contribution lies in the use of machine-learned sub-systemic co-activation patterns, which are based on collective, rather than individual, co-activation patterns.

CATEGORY: ML",3.97,,False,2026-08-09T10:55:09
86,mistral:7b,V2.1,abstract,ML,"REASONING: The paper discusses the application of various AI techniques, including machine learning, deep learning, and radiomics, for prostate cancer diagnosis and treatment assessment across different imaging modalities. The primary contribution seems to be the use of AI models that achieve high accuracy in diagnosing prostate cancer.

CATEGORY: ML",3.07,,False,2026-08-09T10:55:12
87,mistral:7b,V2.1,abstract,ML,"REASONING: The paper describes a two-stage machine learning pipeline for heart failure screening using logistic regression (Stage 1) and XGBoost classifier (Stage 2) on ECG data from a Middle Eastern cohort.

CATEGORY: ML",3.13,,False,2026-08-09T10:55:15
88,mistral:7b,V2.1,abstract,DL,"REASONING: The paper describes the use of a multilayer perceptron (a type of neural network) for predicting surgical dosages in strabismus surgery, and employs explainable AI techniques to determine feature importance. The primary contribution lies in developing a neural network model for this specific medical application.

CATEGORY: DL",3.64,,False,2026-08-09T10:55:19
89,mistral:7b,V2.1,abstract,ML,"REASONING: The paper presents a machine learning (ML)-based petrophysical inversion method that integrates rock physics modeling, seismic modeling, and seismic inversion techniques for reservoir characterization and seismic modeling. The primary contribution lies in the development of this ML-based methodology and its integration into a unified multiscale workflow.

CATEGORY: ML",4.13,,False,2026-08-09T10:55:23
90,mistral:7b,V2.1,abstract,ML,"REASONING: This paper discusses the application of Green AI in finance, focusing on reducing energy consumption and carbon emissions of AI models. It presents a systematic literature review and proposes a new approach for implementing Green AI models in financial applications. The primary contribution lies in the proposed theoretical framework that integrates Green AI principles with energy-monitoring tools to guide sustainable AI adoption in finance.

CATEGORY: ML (Machine Learning)",4.1,,False,2026-08-09T10:55:27
91,mistral:7b,V2.1,abstract,DL,"REASONING: The paper describes the development of an AI framework for automatic Coeliac disease detection from standard duodenal endoscopy images, using deep learning techniques (ConvNeXt-Tiny, ResNet-18, etc.) and classical machine learning classifiers (RBF SVM). The primary contribution lies in the hybrid framework combining frozen deep feature extraction, latent-space MixUp augmentation, and classical machine learning classifiers.

CATEGORY: DL (Deep Learning)",5.0,,False,2026-08-09T10:55:32
92,mistral:7b,V2.1,abstract,ML,"REASONING: The paper presents a curated dataset of numerical signature descriptors derived from fragment images of beetles, processed with standardized image acquisition and segmentation techniques, and four statistical descriptors are extracted to support AI and ML workflows for automated classification. The primary contribution of the paper lies in the creation of this dataset and its intended use in entomological AI research and machine learning-driven insect fragment identification workflows.

CATEGORY: ML",4.43,,False,2026-08-09T10:55:37
93,mistral:7b,V2.1,abstract,ML,"REASONING: The paper describes a multimodal AI model that combines clinical data and POCUS images for sarcopenia diagnosis. It uses various Machine Learning (ML) and Deep Learning (DL) algorithms, with the final model being implemented as part of the Sarcopenia Artificial Intelligence Diagnostic Decision Support System (SAID DSS). The paper's primary contribution lies in developing an accurate AI-based multimodal model for sarcopenia detection.

CATEGORY: ML (Classical machine learning) and DL (Deep Learning)",5.69,,False,2026-08-09T10:55:42
94,mistral:7b,V2.1,abstract,ML,"REASONING: This paper presents a new framework, Trust-Aware Explainable Artificial Intelligence (TAXAI), which aims to improve the transparency, trust, and accountability of AI in clinical decision support systems. The framework combines algorithmic transparency, interpretability alignment, compliance, and reliability to evaluate the fidelity, consistency, fairness, robustness, and reproducibility of explanations. It uses a mathematically robust Trust Index for trust evaluation across different models and datasets. The paper demonstrates the framework's effectiveness using machine-learning and deep-learning models coupled with established XAI methods.

CATEGORY: ML (Machine Learning)",6.27,,False,2026-08-09T10:55:49
95,mistral:7b,V2.1,abstract,AI,"REASONING: The paper discusses various AI applications in child and adolescent psychiatry, including AI scribes, multimodal diagnostic tools, AI-assisted therapeutics, AI-enabled video and eye-tracking approaches for autism diagnosis, chatbots, and robot companions. However, the primary contribution of the paper is a review of the ethical concerns and limitations of these AI applications in this field.

CATEGORY: AI (general artificial intelligence approaches)",4.55,,False,2026-08-09T10:55:53
96,mistral:7b,V2.1,abstract,ML,"REASONING: The paper focuses on developing a machine learning model to predict the success of camouflage orthodontic treatment, using four specific machine learning algorithms (Random Forest, CART, Neural Network, and XGBoost) for training and evaluation. Among these, XGBoost exhibited the best performance. The paper's primary contribution lies in the development and application of these ML algorithms to aid orthodontic treatment planning.

CATEGORY: ML",4.56,,False,2026-08-09T10:55:58
97,mistral:7b,V2.1,abstract,ML,"REASONING: The paper primarily focuses on the application of Machine Learning (ML) algorithms for predicting remission in Cushing’s disease, with specific performance metrics provided such as sensitivity, specificity, diagnostic odds ratio, and area under the curve.

CATEGORY: ML",3.06,,False,2026-08-09T10:56:01
98,mistral:7b,V2.1,abstract,DL,"REASONING: The paper discusses the application of artificial intelligence (AI) in various aspects of echocardiography, with a focus on machine learning and deep learning techniques being used to improve efficiency, reproducibility, and accuracy of the imaging pipeline. The primary contribution of the paper seems to be the exploration of AI integration in image acquisition, optimization, automated view classification, structure segmentation, diagnosis, and clinical decision support systems.

CATEGORY: DL (Deep Learning)",4.58,,False,2026-08-09T10:56:05
99,mistral:7b,V2.1,abstract,ML,"REASONING: This paper reviews recent advancements in IoT, ML, and AI technologies applied to early detection of cattle diseases. The primary contribution lies in the review of AI-based techniques for disease detection, classification, prediction, and monitoring using various data types.

CATEGORY: ML",3.05,,False,2026-08-09T10:56:09
100,mistral:7b,V2.1,abstract,DL,"REASONING: The paper discusses the integration of 2D materials into neuromorphic systems, highlighting applications in various fields such as wearable electronics, brain–machine interfaces, and quantum neuromorphic platforms. The primary contribution lies in the exploration of 2D materials for energy-efficient AI through neuromorphic computing.

CATEGORY: DL (Deep Learning) is not directly mentioned or used as the primary method in this paper. Instead, it focuses on the integration of 2D materials into neuromorphic systems, which can be considered a subset of machine learning (ML). However, since the core method is neuromorphic computing inspired by biological neural networks, we classify this paper under DL due to its focus on neural network architectures.",6.68,,False,2026-08-09T10:56:15
101,mistral:7b,V2.1,abstract,ML,"REASONING: This paper evaluates dental residents' knowledge and perception about AI's application in dentistry, using a questionnaire to gather data on participants' understanding of AI, its uses in dentistry, and their opinions on AI's diagnostic abilities compared to humans. The primary contribution of the paper is the evaluation of dental residents' knowledge and perception regarding AI in dentistry.

CATEGORY: ML (since the paper primarily focuses on evaluating human understanding and perception about AI, which falls under machine learning rather than deep learning or AI in general)",5.36,,False,2026-08-09T10:56:21
102,mistral:7b,V2.1,abstract,ML,"REASONING: The paper proposes a novel framework that integrates advanced machine learning (ML), deep learning (DL), and explainable AI (XAI) techniques to predict cardiovascular disease outcomes using the Framingham Heart Study dataset. It primarily focuses on comparing multiple ML and DL models, with the SVM model demonstrating superior performance for early cardiovascular risk stratification. The paper also employs XAI methods like SHAP values and LIME to render outputs interpretable.

CATEGORY: ML (Classical Machine Learning)",5.44,,False,2026-08-09T10:56:26
103,mistral:7b,V2.1,abstract,ML,"REASONING: The paper discusses various AI-based strategies for preserving privacy in IoV, including Federated Learning (FL), Differential Privacy (DP), Homomorphic Encryption (HE), Blockchain-enhanced AI, Adversarial Machine Learning (AML), and anomaly detection. It employs a Systematic Literature Review (SLR) to classify these methodologies into a six-domain taxonomy. The primary contribution of the paper is the development of this taxonomy for evaluating privacy-preserving strategies in IoV.

CATEGORY: ML (since the paper discusses various machine learning techniques like Federated Learning, Differential Privacy, and Adversarial Machine Learning)",6.94,,False,2026-08-09T10:56:33
104,mistral:7b,V2.1,abstract,ML,"REASONING: The paper discusses the application of Artificial Intelligence (AI) in Acute Respiratory Distress Syndrome (ARDS) management, with a focus on Machine Learning (ML) models for early risk prediction, diagnosis, phenotyping, and outcome prediction.
CATEGORY: ML",3.34,,False,2026-08-09T10:56:36
105,mistral:7b,V2.1,abstract,ML,"REASONING: The paper discusses various methods for model selection, specifically focusing on the Akaike Information Criterion (AIC), Bayesian methods, and other related techniques like BIC and likelihood ratio tests. It also mentions the application of these methods to a specific dataset. The primary contribution of the paper seems to be the comparison and application of these model selection methods in phylogenetics.

CATEGORY: ML (Classical Machine Learning)",4.32,,False,2026-08-09T10:56:41
106,mistral:7b,V2.1,abstract,DL,"REASONING: This study presents a framework for detecting AI-generated artwork using deep learning-based transformer models, specifically DINO v2. The primary contribution lies in the development and application of this advanced detection mechanism.

CATEGORY: DL",2.79,,False,2026-08-09T10:56:43
107,mistral:7b,V2.1,abstract,ML,"REASONING: The paper proposes a novel component, the quantitative argumentation layer, for tabular data to mine concepts and represent domain knowledge through human-understandable argumentation rules. It also provides a dialogical explanation containing dominated reasoning paths within the proposed interpretable model.

CATEGORY: ML (Classical Machine Learning)",3.29,,False,2026-08-09T10:56:47
108,mistral:7b,V2.1,abstract,ML,"REASONING: The paper discusses the application of AI in pathology practice, outlines the main categories and concepts of AI, describes the basic workflow of model development, and highlights its utilization in head and neck pathology. The primary contribution of the paper is providing a guide for pathologists on the fundamentals and applications of AI in their field.

CATEGORY: ML (Machine Learning)",3.71,,False,2026-08-09T10:56:50
109,mistral:7b,V2.1,abstract,DL,"REASONING: The paper proposes an optimized hybrid deep learning framework that integrates Convolutional Neural Networks (CNN) and Recurrent Neural Networks (RNN), enhanced by Genetic Algorithm (GA)-based hyperparameter optimization for energy production prediction in renewable energy systems. It also compares the performance of this model with several baseline regression models.

CATEGORY: DL",4.13,,False,2026-08-09T10:56:55
110,mistral:7b,V2.1,abstract,ML,"REASONING: The paper describes an open-source Python framework for managing, visualizing, aligning, and annotating medical time series data in critical care using artificial intelligence. It provides preconfigured workflows and interactive components for efficient use, integrates with Jupyter Notebooks, and is demonstrated across three use cases. The primary contribution of the paper seems to be the development of the Vitabel framework.

CATEGORY: ML (Machine Learning)",4.31,,True,2026-08-09T10:56:59
111,mistral:7b,V2.1,abstract,ML,"REASONING: The paper discusses various AI-based approaches for improving medication adherence in patients with cardiovascular diseases. The primary contribution of the paper is the analysis of these AI-based methods, which include natural language processing, reinforcement learning, and machine learning algorithms such as neural networks, random forests, support vector machines, and decision tree models.

CATEGORY: ML",3.93,,False,2026-08-09T10:57:03
112,mistral:7b,V2.1,abstract,DL,"REASONING: The paper describes a two-stage artificial intelligence framework that integrates multimodal MRI data and clinical indicators for the noninvasive assessment of renal fibrosis in patients with chronic kidney disease. The primary contribution lies in developing a deep learning model (MobileNetV2-SE) based on native T1 mapping, ADC, and T2* mapping, which is compared with other classical machine learning models like XGBoost and ExtraTree.

CATEGORY: DL",5.05,,False,2026-08-09T10:57:08
113,mistral:7b,V2.1,abstract,DL,"REASONING: The paper discusses the training of deep neural networks using gradient descent and explores the influence of non-linear activation functions, particularly the logistic sigmoid activation. It also proposes a new initialization scheme for faster convergence. The primary contribution of the paper seems to be the proposed initialization scheme.

CATEGORY: DL",3.29,,False,2026-08-09T10:57:11
114,mistral:7b,V2.1,abstract,DL,"REASONING: The paper describes the use of ultrasound as a portable, low-cost tool for measuring body composition in infants, and it mentions the development of AI models using machine learning techniques (specifically convolutional neural networks) to predict body composition from ultrasound images. The primary contribution of the paper is the development and evaluation of these AI models.

CATEGORY: DL",4.02,,False,2026-08-09T10:57:15
115,mistral:7b,V2.1,abstract,,"REASONING: This abstract does not describe any technical methods related to AI, ML, or DL. It is merely correcting a typographical error in an author's name from a previous publication.
CATEGORY: None",2.22,,False,2026-08-09T10:57:17
116,mistral:7b,V2.1,abstract,DL,"REASONING: The paper primarily focuses on comparing traditional machine learning algorithms with transformer-based architectures for Arabic sentiment analysis, using a novel dataset developed through an active annotation strategy that combines human expertise and AI-assisted labelling. Transformer-based models such as AraBERTv2, CAMeL Lab BERT, and XLM-RoBERTa are found to outperform other models.

CATEGORY: DL",4.28,,False,2026-08-09T10:57:22
117,mistral:7b,V2.1,abstract,DL,"REASONING: The paper describes an integrated workflow that utilizes robot-automated experimentation, machine learning predictions, and finite element simulations to design stretchable electrodes with strain-insensitive performance. The primary contribution of the paper lies in the development of an ensemble of artificial neural networks for predicting the properties of stretchable electrodes.

CATEGORY: DL",3.53,,False,2026-08-09T10:57:25
118,mistral:7b,V2.1,abstract,ML,"REASONING: This paper discusses the use of synthetic data generation methods, primarily focusing on statistical, probabilistic, and Machine Learning (ML) based tabular data generation techniques. The primary contribution of the paper is the exploration and analysis of these methods for improving the quality and diversity of datasets, particularly in the medical field where privacy regulations limit access to large datasets.

CATEGORY: ML",3.72,,False,2026-08-09T10:57:29
119,mistral:7b,V2.1,abstract,DL,"REASONING: The paper presents a multimodal AI system (DMDNet) that uses a convolutional neural network (CNN) for feature extraction and employs four advanced classification strategies, including transformer-based, adversarial, self-supervised, and feature-selection approaches. The primary contribution of the paper is the development of DMDNet, which makes it a deep learning (DL) approach.

CATEGORY: DL",4.56,,False,2026-08-09T10:57:34
120,mistral:7b,V2.1,abstract,ML,"REASONING: The paper proposes a two-layered framework for surgical time prediction using machine learning models, interpretable AI methods, and neural networks. The primary contribution lies in the use of Histogram Gradient Boosting Regression (HGBR), which outperforms other methods on both datasets.

CATEGORY: ML",3.45,,False,2026-08-09T10:57:37
121,mistral:7b,V2.1,abstract,DL,"REASONING: The paper discusses the use of machine learning (specifically GANs and Auto-encoders) for AI-assisted spectral generation in Raman spectroscopy, a biomedical tool. The primary contribution of the paper is the exploration and evaluation of these AI-assisted spectral generation techniques.

CATEGORY: DL",3.44,,False,2026-08-09T10:57:40
122,mistral:7b,V2.1,abstract,DL,"REASONING: The paper describes the use of various machine learning and deep learning models for sentiment analysis of ChatGPT-related educational discourse on Twitter. The primary contribution lies in comparing the performance of transformer-based models (DistilBERT), deep learning models (LSTM, Bi-LSTM), and classical machine learning (Naive Bayes with TF-IDF vectorization) on this specific task.

CATEGORY: DL (Deep Learning)",4.56,,True,2026-08-09T10:57:45
123,mistral:7b,V2.1,abstract,DL,"REASONING: The paper proposes an AI-based decision support approach using a multilayer perceptron (MLP) for the development of upper limb exoskeletons, and presents new models for classifying hand dysfunctions, exoskeleton design, and estimating manufacturing costs. The primary contribution lies in the use of MLP for improving production quality and accelerating exoskeleton design and production.
CATEGORY: DL",4.19,,False,2026-08-09T10:57:49
124,mistral:7b,V2.1,abstract,DL,"REASONING: The paper introduces a new language representation model called BERT, which is based on transformers and pre-trained from unlabeled text. It can be fine-tuned for various tasks like question answering and language inference without substantial modifications.

CATEGORY: DL (Deep Learning)",2.96,,False,2026-08-09T10:57:52
125,mistral:7b,V2.1,abstract,DL,"REASONING: The paper introduces a novel AI framework for fault detection and diagnosis (FDD) in photovoltaic systems that combines Convolutional Neural Networks (CNNs) with time–frequency analysis via the Wigner-Ville Distribution (WVD). The primary contribution of the paper is the development and implementation of this CNN-WVD model for PV FDD.

CATEGORY: DL",4.53,,False,2026-08-09T10:57:57
126,mistral:7b,V2.1,abstract,DL,"REASONING: The paper discusses the use of AI and ML, particularly deep learning and convolutional neural networks (CNNs), for early detection, diagnosis, and prediction of Alzheimer's disease using multimodal data integration from neuroimaging, genetics, and clinical records. The primary contribution seems to be the application of these advanced machine learning techniques for AD risk assessment and prediction.

CATEGORY: DL",4.24,,False,2026-08-09T10:58:01
127,mistral:7b,V2.1,abstract,ML,"REASONING: This paper describes the use of multiple machine learning algorithms (Random Forest, Support Vector Machine, Decision Tree, Naive Bayes, CatBoost) for predicting Iron-deficiency anaemia using hematological parameters. The primary contribution of the paper is the development and comparison of these ML models.

CATEGORY: ML",3.91,,False,2026-08-09T10:58:05
128,mistral:7b,V2.1,abstract,ML,"REASONING: The paper discusses the application of artificial intelligence (AI) in precision immunotherapy, focusing on biomarker discovery, prediction of immune checkpoint inhibitor response and toxicity, CAR-T cell optimization, therapeutic antibody engineering, patient stratification, non-invasive response assessment, earlier diagnosis, molecular subtyping, treatment-response prediction, real-time disease activity tracking, and the use of explainable AI, federated learning, and digital twin frameworks. The primary contribution of the paper is in the application of AI to immunotherapy across oncology and autoimmune medicine.

CATEGORY: ML (Machine Learning)",6.14,,False,2026-08-09T10:58:11
129,mistral:7b,V2.1,abstract,ML,"REASONING: The paper proposes a machine learning framework for proactive detection of Android ransomware using network traffic metadata, integrating advanced classifiers like Light Gradient Boosting Machine, eXtreme Gradient Boosting Machine, and Random Forest. It also employs explainable AI methods for interpretability and uses an incremental LightGBM model for online learning to adapt to evolving threat patterns in real-time.

CATEGORY: ML",4.59,,False,2026-08-09T10:58:16
130,mistral:7b,V2.1,abstract,ML,"REASONING: The paper discusses the use of AI, deep learning, robotic microscopy, and other digital technologies for parasitology diagnostics, with a focus on their ability to improve diagnostic equity in regions affected by parasitic diseases. The primary contribution of the paper seems to be the evaluation of these emerging technologies and their potential impact on parasitology diagnostics.

CATEGORY: ML (Machine Learning)",3.94,,False,2026-08-09T10:58:20
131,mistral:7b,V2.1,abstract,DL,"REASONING: This study develops three hybrid predictive models using artificial neural networks (ANN) optimized with genetic algorithm (GA), particle swarm optimization (PSO), and the Levenberg–Marquardt (LM) algorithm for predicting crack healing percentage in self-healing concrete. The primary contribution of the paper is the development of these hybrid models.

CATEGORY: DL (Deep Learning)",3.89,,False,2026-08-09T10:58:23
132,mistral:7b,V2.1,abstract,ML,"REASONING: The paper describes the use of machine learning methods (Naive Bayes, decision tree, random forest, and support vector machines) for predicting undergraduate dental students' performance grades based on extracted features from their cavity preparation tasks. The primary contribution of the paper lies in the application of these machine learning models to predict faculty-assigned grades.

CATEGORY: ML",3.86,,False,2026-08-09T10:58:27
133,mistral:7b,V2.1,abstract,DL,"REASONING: The paper discusses the application of AI in enhancing PPE training, with a focus on computer vision and machine learning techniques for real-time feedback, virtual simulation, and compliance monitoring. The primary contribution lies in the use of these AI technologies for improving PPE donning and doffing accuracy.

CATEGORY: DL (Deep Learning)",3.75,,False,2026-08-09T10:58:31
134,mistral:7b,V2.1,abstract,ML,"REASONING: The paper primarily focuses on the application of machine learning (ML) and deep learning (DL) in orthopedics, with a specific emphasis on structured perioperative risk prediction, standardized musculoskeletal imaging, and workflow and decision support using large language models. However, the primary contribution seems to be in the use of ML for structured perioperative risk prediction and DL for standardized musculoskeletal imaging.

CATEGORY: ML (for the primary focus on machine learning techniques)",5.02,,False,2026-08-09T10:58:36
135,mistral:7b,V2.1,abstract,ML,"REASONING: The paper uses machine learning techniques (LASSO regression, SHAP analysis, XGBoost, LightGBM, CatBoost) to identify psychological predictors of intention to use antimicrobials appropriately among clinicians. The primary contribution of the paper is the integration of behavioral theory with explainable AI to address a global health issue, antimicrobial resistance.

CATEGORY: ML",4.22,,False,2026-08-09T10:58:40
136,mistral:7b,V2.1,abstract,ML,"REASONING: The paper discusses the application of artificial intelligence (AI) in optimizing the design of nanobiological materials for stem cell therapy, targeted delivery, differentiation, drug release, post-transplant tracking, and prognosis management. The primary contribution of the paper lies in proposing a closed-loop system that integrates AI-driven design and real-time monitoring for personalized medicine for neurodegenerative diseases.

CATEGORY: ML (Machine Learning)",4.64,,False,2026-08-09T10:58:45
137,mistral:7b,V2.1,abstract,ML,"REASONING: The paper employs machine learning models (XGBoost and LightGBM) to predict three-year survival after diagnosis for different cancer types using a combined dataset of oral cavity, esophageal, and stomach cancers.
CATEGORY: ML",2.82,,False,2026-08-09T10:58:48
138,mistral:7b,V2.1,abstract,ML,"REASONING: The paper primarily focuses on deploying multiple machine learning algorithms for predictive maintenance in infrastructure management, with XGBoost being the most accurate model among them.

CATEGORY: ML",2.28,,False,2026-08-09T10:58:50
139,mistral:7b,V2.1,missing,NO_INPUT,,0.0,no abstract available,False,2026-08-09T10:58:50
140,mistral:7b,V2.1,abstract,DL,"REASONING: This work focuses on the application of large language models (LLMs) to automate data analysis in the field of medical device regulatory science, specifically for extracting attributes from complex, unstructured regulatory documents. The primary contribution lies in demonstrating the effectiveness of LLMs in achieving high accuracy rates for this specific task.

CATEGORY: DL (Deep Learning) - The work utilizes large language models, which are a type of deep learning model, as the core method for automating data analysis.",4.79,,False,2026-08-09T10:58:55
141,mistral:7b,V2.1,abstract,ML,"REASONING: The paper discusses the application of Automated Machine Learning (AutoML) in oral healthcare, which is a method used to automate key stages of model development in AI. It also mentions the use of various data modalities such as radiographic images, clinical records, and omics data, and neural network-based methods are implied through the use of AutoML.

CATEGORY: ML",3.99,,False,2026-08-09T10:58:59
142,mistral:7b,V2.1,abstract,ML,"REASONING: The paper presents a machine learning-based framework for predicting residual flexural strength (RFS) of FR-UHPC after exposure to elevated temperatures. It benchmarks nine state-of-the-art algorithms, including the novel hybrid AegisFusion architecture, which is a dual-track neural/tree fusion with MetaSwarm tuning and Bayesian calibration. The primary contribution lies in the development and validation of this new machine learning model, AegisFusion.

CATEGORY: ML",5.06,,False,2026-08-09T10:59:04
143,mistral:7b,V2.1,abstract,DL,"REASONING: The paper describes a technique called Dropout for addressing overfitting in deep neural networks, which is a specific type of regularization method. The primary contribution of the paper is introducing Dropout and demonstrating its effectiveness across various supervised learning tasks.

CATEGORY: DL",2.85,,False,2026-08-09T10:59:07
144,mistral:7b,V2.1,abstract,DL,"REASONING: This paper proposes a hybrid framework that integrates federated learning with ensemble-based machine learning models and explainable AI techniques for sepsis mortality prediction. The primary contribution lies in the development of this hybrid framework, which employs various ML models (Random Forest, LightGBM, XGBoost, K-Nearest Neighbors, and Logistic Regression) and uses explainability methods (SHAP, LIME, PDP) to enhance model interpretability.

CATEGORY: DL (Deep Learning) - Although the paper does not explicitly focus on neural network architectures like CNNs, RNNs, or transformers, it primarily contributes to the development of an ensemble-based machine learning model, which is a subset of deep learning.",6.99,,False,2026-08-09T10:59:14
145,mistral:7b,V2.1,abstract,ML,"REASONING: The paper discusses the application of artificial intelligence, specifically machine learning and deep learning, in improving diagnostic accuracy and outcome prediction for acute ischemic stroke (AIS). It focuses on AI-assisted approaches in lesion segmentation and functional outcome forecasting, using multimodal data.

CATEGORY: ML",3.4,,False,2026-08-09T10:59:17
146,mistral:7b,V2.1,abstract,ML,"REASONING: The paper describes the use of various machine learning models (Logistic Regression, Random Forest, XGBoost, Neural Networks) and advanced statistical methods (Structural Equation Modelling, sentiment analysis, TF-IDF text vectorization) for predicting consumer purchase intentions in e-commerce. It also compares different sentiment analysis models (VADER and a transformer-based model). The primary contribution of the paper seems to be the hybrid SEM-ML framework that combines Structural Equation Modelling with machine learning models.

CATEGORY: ML",5.49,,False,2026-08-09T10:59:23
147,mistral:7b,V2.1,abstract,DL,"REASONING: The paper proposes a novel computational framework that integrates Graph Convolutional Networks, Variational Autoencoders, and Uncertainty Aware Adaptive Multi-Objective Optimization-based Reinforcement Learning (UAAMOO-RL) for drug discovery. The primary contribution of the paper is the development and application of this hybrid framework.

CATEGORY: DL",4.09,,False,2026-08-09T10:59:27
148,mistral:7b,V2.1,abstract,ML,"REASONING: The paper describes a method for generating multiple versions of a predictor using bootstrap replicates and averaging or voting to get an aggregated predictor. This method is applied to classification and regression trees and linear regression, demonstrating improvements in accuracy due to the instability of the prediction method.

CATEGORY: ML",3.26,,False,2026-08-09T10:59:30
149,mistral:7b,V2.1,abstract,ML,"REASONING: The paper discusses the application of multimodal AI systems in diagnosing and predicting outcomes for various retinal diseases. These AI systems integrate diverse imaging modalities and clinical data, which suggests the use of machine learning techniques. However, the primary contribution lies in the development and evaluation of these multimodal AI systems.

CATEGORY: ML",3.82,,False,2026-08-09T10:59:34
150,mistral:7b,V2.1,abstract,ML,"REASONING: This study develops a data-driven Bayesian Network framework using Tree-Augmented Naive Bayes (TAN) structure to analyze and predict ship collision accidents on a global scale. It primarily focuses on investigating accident related, environmental, ship related, and bridge operator related risk influencing factors (RIFs).

CATEGORY: ML",3.55,,False,2026-08-09T10:59:37
151,mistral:7b,V2.1,abstract,ML,"REASONING: The paper discusses various applications of machine learning (ML) and deep learning (DL), including Geo-Intelligent Wildfire Risk Prediction, Industrial HVAC Energy Optimization, Community Health Worker Interventions, Semi-Supervised Object Detection, Nursing Education, Healthcare Privacy preservation, Alzheimer’s Disease Detection, Sentiment Dynamics, Cybersecurity, Insider Threat prediction, Country-Level ESG Modeling, Risk-Adjusted Portfolio Optimization, Credit Card Fraud detection, Fake Instagram Account detection, Sentiment Polarity Study on Microwave Oven Reviews, Text Mining and Unsupervised Clustering in Education, Facial Emotion Recognition, Latent Space Visualization of Point Cloud Autoencoder, Analyzing Overlapping Communities in Heterogeneous Information Networks, and Blockchain Network modeling. However, the primary contribution seems to be in the application of ML and DL techniques across various domains.

CATEGORY: ML (Classical Machine Learning)",9.64,,False,2026-08-09T10:59:47
152,mistral:7b,V2.1,abstract,ML,"REASONING: The paper describes a diagnostic model that uses portable GC-MS and AI (specifically machine learning algorithms) to analyze breath samples for the purpose of identifying novel biomarkers for early-stage viral respiratory infections. The primary contribution of the paper is the development and application of this AI-based diagnostic model.

CATEGORY: ML",3.74,,False,2026-08-09T10:59:51
153,mistral:7b,V2.1,abstract,ML,"REASONING: The paper discusses the use of AI and ML techniques for creating a more flexible framework to detect insider threats, with a focus on Explainable AI (XAI) methods, hybrid models combining anomaly detection and behavioral analytics, and specific supervised and unsupervised techniques like auto-encoders and Isolation Forests classifiers. The primary contribution of the paper is the proposed hybrid model that uses these techniques.

CATEGORY: ML",4.29,,False,2026-08-09T10:59:55
154,mistral:7b,V2.1,abstract,ML,"REASONING: The paper primarily focuses on machine learning-driven wildfire prediction, risk assessment, and behavior modeling. It also discusses technological and algorithmic advancements for wildfire detection and monitoring, which can be considered a part of the machine learning category as well. However, the primary contribution lies in the application of machine learning techniques to wildfire management.

CATEGORY: ML",3.53,,False,2026-08-09T10:59:59
155,mistral:7b,V2.1,abstract,AI,"REASONING: This paper proposes an AI-enriched digital Educational Framework (AIEDF) based on a Holistic Digital Literacy Framework (HDLF), which synthesizes competencies from existing frameworks and investigates essential AI competencies for middle-school students. The primary contribution of the paper is the development of the AIEDF, which aligns with Bloom's taxonomy and progresses from fundamental AI understanding to more advanced tasks.

CATEGORY: AI",4.6,,False,2026-08-09T11:00:03
156,mistral:7b,V2.1,missing,NO_INPUT,,0.0,no abstract available,False,2026-08-09T11:00:03
157,mistral:7b,V2.1,abstract,ML,"REASONING: The paper discusses the use of various data harmonization and preprocessing techniques across neuroimaging, electrophysiological, and genomic modalities, and classifies fusion strategies into different paradigms. It also investigates the adoption of explainable AI (XAI) techniques. The primary contribution of the paper is the comprehensive synthesis of recent advances in AI-driven multimodal fusion approaches for Alzheimer's Disease prediction.

CATEGORY: ML",4.63,,False,2026-08-09T11:00:08
158,mistral:7b,V2.1,abstract,ML,"REASONING: The paper discusses the use of artificial intelligence (AI) and machine learning (ML) for optimizing resource efficiency and nutrient recovery in microalgae production systems, which is the primary contribution of the paper.

CATEGORY: ML",2.96,,False,2026-08-09T11:00:11
159,mistral:7b,V2.1,abstract,ML,"REASONING: The paper presents an AI-enabled smart farming framework that integrates Machine Learning (ML) and IoT technologies to optimize date palm cultivation. Four ML algorithms are developed and optimized, with the Random Forest model achieving the highest classification accuracy.

CATEGORY: ML",2.97,,False,2026-08-09T11:00:14
160,mistral:7b,V2.1,abstract,DL,"REASONING: The paper introduces a hybrid framework for detecting synthetic Spanish text using a tri-layer feature fusion strategy, which includes structural stylometry (symbolic layer), probabilistic surprisal via perplexity (statistical layer), and topical-aware semantic contrast (contextual layer). The primary contribution lies in the multi-model stacking ensemble that combines diverse learning architectures to maximize classification robustness.

CATEGORY: DL (Deep Learning)",4.53,,False,2026-08-09T11:00:18
161,mistral:7b,V2.1,abstract,DL,"REASONING: The paper discusses the application of AI and ML frameworks, including surrogate models, prognostic health management, adaptive control strategies, and physics-informed neural networks (PINNs), for optimizing electrochemical devices like electrolyzers and fuel cells in a hydrogen economy. The primary contribution lies in the use of PINNs, which incorporate physical laws to enhance model robustness and data efficiency.

CATEGORY: DL (Physics-informed neural networks are a type of deep learning architecture)",4.94,,False,2026-08-09T11:00:23
162,mistral:7b,V2.1,abstract,ML,"REASONING: The paper describes a hybrid approach combining computational fluid dynamics (CFD), artificial intelligence (AI), and bio-inspired riblets with active plasma control for aerodynamic performance enhancement. The primary contribution lies in the development of machine learning algorithms using artificial neural networks and support vector machine regressions to facilitate model prediction and simulation.

CATEGORY: ML",3.64,,False,2026-08-09T11:00:27
163,mistral:7b,V2.1,abstract,ML,"REASONING: This paper discusses the application of machine learning (ML) in functional materials design, focusing on three levels: macroscopic compositional design, microscopic electronic and structural responses, and dynamic or time-dependent processes. It emphasizes the use of ML as a practical tool for guiding exploration within complex design spaces, rather than as a stand-alone predictor. The paper also mentions various methodological choices and practical tools, such as data-driven screening and optimization, physics-aware surrogates, and pathway-based or sequential learning.

CATEGORY: ML",5.34,,False,2026-08-09T11:00:32
164,mistral:7b,V2.1,abstract,DL,"REASONING: The paper proposes a method using a convolutional neural network (CNN) for predicting traffic noise levels, which significantly improves prediction performance and inference speed compared to existing machine learning models.

CATEGORY: DL",2.35,,False,2026-08-09T11:00:35
165,mistral:7b,V2.1,abstract,ML,"REASONING: This paper proposes an approach for diagnosing dementia based on machine learning and graph analysis, with a focus on evaluating ten machine learning models, feature ranking, and validation using graphical analysis. The primary contribution lies in the comprehensive evaluation of ML models and the use of these techniques to improve diagnostic accuracy for dementia.

CATEGORY: ML",3.57,,False,2026-08-09T11:00:38
166,mistral:7b,V2.1,abstract,ML,"REASONING: This paper describes the development of an ML-based screening model for assessing the risk of depression among elderly people using various supervised machine learning models and feature selection techniques. The primary contribution lies in the creation of this model, which makes it a machine learning (ML) problem.

CATEGORY: ML",3.5,,False,2026-08-09T11:00:42
167,mistral:7b,V2.1,abstract,ML,"REASONING: The paper discusses the application of AI technologies in plastic and reconstructive surgery, focusing on machine learning algorithms for automated image analysis, AI-driven virtual assistants for patient education and preoperative communication, and large language models integrated into clinical decision making and medical education. The primary contribution of the paper lies in its exploration of the current practice and future potential of AI in this specific field.

CATEGORY: ML",4.03,,False,2026-08-09T11:00:46
168,mistral:7b,V2.1,abstract,ML,"REASONING: This paper employs the double machine learning (DML) method with random forest regression as the DML learner to investigate the relationship between government-level AI policies and corporate supply chain resilience, revealing the mechanisms behind this relationship.

CATEGORY: ML",2.97,,False,2026-08-09T11:00:49
169,mistral:7b,V2.1,abstract,ML,"REASONING: The paper discusses the integration of AI with wastewater-based epidemiology (WBE) for real-time disease detection, focusing on AI-driven models that support pattern recognition, predict temporal trends, and detect anomalies from wastewater data. It also mentions spatial analytics as a complementary method. The primary contribution of the paper lies in the application of AI to WBE for disease detection and monitoring.

CATEGORY: ML (Machine Learning)",4.44,,False,2026-08-09T11:00:53
170,mistral:7b,V2.1,abstract,DL,"REASONING: The paper introduces a transformers-based architecture, RoBERTa-Large, for clickbait headline detection in digital news analysis. It employs advanced word embeddings and sentence embeddings, and uses XAI methods for explainability. The primary contribution of the paper lies in the application of RoBERTa-Large, a deep learning model.

CATEGORY: DL",3.87,,False,2026-08-09T11:00:57
171,mistral:7b,V2.1,abstract,ML,"REASONING: This study focuses on understanding how AI and ML are being incorporated into sustainable development strategies, using bibliometric analysis of SCOPUS data. The primary contribution lies in mapping knowledge trends and research patterns related to the application of AI and ML in various sustainability-related fields such as energy management, environmental monitoring, climate change mitigation, precision agriculture, and water resource management.

CATEGORY: ML",4.05,,False,2026-08-09T11:01:01
172,mistral:7b,V2.1,abstract,ML,"REASONING: The paper presents a machine learning approach for early diagnosis of Alzheimer's disease using multimodal data and extensive feature engineering. It also compares several machine learning models, including Deep Neural Networks, and uses Shapley Additive Explanations for model interpretability. However, the primary contribution lies in the proposed interpretable machine learning architecture, making it a machine learning (ML) paper. The deep neural networks are used as one of the compared models but not as the primary contribution.

CATEGORY: ML",5.23,,False,2026-08-09T11:01:06
173,mistral:7b,V2.1,abstract,DL,"REASONING: The paper discusses Federated Learning (FL) and Explainable Artificial Intelligence (XAI), focusing on their intersection to create the Federated Explainable Artificial Intelligence (FedXAI) paradigm. It also provides a taxonomy for categorizing FedXAI methods, reviews various approaches, and identifies open challenges. The primary contribution of the paper is the development and exploration of FedXAI, making it a Deep Learning (DL) category as it involves neural network-based federated learning.

CATEGORY: DL",5.38,,False,2026-08-09T11:01:12
174,mistral:7b,V2.1,abstract,ML,"REASONING: The paper presents a machine learning framework for predicting antenatal care uptake among women in Ghana, using multiple imputation, categorical encoding, SMOTE, and several supervised learning models (logistic regression, random forest, XGBoost, support vector machine). It also integrates explainability, bias mitigation, causal inference, and fairness auditing.

CATEGORY: ML",5.01,,False,2026-08-09T11:01:17
175,mistral:7b,V2.1,abstract,ML,"REASONING: The paper introduces a new machine learning method called graph atomic cluster expansion (GRACE), which is used to train interatomic potentials for modeling materials. It also discusses techniques like fine-tuning and knowledge distillation to adapt these models for specialized tasks.

CATEGORY: ML",3.02,,False,2026-08-09T11:01:20
176,mistral:7b,V2.1,abstract,DL,"REASONING: The paper describes a two-stage system that uses Real-Time Detection Transformer (RT-DETR) for landmark localization and supervised machine learning classifiers for binary screening of strabismus versus orthotropia. It also mentions the use of biometric ratios derived from coordinates, Synthetic Minority Oversampling Technique (SMOTE), and 4-fold cross-validation.

CATEGORY: DL (Deep Learning)",4.58,,False,2026-08-09T11:01:24
177,mistral:7b,V2.1,abstract,ML,"REASONING: The paper describes the use of machine learning models (SVM, KNN, RUSBoost) to predict recurrent ischemic stroke using real-world data from the Malaysian National Neurology Registry. The Synthetic Minority Over-Sampling Technique (SMOTE) was applied to handle imbalanced data and ten-fold cross-validation was used for model evaluation.

CATEGORY: ML",4.56,,False,2026-08-09T11:01:29
178,mistral:7b,V2.1,abstract,ML,"REASONING: The paper employs functional near-infrared spectroscopy (fNIRS) to collect cortical activity associated with hand movements and uses multiple machine learning algorithms, including Random Forest, Decision Tree, k-Nearest Neighbors, Logistic Regression, Support Vector Machines, Gaussian Naive Bayes, Neural Networks, Gradient Boosting, and AdaBoost, for predicting hand movements. The primary contribution of the paper is the comparison of these machine learning algorithms in predicting hand movements using fNIRS signals.

CATEGORY: ML",5.78,,False,2026-08-09T11:01:35
179,mistral:7b,V2.1,abstract,DL,"REASONING: This paper presents a Quantum-Inspired Algorithm (QIA) for sustainable machine learning, which optimizes hyperparameters, model compression, and scheduling in a single framework using tunnelling-based search and amplitude reweighting. The algorithm reduces training energy consumption by 20–30% compared to several baseline optimisation methods while keeping accuracy losses under 1.5%.

CATEGORY: DL (Deep Learning) - Although the paper's primary contribution is not a specific neural network architecture, it focuses on optimizing deep learning models for energy efficiency and sustainability, which falls under the category of Deep Learning.",5.93,,False,2026-08-09T11:01:41
180,mistral:7b,V2.1,abstract,DL,"REASONING: The paper primarily focuses on the application and comparison of various machine learning models, particularly deep learning models like LSTM-DDQN, CNN-BiGRU, and transformer-based frameworks, for electric vehicle design, battery systems, and charging infrastructure.

CATEGORY: DL",3.33,,False,2026-08-09T11:01:44
181,mistral:7b,V2.1,abstract,DL,"REASONING: The paper proposes a system that uses deep learning techniques for gesture recognition to aid communication for the deaf community. It employs image pre-processing, Inception-enhanced vision transformer (IEViT) model for feature extraction, and stacked sparse denoising autoencoder (SSDAE) for classification. The primary contribution of the paper is the development of the Assistive Communication System Using Deep Sparse Autoencoder with Feature Learning (ACS-DSAEFL).

CATEGORY: DL",5.15,,False,2026-08-09T11:01:49
182,mistral:7b,V2.1,abstract,DL,"REASONING: The paper describes the development of FungiGuard, a tool that uses Random Forest, Long Short-Term Memory (LSTM), and attention mechanisms, which are all neural network architectures. The primary contribution of the paper is the creation of FungiGuard, making it a deep learning (DL) method.

CATEGORY: DL",3.48,,False,2026-08-09T11:01:53
183,mistral:7b,V2.1,abstract,ML,"REASONING: The paper discusses an estimation procedure based on adding small positive quantities to the diagonal of X'X, which is a method used in ridge regression, a technique within classical machine learning.

CATEGORY: ML",2.22,,False,2026-08-09T11:01:55
184,mistral:7b,V2.1,abstract,DL,"REASONING: The paper presents a framework called PLGDL that uses Protein Language and Geometric Deep Learning models for protective antigen prediction in vaccine development. It leverages both primary sequence features and three-dimensional structural features of protein antigens, and the integrated model exhibits robustness across various pathogens.

CATEGORY: DL (Geometric Deep Learning models are a subset of deep learning)",3.7,,False,2026-08-09T11:01:58
185,mistral:7b,V2.1,abstract,ML,"REASONING: This paper discusses the application of AI and ML technologies in renal cancer research, focusing on bibliometric analysis using specific tools like VOSviewer, CiteSpace, and bibliometrix. The primary contribution lies in the systematic literature search and subsequent bibliometric analysis to visualize patterns in co-authorship, institutional collaborations, citations, keyword co-occurrences, and emerging research trends.

CATEGORY: ML (Machine Learning)",4.43,,False,2026-08-09T11:02:03
186,mistral:7b,V2.1,abstract,DL,"REASONING: The paper primarily focuses on the application of deep learning techniques, specifically transformer-based sequence models, graph neural networks, and multimodal architectures, for improving microbial classification accuracy, ARG detection, and resistance prediction in the field of microbiology. It also discusses explainable AI (XAI) techniques to increase transparency and clinical explainability.

CATEGORY: DL",4.13,,False,2026-08-09T11:02:07
187,mistral:7b,V2.1,abstract,ML,"REASONING: This paper presents a machine learning model (NVUPreM) for predicting 30-day NVUGIB mortality, using data from two databases for development and validation. The model is developed using machine learning algorithms, with predictors selected via least absolute shrinkage and selection operator regression to minimize multicollinearity.

CATEGORY: ML",4.25,,False,2026-08-09T11:02:11
188,mistral:7b,V2.1,abstract,DL,"REASONING: This paper discusses Quantum Machine Learning (QML), which is a subset of machine learning that leverages quantum computing. It compares QML with classical ML, analyzing their foundations, complexity, and applications across various domains. The primary contribution of the paper is a comparative review of QML and classical ML.

CATEGORY: DL, ML (since it covers both neural networks and other machine learning methods)",4.11,,False,2026-08-09T11:02:15
189,mistral:7b,V2.1,abstract,ML,"REASONING: The paper discusses the use of AI for predicting and preventing ACL injuries, focusing on machine learning (ML) and deep learning (DL) techniques. The primary contribution lies in evaluating AI applications in this specific context.

CATEGORY: ML (as the paper's primary contribution is machine learning, even though it also discusses deep learning)",3.74,,False,2026-08-09T11:02:19
190,mistral:7b,V2.1,abstract,ML,"REASONING: The paper describes the use of machine learning models (Extreme Gradient Boosting, Logistic Regression, and Support Vector Machine) to classify bladder cancer cases from benign controls, using clinical data, cytokine levels, and environmental factors. The primary contribution of the paper is the development and comparison of these machine learning models.

CATEGORY: ML",3.96,,False,2026-08-09T11:02:23
191,mistral:7b,V2.1,abstract,DL,"REASONING: The paper describes the use of classical machine learning models (Random Forest, Decision Tree, Gradient Boosting Machine, Linear Discriminant Analysis, Support Vector Machine), a Deep Learning tool, and a pre-trained large language model (GPT-5) for diagnosing bronchiolitis from electronic health records. The primary contribution of the paper is the comparison of these various models' performance in diagnosing bronchiolitis.

CATEGORY: DL (Deep Learning) - Although the primary focus is on comparing multiple models, the deep learning tool and the pre-trained large language model are key components of the study, and the paper's core method is a neural network (GPT-5).",6.97,,False,2026-08-09T11:02:30
192,mistral:7b,V2.1,abstract,DL,"REASONING: This paper presents a brain-inspired reinforcement learning approach using a spiking neural network-based computing architecture, which is implemented using an α-In2Se3 ferroelectric semiconductor field-effect transistor. The primary contribution lies in the efficient mimicking of complex reinforcement learning dynamics and the implementation of biological eligibility trace decay using the intrinsic properties of α-In2Se3.

CATEGORY: DL (Deep Learning)

The paper's core method is a neural network, specifically a spiking neural network, which falls under the category of deep learning despite being biologically inspired and used for reinforcement learning. The primary focus of the paper is on the development and implementation of this neural network architecture, making it more appropriate to classify as DL rather than ML or AI.",7.47,,False,2026-08-09T11:02:38
193,mistral:7b,V2.1,abstract,DL,"REASONING: The paper primarily focuses on the application of artificial intelligence (AI), specifically machine learning (ML) and deep learning (DL) models, in oncological drug development. It discusses various AI applications such as predicting protein structures, ranking disease-relevant genes, assessing target drugability, rapid searches of multiplexed chemical libraries, predicting drug-target interactions, optimizing the pharmacological and physicochemical properties of drugs in virtual screening, and de novo drug design.

CATEGORY: DL (Deep Learning)",5.1,,False,2026-08-09T11:02:43
194,mistral:7b,V2.1,abstract,DL,"REASONING: The paper presents a study on detecting depression-related texts in social media comments using deep learning models (XLNET, DistilBERT, ALBERT) and traditional machine learning models. It also discusses text summarization to enhance the efficiency of the models and task-incremental learning capability of the developed transformer models in a continual learning setting. The primary contribution of the paper is the comparison of deep learning models (XLNET, DistilBERT, ALBERT) with traditional machine learning models for detecting depression-related texts.

CATEGORY: DL",5.41,,False,2026-08-09T11:02:48
195,mistral:7b,V2.1,abstract,ML,"REASONING: The paper describes the development and validation of a supervised AI/ML algorithm for automated, rapid, objective quantification of fibrosis content and spatial distribution in histology slides.
CATEGORY: ML",2.61,,False,2026-08-09T11:02:51
196,mistral:7b,V2.1,abstract,ML,"REASONING: This paper presents an evaluation of various machine learning (ML) techniques for predicting ACL injuries in sports medicine, using eight distinct ML models and four datasets. The primary contribution lies in the application of these ML models to predict ACL injuries based on early dynamic measurements and force metrics.

CATEGORY: ML",3.5,,False,2026-08-09T11:02:54
197,mistral:7b,V2.1,abstract,ML,"REASONING: The paper introduces an innovative methodology that integrates remote sensing data and machine learning to assess risks to heritage sites, with a primary focus on using machine learning models for risk assessment.

CATEGORY: ML",2.67,,False,2026-08-09T11:02:57
198,mistral:7b,V2.1,abstract,ML,"REASONING: The paper discusses the application of artificial intelligence (AI) and machine learning in various aspects of HLA research, including antigen processing, T-cell recognition, HLA imputation from SNP arrays and low-coverage whole-genome sequencing, AI-enabled transplant decision support, and integration with emerging biology. The primary contribution of the paper lies in its application of AI and machine learning to HLA research.

CATEGORY: ML (Machine Learning)",4.83,,False,2026-08-09T11:03:02
199,mistral:7b,V2.1,abstract,ML,"REASONING: The paper describes the use of artificial intelligence (AI) for drug-induced nephrotoxicity prediction, with a primary focus on constructing a supervised machine learning (ML) model and developing an XAI platform called ""KidneyTox_v1.0"". It also mentions the use of SHAP-based waterfall plots for interpretability.

CATEGORY: ML",4.12,,False,2026-08-09T11:03:06
200,mistral:7b,V2.1,abstract,DL,"REASONING: The paper discusses the role of Artificial Intelligence (AI) in Carbon Capture and Utilization (CCU) technologies, focusing on AI techniques such as machine learning, deep learning, and optimization algorithms. These techniques are applied to process optimization, performance forecasting, and emissions prediction across various CCU systems. The primary contribution of the paper lies in the application of these AI techniques to CCU systems.

CATEGORY: DL (Deep Learning)",4.35,,False,2026-08-09T11:03:10
201,mistral:7b,V2.1,missing,NO_INPUT,,0.0,no abstract available,False,2026-08-09T11:03:10
202,mistral:7b,V2.1,abstract,ML,"REASONING: The paper describes the development of a novel hybrid stacking ensemble model using Random Forest (RF), Extreme Gradient Boosting (XGBoost), and Artificial Neural Network (ANN) for predicting the flexural strength of aluminum fiber reinforced concrete. The primary contribution lies in the creation and validation of this hybrid model.

CATEGORY: ML",3.73,,False,2026-08-09T11:03:14
203,mistral:7b,V2.1,abstract,ML,"REASONING: The paper describes the use of various machine learning algorithms (MLAs) for predicting Tuberculous pericardial effusion among patients with pericardial effusion. The primary contribution of the paper is the evaluation of these MLAs, with the random tree model demonstrating the highest accuracy and area under the curve.

CATEGORY: ML",3.64,,False,2026-08-09T11:03:18
204,mistral:7b,V2.1,abstract,ML,"REASONING: The paper discusses the application of AI and ML technologies in the field of telesurgery, with a focus on bibliometric analysis and knowledge mapping of global research on this topic. The primary contribution of the paper lies in the comprehensive analysis of the global research landscape of AI and ML-enabled telesurgery.

CATEGORY: ML",3.82,,False,2026-08-09T11:03:21
205,mistral:7b,V2.1,abstract,ML,"REASONING: The paper introduces a new machine learning approach called Support-Vector Networks (SVM) for two-group classification problems, which involves non-linearly mapping input vectors to a high-dimensional feature space and constructing a linear decision surface in this space. The SVM is extended to handle non-separable training data using polynomial input transformations.

CATEGORY: ML",3.69,,False,2026-08-09T11:03:25
206,mistral:7b,V2.1,abstract,DL,"REASONING: The paper focuses on using a convolutional neural network (CNN) to detect biological sex from EEG signals, and evaluates its performance across multiple datasets. The primary contribution of the paper is the use of a CNN for this specific task.

CATEGORY: DL",2.88,,False,2026-08-09T11:03:28
207,mistral:7b,V2.1,abstract,ML,"REASONING: The paper primarily focuses on the application of Artificial Intelligence (AI) techniques, specifically Machine Learning (ML), Deep Learning (DL), Natural Language Processing (NLP), Generative AI (GenAI), Large Language Models (LLMs), and Explainable AI (XAI) in suicide prevention. However, the primary contribution lies in the comprehensive review of AI applications in this field, with a focus on NLP and DL approaches.

CATEGORY: ML (as the paper's primary contribution is a review of various AI techniques, but the focus is mainly on ML methods)",5.52,,False,2026-08-09T11:03:33
208,mistral:7b,V2.1,abstract,ML,"REASONING: The paper primarily focuses on the application of machine learning models, specifically deep adversarial gaussian multilayer perceptron and firefly swarm binary grasshopper optimization, for disaster management-based healthcare systems.

CATEGORY: ML",2.88,,False,2026-08-09T11:03:36
209,mistral:7b,V2.1,abstract,ML,"REASONING: The paper describes the use of machine learning techniques, specifically multivariate imputation, multicollinearity diagnostics, benchmarking of linear, tree-based, boosting, and neural-network models, SHAP, and partial dependence analysis, to develop a predictive tool for hydrogen wettability in various geological conditions. The primary contribution lies in the implementation of these machine learning methods, with the optimized CatBoost model being the most significant.

CATEGORY: ML",4.91,,False,2026-08-09T11:03:41
210,mistral:7b,V2.1,abstract,ML,"REASONING: The paper primarily focuses on comparing various machine learning and deep learning algorithms for classifying pulmonary diseases using spirometry features. Among the techniques applied, tree-based models (XGBoost, random forest) and deep learning models (deep neural networks, convolutional neural networks) are the most significant contributors to the study's findings.

CATEGORY: ML",3.92,,False,2026-08-09T11:03:45
211,mistral:7b,V2.1,abstract,DL,"REASONING: The paper discusses the phenomenon of benign overfitting in deep neural networks and presents a characterization for linear regression problems where the minimum norm interpolating prediction rule has near-optimal prediction accuracy. It also highlights the importance of overparameterization for benign overfitting and compares the accuracy of the minimum norm interpolating prediction rule in finite-dimensional data vs. infinite-dimensional data. The primary contribution lies in the characterization of linear regression problems and its implications on overfitting, making it a deep learning (DL) problem.

CATEGORY: DL",5.52,,False,2026-08-09T11:03:51
212,mistral:7b,V2.1,abstract,ML,"REASONING: The paper primarily focuses on developing and testing an Extreme Gradient Boosting (XGBoost) model for detecting dental caries using questionnaire data. It uses cross-validation nested resampling, beeswarm plots for interpretability, and compares the performance of the model on internal and external datasets.

CATEGORY: ML",3.73,,False,2026-08-09T11:03:54
213,mistral:7b,V2.1,abstract,ML,"REASONING: The paper describes the development of a scalable end-to-end tree boosting system called XGBoost, which is primarily based on tree boosting machine learning method. It also introduces novel algorithms for sparse data and approximate tree learning, and focuses on building a scalable tree boosting system by optimizing cache access patterns, data compression, and sharding.

CATEGORY: ML",3.81,,False,2026-08-09T11:03:58
214,mistral:7b,V2.1,abstract,ML,"REASONING: The paper discusses the use of Explainable Artificial Intelligence (XAI) techniques in conjunction with deep learning and machine learning methods for analyzing Electroencephalography (EEG) data to identify biomarkers for mood disorders such as major depressive disorder, bipolar disorder, and anxiety disorders. The primary contribution lies in the systematic review of EEG-based biomarkers informed by XAI techniques.

CATEGORY: ML",4.93,,False,2026-08-09T11:04:03
215,mistral:7b,V2.1,abstract,DL,"REASONING: The paper discusses the application of artificial intelligence (AI) in CRISPR-based genetic screening, specifically focusing on machine learning (ML) and deep learning (DL) methods for optimizing experimental design, and large language model–agent (LLM–agent) systems for externalizing scientific reasoning. The primary contribution of the paper lies in the use of ML/DL methods for improving CRISPR screening.

CATEGORY: DL (Deep Learning)",4.46,,False,2026-08-09T11:04:08
216,mistral:7b,V2.1,abstract,ML,"REASONING: The paper introduces a self-supervised machine learning platform, CLOSER, that uses 3D pose skeleton data and kinematic features to monitor spontaneous behavior in mice with depressive disease models. It characterizes semantic behavioral syllables with a high-quality feature space, uncovers distinct motion profiles, and quantifies drug-specific recovery of psychomotor symptoms. The primary contribution lies in the development and application of CLOSER for standardizing depressive-like phenotype assessment in mouse models.

CATEGORY: ML",5.19,,False,2026-08-09T11:04:13
217,mistral:7b,V2.1,abstract,ML,"REASONING: The paper applies multiple machine learning models for the early detection of Parkinson's disease using vocal biomarkers, and uses explainable AI techniques to interpret the predictions. The primary contribution lies in the application of these ML models and XAI techniques for PD diagnosis.

CATEGORY: ML",3.29,,False,2026-08-09T11:04:16
218,mistral:7b,V2.1,abstract,AI,"REASONING: The paper primarily focuses on the development of an AI-driven predictive model (Kinic Index) using machine learning approaches (LASSO, RSF) and deep learning framework (GraphBAN). It also involves the use of Shapley additive explanation (SHAP) analysis, single-cell and spatial transcriptomic analyses, molecular docking, and ADMET-AI screening. However, the primary contribution lies in the development and application of Kinic Index, which is an AI-driven model.

CATEGORY: AI",5.37,,False,2026-08-09T11:04:21
219,mistral:7b,V2.1,abstract,DL,"REASONING: The paper discusses the application of artificial intelligence (AI) in endourology, focusing on novel technologies such as causal AI modeling and reinforcement learning. These methods are primarily used to ease the explanation of predictions performed by AI algorithms and integrate expert's partial knowledge into their architecture.

CATEGORY: DL (Deep Learning)

The primary contribution of this paper lies in the application of reinforcement learning, a deep learning technique, for optimal decision making in artificial intelligence applications within endourology. Although the paper also discusses AI and machine learning in general, the focus on reinforcement learning as a novel technology positions it under the DL category.",6.02,,False,2026-08-09T11:04:28
220,mistral:7b,V2.1,abstract,DL,"REASONING: The abstract discusses the use of various techniques for sentiment analysis, including deep learning models, machine learning methods, and hybrid methods that integrate multiple modalities. The primary contribution of the paper seems to be a comprehensive review of these approaches in multimodal sentiment analysis.

CATEGORY: DL (Deep Learning) since the paper discusses the use of deep learning models as part of the sentiment analysis techniques, even though it also mentions machine learning methods and hybrid methods.",4.56,,False,2026-08-09T11:04:32
221,mistral:7b,V2.1,abstract,ML,"REASONING: The paper presents a comparison between two methods for generating manipulation actions in robots: a fine-tuned open-weight VLA model (π0) and a neuro-symbolic architecture that combines PDDL-based symbolic planning with learned low-level control. The primary contribution of the paper is the empirical comparison and analysis of these two methods on structured variants of the Towers of Hanoi manipulation task in simulation.

CATEGORY: ML (classical machine learning) and AI (general artificial intelligence approaches) - Although the paper involves neural network architectures, the primary contribution lies in comparing and analyzing two different planning and control methods, which can be classified as classical machine learning and general artificial intelligence approaches. The neural network architectures are used as a part of these methods but not as the primary focus of the paper.",7.73,,False,2026-08-09T11:04:40
222,mistral:7b,V2.1,abstract,ML,"REASONING: The paper utilizes machine learning techniques such as LASSO regression, SHAP analysis, supervised UMAP, HDBSCAN clustering, and Silhouette Coefficient for data analysis. The primary contribution of the paper is the identification of a high-risk patient phenotype using unsupervised clustering and an explainable machine learning framework.

CATEGORY: ML",4.11,,False,2026-08-09T11:04:44
223,mistral:7b,V2.1,abstract,ML,"REASONING: The paper discusses the application of AI, ML, and DL in orthodontics, with a focus on categorizing AI methods and their effectiveness in clinical practice. The primary contribution lies in the systematic literature review and categorization of AI applications in orthodontics, which is the most specific method described in the text.

CATEGORY: ML (since the majority of approaches are ML, and the paper's primary contribution is based on a systematic review of these methods)",4.9,,False,2026-08-09T11:04:49
224,mistral:7b,V2.1,abstract,ML,"REASONING: The paper discusses the application of various AI techniques, specifically machine learning (ML) and deep learning (DL), in the field of climate science. It focuses on the synthesis of recent advances in these techniques and their impact on climate modeling, extreme-weather analysis, renewable-energy optimization, emissions monitoring, and climate adaptation. The primary contribution of the paper is the field-level synthesis of AI applications in climate science, which includes a PRISMA-aligned protocol for surveying studies and organizing evidence by application domain and methodological rigor.

CATEGORY: ML (Classical Machine Learning)",5.72,,False,2026-08-09T11:04:55
225,mistral:7b,V2.1,abstract,DL,"REASONING: The paper primarily focuses on using machine learning and quantum computing to predict material properties, encode and decode crystal structures, and identify suitable high-entropy materials for batteries and supercapacitors. Deep learning algorithms are used for material discovery prior to synthesis.

CATEGORY: DL",2.87,,False,2026-08-09T11:04:57
226,mistral:7b,V2.1,abstract,ML,"REASONING: The paper presents a survey based on DNA metabarcoding analysis using Machine Learning (ML) methods and explainable Artificial Intelligence (XAI). The primary contribution lies in the application of these ML and XAI techniques to predict host health status from fungal community data.

CATEGORY: ML",3.0,,False,2026-08-09T11:05:00
227,mistral:7b,V2.1,abstract,AI,"REASONING: The paper discusses the application of Artificial Intelligence (AI) in emergency general surgery, focusing on clinical decision-support tools and ethical, structural, and regulatory barriers to implementation. The primary contribution lies in mapping and critically appraising the current literature on AI applications in this specific context.

CATEGORY: AI",3.24,,False,2026-08-09T11:05:04
228,mistral:7b,V2.1,abstract,DL,"REASONING: The paper focuses on the application of deep learning models in image-based diagnostics, particularly digital pathology and radiomics, for tumor grading and non-invasive characterization in veterinary oncology.
CATEGORY: DL",2.78,,False,2026-08-09T11:05:06
229,mistral:7b,V2.1,abstract,ML,"REASONING: The paper describes a methodology for curating clinical trial databases specifically for training or testing artificial intelligence (AI) models, with a focus on MRI data. The primary contribution of the paper is the development of a curation process for machine learning applications.

CATEGORY: ML",3.16,,False,2026-08-09T11:05:10
230,mistral:7b,V2.1,abstract,ML,"REASONING: The paper focuses on the application of AI methods, particularly ensemble learning methods, artificial neural networks, and hybrid architectures, for predicting International Roughness Index (IRI) in rigid and composite pavements using Machine Learning (ML) models.

CATEGORY: ML",3.29,,False,2026-08-09T11:05:13
231,mistral:7b,V2.1,abstract,DL,"REASONING: The paper proposes an optimization framework for centrifugal compressor maintenance using system-wide interdependencies, physics-informed Reliability Allocation by Heuristic Optimization, graph theory, Monte Carlo, Reliability Block Diagrams, Weibull distribution, and Deep Reinforcement Learning (DRL) for formulating optimal maintenance policies. The primary contribution of the paper lies in the application of DRL for optimizing maintenance strategies.

CATEGORY: DL",4.68,,False,2026-08-09T11:05:18
232,mistral:7b,V2.1,abstract,ML,"REASONING: The paper discusses the use of machine learning techniques for diabetes prediction, with a focus on ensemble and deep learning methods that have replaced conventional statistical methods. It also highlights issues such as limited demographic representation in datasets, lack of real-world validation, and the need for explainable AI.

CATEGORY: ML",3.1,,False,2026-08-09T11:05:21
233,mistral:7b,V2.1,abstract,ML,"REASONING: The paper proposes an advanced framework for Parkinson's disease diagnosis using machine learning (ML) classifiers, equipped with explainable artificial intelligence (XAI) methods for improved interpretability. The primary contribution lies in the development and validation of this interpretable ML framework for PD diagnosis.

CATEGORY: ML",3.22,,False,2026-08-09T11:05:24
234,mistral:7b,V2.1,abstract,ML,"REASONING: This paper introduces a machine learning-driven platform for detecting suspicious financial activities using supervised learning algorithms. The primary contribution lies in the development and evaluation of this platform, with the Gradient Boosting classifier performing best among several compared models.

CATEGORY: ML",2.95,,False,2026-08-09T11:05:27
235,mistral:7b,V2.1,abstract,ML,"REASONING: This research primarily focuses on using an automated machine learning (AutoML) framework, employing tree-based ensemble models enhanced with explainable AI techniques for predicting case durations and delays. The paper also constructs multiple predictive models, including a hybrid classification-regression framework.

CATEGORY: ML",3.31,,False,2026-08-09T11:05:30
236,mistral:7b,V2.1,abstract,DL,"REASONING: The paper proposes using deep learning (DL) based models, specifically transfer learning with pre-trained models like ResNet-50, DenseNet-121, and EfficientNet-B0, fine-tuning them for Sickle Cell Disease (SCD) detection. It also introduces a contrastive-learning-based approach using triplet loss, focal loss to handle class imbalance, and Explainable Artificial Intelligence (XAI) methodologies.

CATEGORY: DL",5.07,,False,2026-08-09T11:05:35
237,mistral:7b,V2.1,abstract,AI,"REASONING: The paper describes the development and application of an artificial intelligence-derived insulin resistance (AI-IR) prediction model, which uses machine learning to predict diabetes incidence and cancer risk. The primary contribution of the paper is the creation and validation of this AI-IR model.

CATEGORY: AI",3.14,,False,2026-08-09T11:05:38
238,mistral:7b,V2.1,abstract,ML,"REASONING: The paper discusses various AI methods such as machine learning, deep learning, large language models, and digital twins, with a focus on their application in healthcare aligned with the 6P medicine model. The primary contribution of the paper is proposing a practical implementation blueprint for 6P-AI, which includes linking common use cases to data requirements, workflow integration steps, evaluation designs, and post-deployment monitoring.

CATEGORY: ML (The paper's primary contribution lies in discussing machine learning methods and proposing an implementation blueprint for them)",5.22,,False,2026-08-09T11:05:44
239,mistral:7b,V2.1,abstract,ML,"REASONING: This study compares various machine learning models (base classifiers, ensemble models) for early-stage tumor diagnosis, focusing on CatBoost, Voting Classifier, and Stacking Classifier. The SHAP framework is employed for interpretability.

CATEGORY: ML",2.95,,False,2026-08-09T11:05:47
240,mistral:7b,V2.1,abstract,DL,"REASONING: The paper discusses the use of deep learning models (ResNet-50 variants with attention mechanisms) for automated semen analysis, specifically for sperm morphology classification and motility assessment. It also mentions CNN-based methods for motility assessment and emerging AI applications for DNA fragmentation prediction and ZP binding capability prediction.

CATEGORY: DL",4.01,,False,2026-08-09T11:05:51
241,mistral:7b,V2.1,abstract,ML,"REASONING: The paper describes the use of Support Vector Machine (SVM) models, a machine learning technique, to predict student satisfaction with university choices based on socio-economic, environmental, and cultural factors. The primary contribution of the paper is the development of an SVM-based predictive model for student satisfaction.

CATEGORY: ML",3.42,,False,2026-08-09T11:05:54
242,mistral:7b,V2.1,abstract,ML,"REASONING: This work primarily focuses on a literature review of AI applications in disaster management, using bibliometric co-occurrence analysis and visual graphics to compare the performance of various AI methods. The paper's core contribution lies in identifying the shift from conventional rule-based solutions to more sophisticated deep learning solutions.

CATEGORY: ML (Classical Machine Learning)",3.38,,False,2026-08-09T11:05:57
243,mistral:7b,V2.1,abstract,ML,"REASONING: The paper describes the use of several machine learning models (XGBoost, SVM, KNN, LR, DT, RF, MLP) for solving an imbalanced classification problem in blood donor recruitment. It also mentions the use of various techniques like incremental learning strategy, dynamic threshold adjustment mechanism, sampling techniques such as SMOTE and under-sampling, cost-sensitive learning approaches, and optimization methods to improve the performance of these models. The primary contribution of the paper is the development and validation of a machine learning-based recruitment framework that outperforms traditional methods in blood donor recruitment.

CATEGORY: ML",6.48,,False,2026-08-09T11:06:04
244,mistral:7b,V2.1,abstract,ML,"REASONING: The paper discusses the integration of Artificial Intelligence (AI) in oncology, focusing on health economic evaluations of AI applications and exploring the economic risks and benefits. The primary contribution lies in the scoping review of studies assessing the cost-effectiveness of AI in various types of cancers, using methods like Markov models and cost-effectiveness analysis.

CATEGORY: ML (Machine Learning)",4.42,,False,2026-08-09T11:06:08
245,mistral:7b,V2.1,abstract,ML,"REASONING: The paper describes the use of machine learning techniques, specifically natural language processing (NLP), and an innovative Python topic modeling technique called BERTopic for categorizing and labeling development projects based on their narrative descriptions. The primary contribution of the paper lies in applying these ML and NLP methods to analyze development projects.

CATEGORY: ML",3.41,,False,2026-08-09T11:06:12
246,mistral:7b,V2.1,abstract,DL,"REASONING: The paper primarily focuses on using machine learning techniques, specifically Extra-Trees classifier, to predict post-operative sexual impairment in prostate cancer patients.
CATEGORY: DL (Deep Learning) - Although the methods used are also a part of Machine Learning and Artificial Intelligence, the primary contribution lies in the use of a specific neural network architecture (Extra-Trees classifier), which falls under Deep Learning.",4.25,,False,2026-08-09T11:06:16
247,mistral:7b,V2.1,abstract,AI,"REASONING: The paper discusses the progress of artificial intelligence (AI) and cognitive science, the impact of large language models (LLMs), and proposes a new route for intelligent machines grounded in theories and models of thinking and learning before language. While it mentions LLMs, which are deep learning (DL) models, the primary contribution lies in rethinking the relationship between AI, cognitive science, and human intelligence.

CATEGORY: AI",4.35,,False,2026-08-09T11:06:20
248,mistral:7b,V2.1,abstract,ML,"REASONING: The paper presents a generalization of the DBSCAN clustering algorithm, which is designed for clustering both point objects and spatially extended objects based on their spatial and nonspatial attributes. The primary contribution lies in the development of the GDBSCAN algorithm.

CATEGORY: ML",2.84,,False,2026-08-09T11:06:23
249,mistral:7b,V2.1,abstract,ML,"REASONING: The paper describes a systematic review, meta-analysis, and bibliometric visualization analysis using AI in nursing simulation education. The primary contribution lies in evaluating the effects of AI on students' knowledge and skill outcomes through meta-analysis and mapping the research landscape and development trends of this field through bibliometric visualization analysis.

CATEGORY: ML (Meta-analysis is a common method used in machine learning)",4.14,,False,2026-08-09T11:06:27
250,mistral:7b,V2.1,abstract,DL,"REASONING: The paper describes the development of an AI-driven model that integrates OCTA-derived retinal features with EHR data, using a Transformer-based multi-scale style learning algorithm for feature extraction and an XGBoost classifier for training. The primary contribution lies in the creation of this multimodal model that outperforms other deep learning network models.

CATEGORY: DL",4.43,,False,2026-08-09T11:06:32
251,mistral:7b,V2.1,abstract,ML,"REASONING: The paper discusses the application of machine learning and deep learning models in cancer research, focusing on cancer phenotyping, drug discovery, and optimization. It also highlights various challenges and emerging directions in this field. The primary contribution of the paper seems to be the discussion of AI-enabled methods for precision oncology.

CATEGORY: ML (Machine Learning)",3.72,,False,2026-08-09T11:06:35
252,mistral:7b,V2.1,abstract,ML,"REASONING: The paper evaluates several machine learning models for predicting the shear strength of steel-fiber-reinforced concrete beams. The primary contribution lies in the comparison and selection of the ELM-PSO model as the most accurate estimator among ANN, SVM, GTB, CATB, ELM, and other models.

CATEGORY: ML",3.72,,False,2026-08-09T11:06:39
253,mistral:7b,V2.1,abstract,ML,"REASONING: The paper discusses the application of artificial intelligence (AI) and machine learning (ML) algorithms to improve liquid biopsy techniques for early detection, prognosis prediction, treatment monitoring, recurrence forecasting, and patient stratification in various types of cancer. The primary contribution of the paper lies in evaluating how AI-powered liquid biopsy can transition from a research concept to a routine clinical assay.

CATEGORY: ML (Classical Machine Learning)",4.46,,False,2026-08-09T11:06:44
254,mistral:7b,V2.1,abstract,ML,"REASONING: The paper discusses the application of machine-learning and radiomics approaches for diagnosing and predicting outcomes in Ankylosing Spondylitis, using MRI or X-ray data. It also compares different imaging modalities, sequence selections, algorithm classes, disease phenotypes, validation strategies, and cohort sizes. The primary contribution of the paper is the quantitative determination of the performance of these AI-driven methods in diagnosing and predicting outcomes in Ankylosing Spondylitis.

CATEGORY: ML",5.68,,False,2026-08-09T11:06:49
255,mistral:7b,V2.1,abstract,ML,"REASONING: The paper presents a method enhanced by AI for the simultaneous quantification of naringin and naringenin in plant extracts using machine learning models such as Support Vector Regression (SVR), Linear Regression, Lasso Regression, Ridge Regression, and Elastic Net. The primary contribution lies in the development and application of these machine learning models for spectral differentiation to achieve high accuracy and reliability without requiring chemical separation.

CATEGORY: ML",4.75,,False,2026-08-09T11:06:54
256,mistral:7b,V2.1,abstract,ML,"REASONING: The paper introduces a multi-modal dataset (WxC-Bench) designed to support the development of AI models for various weather and climate research tasks. It mentions deep learning as one of the methods used in these models, but the primary contribution seems to be the creation and curation of the WxC-Bench dataset.

CATEGORY: ML (Classical Machine Learning)",3.86,,False,2026-08-09T11:06:58
257,mistral:7b,V2.1,abstract,ML,"REASONING: The paper describes the use of eight supervised machine learning algorithms (SVM, Logistic Regression, K-Nearest Neighbors, etc.) for predictive modeling based on mandibular symphysis measurements from lateral cephalometric images. The primary contribution lies in developing these models for sex determination.

CATEGORY: ML",3.65,,False,2026-08-09T11:07:02
258,mistral:7b,V2.1,abstract,ML,"REASONING: The paper proposes a novel XAI architecture that combines explainable models with the Enhanced Squirrel Search Optimization (ESSO) method for feature selection. It uses ESSO for efficient identification of clinically relevant features, Random Forest classification, and explainable AI techniques (SHAP and LIME) for interpretability. The model also includes data preprocessing techniques like KNN-based imputation, normalization, categorical encoding, outlier handling, and SMOTE-based class balancing.

CATEGORY: ML",5.35,,False,2026-08-09T11:07:07
259,mistral:7b,V2.1,abstract,ML,"REASONING: The paper discusses the application of artificial intelligence (AI) in psychiatry, focusing on machine learning models for prediction tasks and chatbots for clinical decision support and psychotherapy. However, the primary contribution seems to be the review and analysis of existing studies on AI in psychiatry.

CATEGORY: ML (Classical Machine Learning)",3.38,,False,2026-08-09T11:07:10
260,mistral:7b,V2.1,abstract,DL,"REASONING: This paper presents an Artificial Neural Network (ANN)-based machine learning technique for analyzing the behavior of spherical gas bubbles in Carreau fluids under an ambient sonic field. The primary contribution lies in the development and training of the ANN model using the Levenberg–Marquardt Scheme (LMS) and the Adam optimizer function.

CATEGORY: DL",4.01,,False,2026-08-09T11:07:14
261,mistral:7b,V2.1,abstract,ML,"REASONING: The paper discusses the application of artificial intelligence (AI) in pediatric rehabilitation, focusing on various AI methods such as supervised machine learning, neural networks, and deep learning approaches. The primary contribution of the paper is a scoping review examining how AI has been applied to pediatric rehabilitation outcome assessment.

CATEGORY: ML (Classical Machine Learning)",4.32,,False,2026-08-09T11:07:19
262,mistral:7b,V2.1,abstract,DL,"REASONING: The paper describes a comprehensive assessment framework for Physical Education teaching effectiveness that uses Multimodal Machine Learning (MML). It employs preprocessing methods, feature extraction using HOG, and introduces an Enhanced Marine Predators-driven Explainable Boosting Machine (EMP-EBM) as the core model. The primary contribution of the paper lies in the development and application of the EMP-EBM model.

CATEGORY: DL (Deep Learning)",4.8,,False,2026-08-09T11:07:24
263,mistral:7b,V2.1,abstract,ML,"REASONING: The paper discusses the application of Support Vector (SV) method for estimating regressions, constructing multidimensional splines, and solving linear operator equations. The primary contribution seems to be the application of the SV method to these specific problems.
CATEGORY: ML",2.69,,False,2026-08-09T11:07:26
264,mistral:7b,V2.1,abstract,ML,"REASONING: The paper describes the development and validation of an interpretable machine learning (ML) model for predicting MDR/RR-TB in patients with TB-DM multimorbidity, using seven ML algorithms and SHapley Additive exPlanations (SHAP) to identify critical predictive factors. The primary contribution lies in the development and validation of the interpretable RF model.

CATEGORY: ML",4.2,,False,2026-08-09T11:07:30
265,mistral:7b,V2.1,abstract,ML,"REASONING: The paper proposes a media analytics framework that combines traditional statistical modeling, natural language processing tools, and explainable machine learning to predict audience engagement on social media platforms. The primary contribution lies in the application of these techniques to analyze audience engagement with TV channels' posts.

CATEGORY: ML",3.14,,False,2026-08-09T11:07:34
266,mistral:7b,V2.1,abstract,ML,"REASONING: The paper proposes a workflow that combines physics-based petrophysical calculations, Random Forest regression (ML), Akima spline interpolation, Isolation Forest algorithms (ML), and Deepseek-R1 cognitive perception (AI). However, the primary contribution of the paper lies in the development and application of the integrated workflow for reservoir characterization and exploration optimisation. The Random Forest model's superior predictive performance and the use of Deepseek-R1 for identifying potential bypassed pay zones are the key contributions.

CATEGORY: ML (for the Random Forest regression) and AI (for the Deepseek-R1 cognitive perception)",6.26,,False,2026-08-09T11:07:40
267,mistral:7b,V2.1,abstract,DL,"REASONING: The paper primarily focuses on the application of deep learning (DL) techniques in enhancing diagnostic accuracy for bladder cancer, specifically in cystoscopic tumor detection, urine cytology analysis, radiomics-based staging, computational pathology, multimodal fusion architectures, and intraoperative guidance.

CATEGORY: DL",3.89,,False,2026-08-09T11:07:44
268,mistral:7b,V2.1,abstract,ML,"REASONING: This study develops an interpretable machine learning (ML) framework for the joint modeling of greenhouse gas emissions using country-level socio-economic indicators, benchmarking five regression-based algorithms and optimizing the best-performing model using Random Search. The primary contribution lies in the development and optimization of the ML framework.

CATEGORY: ML",4.01,,False,2026-08-09T11:07:48
269,mistral:7b,V2.1,abstract,ML,"REASONING: The paper discusses the use of AI in diagnosing and assessing mitral regurgitation using various data types (echocardiographic, ECG, clinical biomarkers, etc.) and different machine learning algorithms such as convolutional neural networks, support vector machines, and ensemble models. The primary contribution seems to be the application and comparison of these AI models in the context of mitral regurgitation.

CATEGORY: ML",4.45,,False,2026-08-09T11:07:52
270,mistral:7b,V2.1,abstract,DL,"REASONING: The paper discusses the application of artificial intelligence (AI) to improve the diagnosis of endometriosis using ultrasound images, with a focus on machine learning and deep learning algorithms. The primary contribution lies in evaluating the role of these AI models in diagnosing endometriosis.

CATEGORY: DL (Deep Learning)",3.75,,False,2026-08-09T11:07:56
271,mistral:7b,V2.1,abstract,ML,"REASONING: The paper primarily focuses on the application of both machine learning (ML) and deep learning (DL) techniques for predicting life-threatening cardiac events using time series ECG data. The study compares the performance of a Convolutional Neural Network (CNN), a DL model, with that of a Random Forest classifier, an ML model.

CATEGORY: ML (as the primary contribution is comparing and contrasting ML and DL techniques, but the paper's core method is a neural network, so it falls under DL even though it is also ML and AI)",5.5,,False,2026-08-09T11:08:01
272,mistral:7b,V2.1,abstract,ML,"REASONING: The paper primarily focuses on analyzing the optimal number of trees in a Random Forest, determining a threshold beyond which increasing the number of trees provides no significant performance gain, and investigating an experimental relationship for AUC gain when doubling the number of trees.

CATEGORY: ML",2.95,,False,2026-08-09T11:08:04
273,mistral:7b,V2.1,abstract,DL,"REASONING: The paper describes the use of machine learning algorithms (linear regression, support vector machines, XGBoost) and deep learning models (convolutional neural networks) for predicting myopia progression among children. The primary contribution of the paper is the development and validation of an AI-based model using these techniques.

CATEGORY: DL",3.52,,False,2026-08-09T11:08:08
274,mistral:7b,V2.1,abstract,ML,"REASONING: The paper focuses on the application of six supervised machine learning algorithms (GPR, XGBoost, GBM, RF, KNN, SVR) for predicting the load-settlement behavior of micro-piled raft foundations in clay. The primary contribution lies in demonstrating the superior accuracy and generalization of Gaussian process regression (GPR) in capturing nonlinear soil-structure interaction.

CATEGORY: ML",4.44,,False,2026-08-09T11:08:12
275,mistral:7b,V2.1,abstract,ML,"REASONING: The paper primarily focuses on the application of various machine learning algorithms (Logistic Regression, Decision Tree, K-nearest Neighbor, Support Vector Machine, Multinomial Naive Bayes, and Random Forest) to predict and analyze player partnerships in football matches.

CATEGORY: ML",3.55,,False,2026-08-09T11:08:16
276,mistral:7b,V2.1,abstract,ML,"REASONING: The paper discusses a bibliometric analysis using machine learning techniques (Biblioshiny, VOSviewer) for data analysis, and mentions deep learning and image recognition as advancements in AI-related nutrition research. However, the primary contribution of the paper lies in providing an overview of AI applications in eating behavior and food choice, rather than the specific technical methods used.

CATEGORY: ML (Machine Learning)",4.23,,False,2026-08-09T11:08:20
277,mistral:7b,V2.1,abstract,ML,"REASONING: The paper focuses on using machine learning algorithms to predict academic achievement from student data, with the LDA model being determined as the most successful. It also identifies factors affecting achievement and their impact on student success.

CATEGORY: ML",2.43,,False,2026-08-09T11:08:23
278,mistral:7b,V2.1,abstract,ML,"REASONING: The paper utilizes a machine learning tool (OpenFace 2.0) for quantifying subtle facial movements of medical students, and this tool's primary function is to detect action units (AUs), which are a key component of the paper's analysis.

CATEGORY: ML",3.04,,False,2026-08-09T11:08:26
279,mistral:7b,V2.1,abstract,ML,"REASONING: The paper primarily focuses on providing an overview of AI technologies in medical devices, emphasizing their integration into healthcare, technological advancements, and regulatory frameworks. It also discusses case studies showcasing AI medical devices focusing on speed vs. accuracy trade-offs, and the role of edge computing and IoT integration.
CATEGORY: ML (Machine Learning)",3.64,,False,2026-08-09T11:08:29
280,mistral:7b,V2.1,abstract,DL,"REASONING: The paper discusses the relationship between physics and deep learning, focusing on how properties from physics such as symmetry, locality, compositionality, and polynomial log-probability can lead to simpler neural networks. It also explores the efficiency of deep neural networks compared to shallow ones when dealing with certain hierarchical data structures. The paper uses information theory and proves various ""no-flattening theorems"" to formalize these claims.

CATEGORY: DL (Deep Learning)",4.54,,False,2026-08-09T11:08:34
281,mistral:7b,V2.1,abstract,DL,"REASONING: The paper employs radiomics, artificial intelligence (AI), logistic regression, support vector machines (SVMs), multiple neural network architectures, and a fusion neural network for distinguishing HCC from ICC. However, the primary contribution lies in the development and validation of the fusion neural network.

CATEGORY: DL",3.58,,False,2026-08-09T11:08:37
282,mistral:7b,V2.1,abstract,ML,"REASONING: This study aims to systematically review and evaluate the performance of AI models for predicting Gestational Diabetes Mellitus (GDM). The primary contribution lies in synthesizing the findings from multiple studies using meta-analysis or meta-regression, which is a statistical technique used in machine learning.

CATEGORY: ML",3.51,,False,2026-08-09T11:08:41
283,mistral:7b,V2.1,abstract,ML,"REASONING: The paper discusses the application of artificial intelligence in breast cancer management, focusing on machine learning techniques for data analysis from various sources like medical imaging, histopathology, genomics, and multi-omics. It evaluates the efficacy and limitations of these AI-driven advancements across different stages of breast cancer management.

CATEGORY: ML",3.53,,False,2026-08-09T11:08:44
284,mistral:7b,V2.1,abstract,DL,"REASONING: The paper proposes a new method called Federated Clustering-Based Centralized Classification (Fed3C) for federated learning, which involves generating centroids using K-means and determining their optimal number using Bayesian optimization, followed by classification using K-nearest neighbors (KNN).

CATEGORY: DL (Deep Learning)

The primary contribution of the paper is a novel method for federated learning, which can be considered a subset of deep learning as it involves neural network-like operations such as clustering and classification. Although the paper also uses machine learning techniques like K-means and KNN, the core method is a neural network-based approach, so it falls under the DL category according to the disambiguation rules provided.",6.93,,False,2026-08-09T11:08:51
285,mistral:7b,V2.1,abstract,AI,"REASONING: This paper discusses the application of Artificial Intelligence (AI) in local flap surgery, specifically focusing on its potential to digitize surgical planning, reduce subjectivity, and optimize reconstructive design. The primary contribution seems to be the exploration of AI's role in local flap surgery.

CATEGORY: AI",3.35,,False,2026-08-09T11:08:55
286,mistral:7b,V2.1,abstract,ML,"REASONING: The paper describes the development and validation of machine learning models for predicting preeclampsia-associated outcomes using a reduced feature set, with three specific models developed to predict different adverse outcomes. The primary contribution of the paper lies in the creation of these machine learning models.

CATEGORY: ML",3.34,,False,2026-08-09T11:08:58
287,mistral:7b,V2.1,abstract,ML,"REASONING: The paper proposes a digital twin solution that monitors logistics equipment using ML algorithms in an IoT environment. It utilizes multiple machine learning models such as Isolation Forest (iForest), Autoencoders, Long Short-Term Memory (LSTM) networks, and Random Forest (RF) for anomaly detection, Remaining Unit Life (RUL) prediction, and failure classification. The primary contribution of the paper is the application of these ML models in the digital twin system.

CATEGORY: ML",5.19,,False,2026-08-09T11:09:03
288,mistral:7b,V2.1,abstract,ML,"REASONING: The paper discusses the use of data-driven approaches to capture evolving patient trajectories and support real-time clinical decision-making, with machine learning (ML) and artificial intelligence (AI) being highlighted as valuable tools for this purpose.
CATEGORY: ML",2.73,,False,2026-08-09T11:09:06
289,mistral:7b,V2.1,abstract,ML,"REASONING: The paper presents a theoretical learning model for text classification using Support Vector Machines (SVMs), providing a quantitative explanation of their generalization performance. It addresses questions related to the effectiveness of SVMs in handling large feature spaces in text classification and their relationship with the statistical properties of text.

CATEGORY: ML",3.07,,False,2026-08-09T11:09:09
290,mistral:7b,V2.1,abstract,ML,"REASONING: The paper primarily discusses the use of machine learning (ML) for predicting food-drug interactions, analyzing various ML techniques such as supervised and unsupervised learning, reinforcement learning, and their application in absorption, distribution, metabolism, and elimination (ADME) forecasting and drug development. It also touches upon deep learning, explainable AI, and ethical and legal aspects of applying ML in pharmacokinetics.

CATEGORY: ML",4.47,,False,2026-08-09T11:09:14
291,mistral:7b,V2.1,abstract,DL,"REASONING: The paper discusses the application of artificial intelligence (AI) and machine learning (ML) in the diagnosis, management, and treatment of Fibromuscular dysplasia (FMD). It specifically mentions AI-enhanced imaging using convolutional neural networks (CNNs), ML models for risk stratification, prediction of disease progression, and early identification of complications, as well as AI-driven clinical decision support systems.

CATEGORY: DL (Deep Learning)",4.72,,False,2026-08-09T11:09:18
292,mistral:7b,V2.1,abstract,DL,"REASONING: The paper discusses various machine learning (ML) applications in cancer imaging, including tumor detection, radiomics, multi-modal imaging, and therapy monitoring. It also delves into deep learning architectures, data preprocessing strategies, and AI's role in radiotherapy planning, treatment response prediction, and real-time image-guided interventions.
CATEGORY: DL (Deep Learning)",3.8,,False,2026-08-09T11:09:22
293,mistral:7b,V2.1,abstract,DL,"REASONING: The paper describes a deep neural network model (a vision transformer) that incorporates top-down feedback, and this model is used to recapitulate and predict human behavior in one-shot perceptual learning. The results of the model are compared with the neural code in the human high-level visual cortex.

CATEGORY: DL",3.36,,False,2026-08-09T11:09:25
294,mistral:7b,V2.1,abstract,ML,"REASONING: The paper presents a systematic study on country-level ESG modeling using machine learning techniques, focusing on four computational tasks: representation learning, level forecasting, directional change classification, and explainability. It compares linear and nonlinear models across these tasks, and the primary contribution lies in demonstrating that simple linear models trained on raw indicators outperform more complex approaches for forecasting ESG levels.

CATEGORY: ML",4.03,,False,2026-08-09T11:09:30
295,mistral:7b,V2.1,abstract,ML,"REASONING: The paper investigates the relationships among undergraduate students' awareness, perception, and preparedness regarding AI tools for decision-making in health emergencies. It uses statistical analysis methods such as one-sample t-tests, simple linear regression analyses, and random forest regression (RFR) to analyze the data. The primary contribution of the paper is the use of RFR to test predictive accuracy and assess non-linear patterns.

CATEGORY: ML",4.67,,False,2026-08-09T11:09:34
296,mistral:7b,V2.1,abstract,AI,"REASONING: The paper discusses the application of artificial intelligence (AI) in the diagnosis of structural heart disease (SHD) and valvular heart disease (VHD), with a focus on AI-guided models trained on ECGs, chest X-rays, and coronary artery calcium scans. These models are highlighted for their high accuracy in diagnosis and improved explainability.

CATEGORY: AI",3.98,,False,2026-08-09T11:09:38
297,mistral:7b,V2.1,abstract,ML,"REASONING: The paper describes the use of Random Forests, a combination of tree predictors, as a machine learning method for both classification and regression tasks. The primary contribution of this paper seems to be the application of internal estimates in Random Forests to monitor error, strength, correlation, and variable importance.

CATEGORY: ML",3.13,,False,2026-08-09T11:09:41
298,mistral:7b,V2.1,abstract,DL,"REASONING: The paper discusses the use of AI, NLP, ML, and DL in transforming educational practices through adaptive learning systems. The primary contribution seems to be the development and application of these advanced technologies for personalized learning experiences.

CATEGORY: DL (Deep Learning)",2.82,,False,2026-08-09T11:09:44
299,mistral:7b,V2.1,abstract,AI,"REASONING: The paper primarily focuses on the evolution of timekeeping, with an emphasis on atomic clocks, dissemination methods, and emerging applications such as quantum communication and quantum computing. It also discusses the use of AI/ML for predictive control and resilience in timekeeping systems, which is the primary contribution of AI/ML in this context.

CATEGORY: AI (general artificial intelligence approaches)",3.88,,False,2026-08-09T11:09:48
0,mistral:7b,V2.2,abstract,DL,"REASONING: The paper focuses on studying scaling laws for language model performance using power-law relationships with model size, dataset size, and compute used for training. It also discusses the effects of architectural details like network width and depth, and provides equations governing overfitting and training speed.

CATEGORY: DL (Deep Learning)",3.3,,False,2026-08-09T11:09:51
1,mistral:7b,V2.2,abstract,DL,"REASONING: The paper primarily focuses on comparing classical and quantum neural networks in terms of their response to data corruption, revealing differences in their resilience to noise. It also introduces a framework for quantum machine unlearning, which allows trained models to forget bad influences more efficiently than classical models.

CATEGORY: DL (Deep Learning)",3.14,,False,2026-08-09T11:09:54
2,mistral:7b,V2.2,abstract,DL,"REASONING: The paper describes the training of a deep convolutional neural network (CNN) for image classification, using techniques such as non-saturating neurons, efficient GPU implementation, dropout regularization, and entering the model in competitions like ImageNet LSVRC-2010 and ILSVRC-2012. The primary contribution of the paper is the development and training of this specific CNN architecture.

CATEGORY: DL",4.31,,False,2026-08-09T11:09:59
3,mistral:7b,V2.2,abstract,DL,"REASONING: The paper evaluates the performance of four AI chatbots in addressing questions related to adrenal incidentalomas. The primary contribution of the paper is the comparison and evaluation of these chatbots' accuracy, quality, hallucination tendency, and readability.

CATEGORY: DL (Deep Learning)

The core methodology of this study involves the use of AI chatbots, which are neural network-based models. Although the paper also falls under ML (Machine Learning) and AI (Artificial Intelligence), the primary contribution is based on the comparison of these specific deep learning models, making it most appropriate to classify as DL.",6.1,,False,2026-08-09T11:10:05
4,mistral:7b,V2.2,abstract,DL,"REASONING: The paper describes the use of a deep learning (DL) model based on the YOLO v11x network for automatic recognition of key anatomical structures during laparoscopic donor nephrectomy surgery. The model is optimized using a sophisticated loss function and evaluated using precision, recall, and F1 score metrics.

CATEGORY: DL",4.02,,False,2026-08-09T11:10:09
5,mistral:7b,V2.2,abstract,ML,"REASONING: The paper's primary contribution lies in evaluating various machine learning models for predicting fetal distress based on cardiotocography signals, using a publicly available dataset. It compares multiple classification models and examines the impact of data partitioning strategies and input feature selection on classification performance and predictor importance.

CATEGORY: ML",3.57,,False,2026-08-09T11:10:12
6,mistral:7b,V2.2,abstract,DL,"REASONING: The paper primarily focuses on the application of AI techniques, including deep neural networks and Machine Learning (ML), in Forensic Odontology (FO). It discusses how these technologies improve the analysis of dental records, bite marks, age and sex estimation, and facial reconstruction.

CATEGORY: DL (Deep Learning)",3.41,,False,2026-08-09T11:10:16
7,mistral:7b,V2.2,abstract,ML,"REASONING: The paper presents an incremental variant of the EM algorithm for maximum likelihood estimation, focusing on a function that resembles negative free energy and justifying its use in the context of unobserved variables. The primary contribution lies in the proposed incremental variant of the EM algorithm for faster convergence in mixture estimation problems.

CATEGORY: ML",3.19,,False,2026-08-09T11:10:19
8,mistral:7b,V2.2,abstract,DL,"REASONING: The paper discusses an expanded view of intelligence that includes both biological and machine intelligence, with a focus on the development of machine intelligence through deep learning (DL). The primary contribution of the paper lies in its philosophical exploration of intelligence, but the technical implementation is based on DL.

CATEGORY: DL",3.05,,False,2026-08-09T11:10:22
9,mistral:7b,V2.2,abstract,ML,"REASONING: The paper describes a hybrid approach using Particle Swarm Optimization-Grey Wolf Optimization (PSO-GWO) algorithm for feature selection, ensemble learning algorithms for model development, and explainable AI techniques for model interpretability. CatBoost is identified as the final model, and SHAP, LIME, Partial Dependence Plot (PDP), and Individual Conditional Expectation (ICE) analyses are performed for model interpretability. A nomogram is developed using logistic regression, and a web application is created using Python Dash.

CATEGORY: ML",5.79,,False,2026-08-09T11:10:28
10,mistral:7b,V2.2,abstract,DL,"REASONING: The paper presents a method that uses several forecasting algorithms, including Neural Networks (ANN) and K-Nearest Neighbors (KNN), to predict energy consumption patterns of a building. A decision tree is used to identify unique contexts based on rules derived from energy and sensor data. A Multi-Armed Bandit algorithm with reinforcement learning capabilities is employed to select the most effective forecasting algorithm.

CATEGORY: DL (Deep Learning)",4.63,,False,2026-08-09T11:10:33
11,mistral:7b,V2.2,abstract,DL,"REASONING: The paper's primary contribution lies in the development and application of a deep learning pipeline using a convolutional neural network (CNN) for classifying cancer versus normal tissue and predicting drug response in high-grade serous ovarian cancer. Additionally, machine learning algorithms such as Lasso, AdaBoost, Naive Bayes, XGBoost, and Random Forest are used for feature selection.

CATEGORY: DL",4.41,,False,2026-08-09T11:10:37
12,mistral:7b,V2.2,abstract,ML,"REASONING: The paper discusses the use of machine learning algorithms for predicting intraoperative hypotension, with specific mention of their application in electrocardiography, basal systolic, and diastolic blood pressure. The primary contribution of the paper lies in evaluating the clinical performance of these machine learning algorithms.

CATEGORY: ML",3.7,,False,2026-08-09T11:10:41
13,mistral:7b,V2.2,abstract,ML,"REASONING: The paper discusses the problem of ""selective inference"" in the context of big data and complex statistical modeling, focusing on the challenge of assessing the strength of associations found in a large dataset using sophisticated statistical learning methods like forward stepwise regression, lasso, and principal components analysis.

CATEGORY: ML",3.26,,False,2026-08-09T11:10:44
14,mistral:7b,V2.2,abstract,ML,"REASONING: The paper discusses the application of machine learning, deep learning, and natural language processing in sustainable green finance, focusing on credit-risk modeling, portfolio optimization, ESG evaluation, and detecting greenwashing. The primary contribution seems to be the synthesis of recent literature on AI applications in these areas.

CATEGORY: ML (Classical Machine Learning)",3.53,,False,2026-08-09T11:10:47
15,mistral:7b,V2.2,abstract,DL,"REASONING: The paper utilizes pretrained deep learning models (DenseNet-121, EfficientNet-B0, and ResNet-50) for the classification of oral lesions as malignant or benign, with DenseNet-121 demonstrating superior performance.

CATEGORY: DL",3.25,,False,2026-08-09T11:10:51
16,mistral:7b,V2.2,abstract,ML,"REASONING: The paper utilizes a machine learning model (LightGBM) based on tree-learning algorithms for predicting contraceptive continuation among women in West Africa. SHAP analysis is employed for feature importance ranking.

CATEGORY: ML",2.76,,False,2026-08-09T11:10:53
17,mistral:7b,V2.2,abstract,ML,"REASONING: The paper discusses the application of various machine learning techniques (artificial neural networks, support vector machines, random forests, convolutional neural networks, and deep learning models) for improving matrix-effect prediction, signal interpretation, chromatographic performance, and workflow automation in LC–MS/MS applications. The primary contribution of the paper lies in its review and evaluation of AI-assisted bioanalytical methodologies.

CATEGORY: ML",4.67,,False,2026-08-09T11:10:58
18,mistral:7b,V2.2,abstract,DL,"REASONING: The paper discusses the use of artificial intelligence (AI), particularly deep learning and machine learning, for integrating multi-omics data in cancer diagnosis and treatment. It focuses on graph neural networks, transformers, explainable AI (XAI) for clinical decision support, and addresses various challenges such as data harmonization, batch correction, missing data imputation, and computational scalability.

CATEGORY: DL (Deep Learning)",4.42,,False,2026-08-09T11:11:03
19,mistral:7b,V2.2,abstract,DL,"REASONING: The paper discusses the application of AI methods, specifically machine learning, deep learning, reinforcement learning, and generative models, to improve theranostic decisions in cancer treatment using nanoparticles. It focuses on the development, optimization, and modeling of these nanoparticles using AI techniques.

CATEGORY: DL (Deep Learning)

The primary contribution of the paper lies in the application of deep learning techniques for the development and optimization of theranostic nanoparticles. Although other machine learning methods are also mentioned, the focus on deep learning makes it the most specific applicable category.",5.61,,False,2026-08-09T11:11:08
20,mistral:7b,V2.2,abstract,ML,"REASONING: The paper presents a new technique called ""t-SNE"" for visualizing high-dimensional data in two or three dimensions, which is a variation of Stochastic Neighbor Embedding (SNE). It improves upon existing techniques by reducing the tendency to crowd points together and better reveals structure at multiple scales. The paper also discusses using random walks on neighborhood graphs for large data sets.

CATEGORY: ML",4.13,,False,2026-08-09T11:11:12
21,mistral:7b,V2.2,abstract,DL,"REASONING: The paper presents a novel method, TTMCDA-XAIBDL, for detecting and mitigating ransomware cyber threats. It uses data preprocessing, feature selection, Bayesian neural network (BNN) classification, hyperparameter optimization using whale optimization algorithm (WOA), and explainability using SHAP. The primary contribution of the paper is the development and implementation of the TTMCDA-XAIBDL method, which makes use of deep learning (BNN) and explainable AI (XAI).

CATEGORY: DL (Deep Learning)",5.66,,False,2026-08-09T11:11:18
22,mistral:7b,V2.2,abstract,ML,"REASONING: The paper primarily focuses on conducting cost-utility analyses using machine learning regression analysis for exploring value heterogeneity of AI-PM in healthcare.

CATEGORY: ML",2.29,,False,2026-08-09T11:11:20
23,mistral:7b,V2.2,abstract,ML,"REASONING: The paper's primary contribution lies in the development of an AI system for ACL tear segmentation and diagnosis using deep learning (3D nnU-Net) for segmentation and machine learning algorithms (SVM, RF, SGD) for classification.

CATEGORY: ML",2.96,,False,2026-08-09T11:11:23
24,mistral:7b,V2.2,abstract,ML,"REASONING: The paper's primary contribution lies in the implementation and comparison of various machine learning models (Logistic Regression, K-Nearest Neighbors, Gaussian Naive Bayes, Support Vector Classifier, Decision Tree, Random Forest, AdaBoost, Gradient Boosting Classifier, CatBoost, LightGBM) for predicting food addiction among university students using a combination of demographic, anthropometric and personality data. The SHAP method is used for feature importance analysis and model interpretation.

CATEGORY: ML",5.38,,False,2026-08-09T11:11:29
25,mistral:7b,V2.2,abstract,DL,"REASONING: The paper proposes a hybrid AI model that integrates multiple techniques, including particle swarm optimization (PSO), coati optimization (COO), gated recurrent unit (GRU), and adaptive neuro-fuzzy inference system (ANFIS). The primary contribution of the paper is the development of the PSO-COO-GRU-ANFIS model, which uses GRU for pattern extraction and ANFIS for prediction.

CATEGORY: DL (Deep Learning)",5.08,,False,2026-08-09T11:11:34
26,mistral:7b,V2.2,abstract,ML,"REASONING: The paper discusses the application of Explainable AI (XAI) methods in sports science to make machine learning models more transparent and interpretable. The primary contribution of the paper is a systematic review of how XAI techniques have been applied in sports science, with a focus on SHapley Additive Explanations as the most commonly used method.

CATEGORY: ML",3.82,,False,2026-08-09T11:11:38
27,mistral:7b,V2.2,abstract,ML,"REASONING: The paper utilizes multiple machine learning models (extreme gradient boosting, multilayer perceptron, and logistic regression) to predict functional outcome after acute ischemic stroke. It also employs explainable artificial intelligence to identify key drivers of performance.

CATEGORY: ML",3.25,,False,2026-08-09T11:11:41
28,mistral:7b,V2.2,abstract,ML,"REASONING: The paper's primary contribution lies in developing a mathematical predictive model for rainfall isotopic values using machine learning techniques, specifically employing several machine learning algorithms such as SVM, GBR, ANN, CatBoost, XGBoost, and RF to compare predicted isotopic values with actual readings. The paper's core methodology follows machine learning techniques, particularly the Random Forest (RF) approach, which was found to achieve superior predictive performance.

CATEGORY: ML",4.85,,False,2026-08-09T11:11:46
29,mistral:7b,V2.2,abstract,ML,"REASONING: The paper applies machine learning algorithms, specifically random forest, gradient boosting, and extreme gradient boosting, to analyze data from 30 studies on traumatic brain injury (TBI). It uses these models to predict the rate of change in cognition post-TBI, evaluates model performance, and performs explanatory analysis.

CATEGORY: ML",3.67,,False,2026-08-09T11:11:49
30,mistral:7b,V2.2,abstract,ML,"REASONING: The paper primarily focuses on the application of machine learning and deep learning approaches in the field of anticancer drug discovery using phytochemicals. The core methodology involves integrating chemical, biological, and multi-omics data to identify promising compounds from natural products.

CATEGORY: ML",3.09,,False,2026-08-09T11:11:52
31,mistral:7b,V2.2,abstract,DL,"REASONING: The paper presents a novel ensemble of six hybrid models, including three machine learning (ML) and three deep learning (DL) models to forecast nocturnal SUHI in Tehran through 2030. The primary contribution lies in the development and benchmarking of these hybrid models that integrate spatial and temporal learning.

CATEGORY: DL",3.79,,False,2026-08-09T11:11:56
32,mistral:7b,V2.2,abstract,DL,"REASONING: The paper discusses the application of artificial intelligence (AI) and machine learning (ML) in Non-small cell lung cancer (NSCLC), focusing on deep learning and ensemble methods for imaging, genomics, and multimodal integration. It emphasizes clinical validation, interpretability, and ethical deployment, highlighting their superiority over traditional diagnostic workflows.

CATEGORY: DL",3.92,,False,2026-08-09T11:12:00
33,mistral:7b,V2.2,abstract,DL,"REASONING: The paper discusses the role of AI and ML, particularly supervised learning, deep neural networks, natural language processing, and reinforcement learning, in drug repurposing for HBV. It highlights their applications in high throughput virtual screening, predicting interventions between drugs and their targets, and stratifying patients for personalized interventions.

CATEGORY: DL (Deep Learning)",3.89,,False,2026-08-09T11:12:04
34,mistral:7b,V2.2,abstract,DL,"REASONING: The paper primarily focuses on using deep learning (DL) techniques, specifically Convolutional Neural Networks (CNNs), for automatic analysis of kidney cancer. It also employs a fusion of feature extraction models and an attention mechanism-based CNN-BiLSTM-AM classifier.

CATEGORY: DL",3.64,,False,2026-08-09T11:12:08
35,mistral:7b,V2.2,abstract,ML,"REASONING: The paper employs supervised machine learning classifiers for the automated detection of Adverse Drug Reactions (ADRs) from text data, specifically from tweets and drug reviews in the PsyTAR dataset. The primary contribution lies in the application of these classifiers to improve ADR surveillance and pharmacovigilance research.

CATEGORY: ML",3.69,,False,2026-08-09T11:12:11
36,mistral:7b,V2.2,abstract,DL,"REASONING: The paper proposes an AI-based intrusion detection and secure communication technique (AIBID-SCSA) for enhancing attack recognition in assisted 6G-IoT networks. It uses min-max normalization, improved sparrow search algorithm (ISSA)-based feature selection, long short-term memory (MIX_LSTM) model for classification, and rabbit optimization algorithm (ROA) for hyperparameter selection. The primary contribution of the paper lies in the integration of these techniques to improve intrusion detection accuracy.

CATEGORY: DL",5.4,,False,2026-08-09T11:12:17
37,mistral:7b,V2.2,abstract,DL,"REASONING: The paper describes the use of two different approaches for automating and standardizing interpretation of urodynamic studies: a deep learning (DL) approach using CNN-VGG16 and a machine learning (ML) approach using Daubechies transforms. The primary contribution of the paper is the integration of signal processing, anomaly detection, and AI classification to improve the accuracy and efficiency of CMG event recognition, particularly in detecting detrusor overactivity (DO).

CATEGORY: DL (Deep Learning)",5.06,,False,2026-08-09T11:12:22
38,mistral:7b,V2.2,abstract,DL,"REASONING: The paper describes the experimental validation of key amino acid mutations predicted by a sparse convolutional neural network (a deep learning method) to enhance the thermostability of microbial transglutaminase, and further investigates the molecular basis using molecular dynamics simulations. However, the primary contribution of the paper lies in the development and experimental validation of the sparse convolutional neural network for enzyme molecular modification, which is a deep learning approach.

CATEGORY: DL",4.86,,False,2026-08-09T11:12:27
39,mistral:7b,V2.2,abstract,ML,"REASONING: The paper primarily focuses on the application of various machine learning techniques (Convolutional Neural Networks, Random Forest, Support Vector Machine, and Extreme Gradient Boosting) for the assessment, monitoring, and management of skin injuries in hospitalized patients.

CATEGORY: ML",3.24,,False,2026-08-09T11:12:30
40,mistral:7b,V2.2,abstract,ML,"REASONING: This work presents a novel machine learning framework that integrates artificial neural networks (ANNs) with explainable artificial intelligence (XAI) for accurate and interpretable device modeling of WBG semiconductors, specifically 4 H-SiC MOSFETs. The ANN is trained on TCAD-generated datasets, and SHAP analysis is employed to quantify the influence of each design parameter on electrical characteristics.

CATEGORY: ML",4.34,,False,2026-08-09T11:12:34
41,mistral:7b,V2.2,abstract,ML,"REASONING: This paper presents an integrated approach that uses machine learning (ML) algorithms to model the relationship between cotton fiber properties and yarn properties, with a focus on providing interpretability and transparency using explainable artificial intelligence (XAI) techniques like Shapley additive explanations (SHAP).

CATEGORY: ML",3.33,,False,2026-08-09T11:12:38
42,mistral:7b,V2.2,abstract,ML,"REASONING: The paper's primary contribution lies in the development and evaluation of machine learning models for oral cancer diagnosis, specifically using Gray Level Co-occurrence Matrix (GLCM) features and various machine learning algorithms such as Fine Tree, Medium Tree, Linear Discriminant, Linear Support Vector Machine, K-Nearest Neighbors, and Neural Network (MLP).

CATEGORY: ML",4.32,,False,2026-08-09T11:12:42
43,mistral:7b,V2.2,abstract,ML,"REASONING: The paper's primary contribution lies in mapping the global research landscape on AI-based knee OA progression prediction from 2010 to November 2025, highlighting key contributors, collaboration networks, methodological trends, and evolving research hotspots. The methodology used is a comprehensive bibliometric analysis of various databases.

CATEGORY: ML (Classical machine learning — supervised/unsupervised learning, tree-based methods, SVMs, clustering, feature engineering)

The paper's focus on mapping research trends and thematic evolution in the field of AI-based knee OA progression prediction primarily involves classical machine learning techniques such as bibliometric analysis, which falls under the ML category. Although deep learning is mentioned, it is not the primary contribution or methodology of the paper.",8.01,,False,2026-08-09T11:12:50
44,mistral:7b,V2.2,abstract,ML,"REASONING: The paper employs advanced Machine Learning (ML) regression techniques, optimized using metaheuristic algorithms, and performs sensitivity analyses using SHAP and CAM. The primary contribution lies in integrating optimization algorithms with advanced models to improve predictive accuracy and model robustness for global energy forecasting.

CATEGORY: ML",3.48,,False,2026-08-09T11:12:53
45,mistral:7b,V2.2,abstract,DL,"REASONING: The paper presents an artificial intelligence-based diagnostic approach that combines an improved Exponential Triangular Optimization algorithm (IETO) with a Convolutional Neural Network (CNN) model for computer numerical control (CNC) machine tool bearing fault diagnosis. The primary contribution lies in the development of a more efficient IETO algorithm and a joint hyperparameter optimization plan, which are then integrated with a CNN model to create an end-to-end bearing fault diagnosis model.

CATEGORY: DL",4.84,,False,2026-08-09T11:12:58
46,mistral:7b,V2.2,abstract,ML,"REASONING: The paper describes the use of machine learning algorithms (ExtraTrees, XGBoost, LightGBM) to construct predictive models for early recurrence of hepatocellular carcinoma using clinical blood biomarkers, MRI features, and pathological data.

CATEGORY: ML",3.33,,False,2026-08-09T11:13:02
47,mistral:7b,V2.2,abstract,DL,"REASONING: The paper discusses the integration of AI in discussion forums, focusing on six applications of AI, including chatbots and GenAI. It primarily explores the role of AI in learning, with three types of man-machine partnerships related to activities, and the significance of automatic evaluation functions.

CATEGORY: DL (Deep Learning)

Explanation: Although the paper does not explicitly focus on deep learning techniques, it primarily discusses the use of chatbots and GenAI, which are neural network architectures under the category of Deep Learning. Therefore, the most specific applicable category is DL.",5.98,,False,2026-08-09T11:13:08
48,mistral:7b,V2.2,abstract,ML,"REASONING: The paper describes the development of a machine learning-assisted biosensing platform for prostate cancer screening, which utilizes iron-doped carbon quantum dots (Fe0.45-CDs) coupled with sarcosine oxidase (SOX). The Fe0.45-CDs are synthesized via a microwave-assisted strategy and possess unique structural and optical advantages that facilitate the construction of a cascade reaction-based sensor. Machine learning algorithms, specifically k-nearest neighbors (KNN), are used to analyze RGB features extracted from smartphone-captured images for optimal prediction accuracy towards Sar concentration.

CATEGORY: ML",6.49,,False,2026-08-09T11:13:14
49,mistral:7b,V2.2,abstract,ML,"REASONING: The paper proposes a data-driven predictive model for estimating mean pulmonary artery pressure (mPAP) based on individual patient clinical diagnostic features, and it incorporates CMR-related features into the disease evaluation framework. This primary contribution involves the development of a machine learning model for medical diagnosis, specifically for pulmonary hypertension.

CATEGORY: ML",3.69,,False,2026-08-09T11:13:18
50,mistral:7b,V2.2,abstract,ML,"REASONING: The paper introduces a formal reduction between two machine learning algorithms, Elastic Net and Support Vector Machine (SVM), and presents a parallel solver for the Elastic Net (and Lasso) that utilizes GPU and multi-core CPUs to achieve faster results.

CATEGORY: ML",2.93,,False,2026-08-09T11:13:21
51,mistral:7b,V2.2,abstract,DL,"REASONING: The paper focuses on assessing AI models for predicting hematoma expansion in patients with intracerebral hemorrhage, using both machine learning and deep learning techniques. The primary contribution of the paper lies in evaluating the performance of these AI models, particularly the pooled AUC, sensitivity, specificity, diagnostic score, and diagnostic odds ratio.

CATEGORY: DL (Deep Learning)",4.2,,False,2026-08-09T11:13:25
52,mistral:7b,V2.2,abstract,ML,"REASONING: The paper utilizes a machine learning model based on an artificial neural network for predicting COVID-19 cases, deaths, and case fatality ratio, using various land use forms and population density as input data. The primary contribution lies in developing and testing this specific neural network model for epidemic prediction.

CATEGORY: ML",3.7,,False,2026-08-09T11:13:29
53,mistral:7b,V2.2,abstract,DL,"REASONING: This study primarily discusses the application of Deep Learning (DL) in medical imaging diagnosis, Radiomics analysis, multi-omics analysis, and ethical considerations in oncology. The paper's primary contribution lies in discussing the use and benefits of DL in oncology, particularly in improving diagnostic results and treatment planning.

CATEGORY: DL",3.68,,False,2026-08-09T11:13:32
54,mistral:7b,V2.2,abstract,DL,"REASONING: The paper presents a large-scale, data-driven, concentric deep learning model for forecasting financial risks. It uses historical financial policy and risk behavior data to identify important risk factors and optimize financial allocations. The model continues to improve its predictions by uncovering subtle and complex patterns that other models would miss.

CATEGORY: DL",3.41,,False,2026-08-09T11:13:36
55,mistral:7b,V2.2,abstract,ML,"REASONING: The paper primarily focuses on the application of artificial intelligence (AI) and machine learning (ML) in integrating multi-omics data for improving predictive accuracy in risk stratification models for plasma cell disorders like MGUS, SMM, and MM. The core methodology follows AI-based approaches that incorporate multi-omics data to identify novel biomarkers and predict disease outcomes with greater precision.

CATEGORY: ML",4.26,,False,2026-08-09T11:13:40
56,mistral:7b,V2.2,abstract,ML,"REASONING: The paper proposes a multi-level feature Dempster–Shafer joint (MLDSJ) attribution method for Advanced Persistent Threat (APT) groups based on threat intelligence. It extracts multi-level features such as attack patterns, textual information, and graph topology from CTI reports, classifies these features separately using simple machine learning models, and integrates them using Dempster–Shafer evidence theory for final attribution.

CATEGORY: ML",4.84,,False,2026-08-09T11:13:45
57,mistral:7b,V2.2,abstract,ML,"REASONING: The paper discusses the application of Artificial Intelligence (AI) in the medical field, specifically focusing on supervised Machine Learning (ML) models for pneumonia discrimination and optimal therapeutic dosing determination. It also mentions ML-CDSS with potential for integration into clinical practice.

CATEGORY: ML",3.26,,False,2026-08-09T11:13:48
58,mistral:7b,V2.2,abstract,ML,"REASONING: The paper discusses the use of AI models for food formulation, recipe generation, ingredient selection, formulation optimization, and quality- and safety-driven product development. It also highlights the importance of key parameters like regulatory limits, physicochemical properties of ingredients, and food safety for AI-assisted food formulation. The paper evaluates AI applications as supportive tools for formulation and discusses the need for standardized food formulation datasets, explainable models, external validation, and integration with expert testing.

CATEGORY: ML (Machine Learning)",5.19,,False,2026-08-09T11:13:53
59,mistral:7b,V2.2,abstract,ML,"REASONING: The paper employs high-performance Machine Learning (ML) models for predicting concrete compressive strength using the Arithmetic Optimization Algorithm (AOA) optimization for better predictive performance. It also utilizes CatBoost, a popular ensemble ML model, and explains the predictions with permutation importance and Explainable Artificial Intelligence (XAI).

CATEGORY: ML",4.09,,False,2026-08-09T11:13:57
60,mistral:7b,V2.2,abstract,DL,"REASONING: The paper introduces a new deep learning framework, QuantumNeuroXAI, that leverages quantum-inspired feature encoding and combines temporal convolutional and attention-based recurrent modeling for EEG analysis. It also includes an explainability module for interpretable decision rules. The primary contribution of the paper is the development of this new deep learning framework.

CATEGORY: DL",4.23,,False,2026-08-09T11:14:02
61,mistral:7b,V2.2,abstract,ML,"REASONING: The paper discusses the application of artificial intelligence (AI) in abdominal oncology, focusing on computer-aided detection (CAD) and diagnosis (CADx), radiomics, and machine learning techniques to aid in tumor identification, characterization, and personalized therapy.

CATEGORY: ML",3.31,,False,2026-08-09T11:14:05
62,mistral:7b,V2.2,abstract,ML,"REASONING: The paper's primary contribution lies in evaluating the predictive performance of multiple machine-learning algorithms for forecasting postoperative air-bone gap following tympanoplasty. The core methodology follows a supervised learning approach, with the Random Forest classifier being the most accurate among the six compared models.

CATEGORY: ML",3.48,,False,2026-08-09T11:14:08
63,mistral:7b,V2.2,abstract,ML,"REASONING: The paper focuses on employing machine learning techniques for credit card fraud detection, specifically comparing the performance of four supervised learning algorithms (Logistic Regression, Random Forest, XGBoost, and LightGBM). It also uses Explainable Artificial Intelligence (XAI) techniques to interpret the models' predictive output. The primary contribution lies in evaluating these models for their predictive performance and explainability.

CATEGORY: ML",4.27,,False,2026-08-09T11:14:13
64,mistral:7b,V2.2,abstract,Unclear,"REASONING: The paper discusses the application of Artificial Intelligence (AI) and Machine Learning (ML) in sports medicine, outlining their current state, evaluating their clinical validation, and identifying key priorities for future advancements. However, the primary contribution of the paper is a scoping review of existing studies that apply AI or ML to individuals within a sports medicine context, rather than the development of specific AI or ML models.

CATEGORY: Unclear (as the abstract does not provide enough information to assign a category individually)",4.9,,False,2026-08-09T11:14:18
65,mistral:7b,V2.2,abstract,DL,"REASONING: The paper primarily discusses the use of three-dimensional NVU organoids, spatial transcriptomics with single-cell resolution, and artificial intelligence technology (machine learning and deep learning) for studying neurovascular unit dysfunction during Alzheimer's disease progression. The primary contribution lies in the application of these technologies.

CATEGORY: DL (Deep Learning)",3.58,,False,2026-08-09T11:14:21
66,mistral:7b,V2.2,abstract,ML,"REASONING: The paper's primary contribution lies in the development and comparison of machine learning models, specifically deep neural network models, for predicting functional independence after successful endovascular thrombectomy. The Shapley additive explanations (SHAP) analysis is used to understand the importance of systolic blood pressure metrics in these models.

CATEGORY: ML",3.73,,False,2026-08-09T11:14:25
67,mistral:7b,V2.2,abstract,DL,"REASONING: The paper discusses various machine learning (ML) and deep learning (DL) techniques for anemia diagnosis, comparing their accuracy, key features, research gaps, and future scope. It also assesses dataset sizes used in these studies to explore any correlation with models' accuracy. However, the primary contribution of the paper seems to be the comparison of different ML and DL methods for anemia detection, making it a DL paper due to its focus on neural network architectures.

CATEGORY: DL",4.9,,False,2026-08-09T11:14:30
68,mistral:7b,V2.2,abstract,ML,"REASONING: The paper proposes a novel explanation technique (LIME) for interpreting the predictions of any classifier, including neural networks and random forests, by learning interpretable models locally around the prediction. It also presents a method to explain models in a non-redundant way using submodular optimization.

CATEGORY: ML",3.21,,False,2026-08-09T11:14:33
69,mistral:7b,V2.2,abstract,DL,"REASONING: The paper presents a novel fall activity recognition system for disabled persons using a Temporal Convolutional Network (TCN) classifier, which is a deep learning technique. The system involves image pre-processing, feature extraction using NASNetMobile, DenseNet121, and MobileNetV3Large, and fine-tuning using Adamax.

CATEGORY: DL",3.85,,False,2026-08-09T11:14:37
70,mistral:7b,V2.2,abstract,AI,"REASONING: The paper discusses the use of AI to personalize virtual reality exposure therapy (VRET), focusing on machine learning applications for outcome prediction and personalizing cues and contexts. However, the primary contribution of the paper is a systematic review mapping the current state of AI in VRET, rather than the specific machine learning techniques themselves.

CATEGORY: AI",3.6,,False,2026-08-09T11:14:40
71,mistral:7b,V2.2,abstract,ML,"REASONING: The paper discusses the use of AI in healthcare, specifically in diabetes care, and presents priorities for various stakeholders to establish trust in this technology. It emphasizes the need for medical AI systems to have six key attributes, including accuracy, reproducibility, privacy/security, transparency, human oversight, and fairness. The paper proposes practical methods to achieve these attributes, prioritizing diabetes care.

CATEGORY: ML (Classical Machine Learning)

The focus on probabilistic outputs and the need for clear standards for medical AI provenance and performance suggest that the paper's primary contribution lies in the development of machine learning models for healthcare applications. While the paper mentions neural networks, the emphasis is more on the practical methods to achieve trustworthy AI rather than the specific neural network architecture itself. Therefore, it is classified as ML due to its focus on probabilistic outputs and the development of standards for medical AI performance.",8.28,,False,2026-08-09T11:14:49
72,mistral:7b,V2.2,abstract,DL,"REASONING: The paper primarily focuses on the application of AI-based algorithms for dermoscopic image analysis, with Convolutional Neural Networks (CNNs) being the most common model type. It also discusses hybrid and ensemble models that incorporate other deep learning architectures like EfficientNet, DenseNet, and ResNet.

CATEGORY: DL",3.84,,False,2026-08-09T11:14:53
73,mistral:7b,V2.2,abstract,ML,"REASONING: The paper discusses the integration of Quantum Computing (QC) and Artificial Intelligence (AI), focusing on specific QC methodologies and applications in AI, such as quantum optimization, Quantum Machine Learning (QML), and post-quantum cryptography. The primary contribution of the paper is the introduction of an integrative framework that categorizes key AI QC convergence dimensions and proposes a classification of application areas based on technical requirements and algorithmic capabilities.

CATEGORY: ML (since the paper discusses Quantum Machine Learning, which is a subset of machine learning)",5.67,,False,2026-08-09T11:14:58
74,mistral:7b,V2.2,abstract,DL,"REASONING: The paper proposes a new method called Refined Deep Evolutionary Learning Framework (R-DELF) that combines genomic, structural, and temporal intelligence for predicting proactive viral mutations and assessing vaccine suitability. It uses an ESM-2 Transformer, dual-attention Graph Neural Networks (GNNs), evolutionary learning maximiser, and an Explainable AI layer. The primary contribution of the paper is the development and implementation of this deep learning framework.

CATEGORY: DL",5.23,,False,2026-08-09T11:15:04
75,mistral:7b,V2.2,abstract,DL,"REASONING: The paper primarily focuses on comparing different strategies for hyper-parameter optimization, with a specific emphasis on random search versus grid search and manual search. It provides empirical evidence that random search is more efficient for hyper-parameter optimization than grid search.

CATEGORY: DL (Deep Learning)

Explanation: Although the paper does not solely focus on neural network architectures, it primarily uses neural networks as a case study to demonstrate the efficiency of random search over grid search. Therefore, the most specific applicable category is Deep Learning (DL), as the core methodology follows a deep learning approach.",5.49,,False,2026-08-09T11:15:09
76,mistral:7b,V2.2,abstract,ML,"REASONING: The paper's primary focus is on comparing the diagnostic performance of Machine Learning/Deep Learning (ML/DL) algorithms against conventional expert interpretation in preoperative grading of pancreatic neuroendocrine tumors using imaging modalities. The study conducts a systematic review and meta-analysis, and the results show that ML/DL models demonstrate higher sensitivity but lower specificity compared to conventional imaging.

CATEGORY: ML",4.51,,False,2026-08-09T11:15:14
77,mistral:7b,V2.2,abstract,DL,"REASONING: This paper combines quantum computing techniques with classical machine learning (VQCs) for stock price prediction, with a primary focus on the performance of a shallow variational quantum classifier compared to standard classical classifiers. The core methodology lies in the use of VQCs, making it a deep learning approach.

CATEGORY: DL",3.34,,False,2026-08-09T11:15:17
78,mistral:7b,V2.2,abstract,ML,"REASONING: The paper employs machine learning techniques such as K-means clustering, KNN, SVM, ANN, SHAP, and LIME for analyzing fiscal openness in a global context. The primary contribution of the paper lies in using these machine learning tools to determine different regimes of governance and identifying a ""governance gap"" in developing countries.

CATEGORY: ML",3.88,,False,2026-08-09T11:15:21
79,mistral:7b,V2.2,abstract,ML,"REASONING: The paper presents a novel AI-driven decision support system for stroke diagnosis using machine learning techniques, specifically a decision tree learning model, to integrate standard EHR variables with information derived from extracellular vesicles (EVs) in blood plasma. The primary contribution of the paper is the development and evaluation of this decision tree learning model.

CATEGORY: ML",3.63,,False,2026-08-09T11:15:24
80,mistral:7b,V2.2,abstract,DL,"REASONING: The paper proposes an extension to the encoder-decoder architecture for neural machine translation, aiming to improve performance by allowing the model to automatically search for relevant parts of a source sentence without forming them as a hard segment explicitly.
CATEGORY: DL",2.64,,False,2026-08-09T11:15:27
81,mistral:7b,V2.2,abstract,ML,"REASONING: The paper compares various machine learning models (AdaBoost, Multilayer Perceptron, XGBoost) to estimate patient-level EQ-5D-5L index scores using sociodemographic and Minimum European Health Module data from population surveys. The primary contribution of the paper is comparing these ML models and finding AdaBoost as the best model for this specific task.

CATEGORY: ML",4.17,,False,2026-08-09T11:15:31
82,mistral:7b,V2.2,abstract,ML,"REASONING: The paper discusses a least squares version for support vector machine (SVM) classifiers, which involves solving a set of linear equations instead of quadratic programming used in classical SVMs.
CATEGORY: ML",2.15,,False,2026-08-09T11:15:33
83,mistral:7b,V2.2,abstract,AI,"REASONING: The paper presents an AI-driven platform, BizAssistBot, which uses natural language processing, machine learning, and data analytics for generating immersive learning experiences via real-world business simulations. The primary contribution of the paper is the development and application of BizAssistBot in educational settings.

CATEGORY: AI",3.28,,False,2026-08-09T11:15:37
84,mistral:7b,V2.2,abstract,DL,"REASONING: The paper's primary contribution lies in the development and evaluation of AI models capable of predicting stresses, strains, and deformations for rib cage reconstruction using various materials. The core methodology follows deep learning techniques as it trains multiple neural network-based regression models (Neural Networks, LightGBM) to analyze FEM simulation data.

CATEGORY: DL",3.96,,False,2026-08-09T11:15:41
85,mistral:7b,V2.2,abstract,DL,"REASONING: The paper introduces a functional pruning approach that uses geometric deep learning to learn network representations and an Explainable Artificial Intelligence (XAI) tool to identify discriminative sub-networks from fMRI data. The primary contribution lies in the use of these techniques for improving the identification of affected individuals, particularly those with Autism Spectrum Disorder (ASD).

CATEGORY: DL (Deep Learning)",4.1,,False,2026-08-09T11:15:45
86,mistral:7b,V2.2,abstract,ML,"REASONING: The paper discusses the application of various AI techniques, including machine learning, deep learning, and radiomics, for prostate cancer diagnosis and treatment assessment across different imaging modalities. The primary contribution seems to be the use of AI models that achieve high accuracy in diagnosing prostate cancer.

CATEGORY: ML",3.04,,False,2026-08-09T11:15:48
87,mistral:7b,V2.2,abstract,ML,"REASONING: The paper describes a two-stage machine learning pipeline for heart failure screening using ECG data. The first stage uses logistic regression, while the second stage employs an XGBoost classifier. The primary contribution of the paper is the development and validation of this two-stage machine learning pipeline.

CATEGORY: ML",3.65,,False,2026-08-09T11:15:51
88,mistral:7b,V2.2,abstract,DL,"REASONING: The paper describes the use of a multilayer perceptron (a type of neural network) for predicting surgical dosages in strabismus surgery, and employs explainable AI techniques to determine feature importance. The primary contribution of the paper lies in the development and application of this neural network model.

CATEGORY: DL",3.66,,False,2026-08-09T11:15:55
89,mistral:7b,V2.2,abstract,ML,"REASONING: The paper presents a machine learning (ML)-based petrophysical inversion method that integrates rock physics modeling, seismic modeling, and seismic inversion techniques to bridge micro-properties with macro-seismic signals for reservoir characterization. The primary contribution of the paper is the development and application of this ML-based methodology.

CATEGORY: ML",4.01,,False,2026-08-09T11:15:59
90,mistral:7b,V2.2,abstract,ML,"REASONING: This study presents a systematic literature review on Green AI in the field of finance, proposing a new approach for implementing energy-efficient AI models. It identifies gaps in the current state of Green AI and presents a taxonomy of techniques mapped to the machine learning lifecycle. The primary contribution lies in the proposed framework that integrates Green AI principles with energy-monitoring tools.

CATEGORY: ML (Machine Learning)",4.21,,False,2026-08-09T11:16:03
91,mistral:7b,V2.2,abstract,DL,"REASONING: The paper presents an artificial intelligence framework for automatic Coeliac disease detection from standard duodenal endoscopy images, using deep learning techniques (ConvNeXt-Tiny, ResNet-18, etc.) and classical machine learning classifiers (RBF SVM). The primary contribution of the paper is the development of a hybrid deep learning and classical machine learning framework for CD detection.

CATEGORY: DL (Deep Learning)",4.46,,False,2026-08-09T11:16:08
92,mistral:7b,V2.2,abstract,ML,"REASONING: The paper presents a curated dataset of numerical signature descriptors derived from fragment images of beetles, processed with standardized image acquisition and segmentation techniques, and four statistical descriptors are extracted to support AI and ML workflows for automated classification. The primary contribution of the paper lies in the creation and provision of this dataset for entomological AI research and machine learning-driven insect fragment identification workflows.

CATEGORY: ML",4.39,,False,2026-08-09T11:16:12
93,mistral:7b,V2.2,abstract,DL,"REASONING: The paper describes a multimodal AI model that combines clinical data and POCUS images for sarcopenia diagnosis. The model uses various Machine Learning (ML) and Deep Learning (DL) algorithms, with Xception architectures for image feature extraction and a multilayer perceptron network as classifier. Explainable AI (XAI) methods are integrated to provide transparent interpretation of the model's diagnostic decisions.

CATEGORY: DL",4.84,,False,2026-08-09T11:16:17
94,mistral:7b,V2.2,abstract,ML,"REASONING: This paper presents a new framework, Trust-Aware Explainable Artificial Intelligence (TAXAI), which aims to operationalize explainability as a quantifiable and governance-focused concept in clinical decision support systems. The framework combines algorithmic transparency, interpretability alignment, compliance, and reliability to assess fairness, robustness, and reproducibility. It uses a mathematically robust Trust Index for trust evaluation across different models and datasets. The paper demonstrates the framework's effectiveness using machine-learning and deep-learning models coupled with established XAI methods.

CATEGORY: ML (Machine Learning)",5.9,,False,2026-08-09T11:16:23
95,mistral:7b,V2.2,abstract,AI,"REASONING: The paper discusses various AI applications in child and adolescent psychiatry, including AI scribes, multimodal diagnostic tools, AI-assisted therapeutics, AI-enabled video and eye-tracking approaches for autism diagnosis, chatbots, and robot companions. However, the primary contribution of the paper is a review and discussion of the ethical concerns surrounding the use of AI in this field.

CATEGORY: AI (general artificial intelligence approaches)",4.55,,False,2026-08-09T11:16:27
96,mistral:7b,V2.2,abstract,ML,"REASONING: The paper focuses on developing a machine learning model to forecast the success of camouflage orthodontic treatment, using four specific machine learning algorithms (Random Forest, CART, Neural Network, and XGBoost) for this purpose. The primary contribution lies in the application of these ML algorithms, particularly XGBoost, to predict the effectiveness of camouflage treatment for skeletal Class III malocclusion.

CATEGORY: ML",4.39,,False,2026-08-09T11:16:32
97,mistral:7b,V2.2,abstract,ML,"REASONING: The paper primarily focuses on the application of Machine Learning (ML) algorithms for predicting remission in Cushing’s disease, with specific performance metrics provided such as sensitivity, specificity, diagnostic odds ratio, and area under the curve.

CATEGORY: ML",2.9,,False,2026-08-09T11:16:35
98,mistral:7b,V2.2,abstract,DL,"REASONING: The paper discusses the application of artificial intelligence (AI) in various aspects of echocardiography, with a focus on machine learning and deep learning techniques being used to improve efficiency, reproducibility, and accuracy of the imaging pipeline. The primary contribution of the paper is the exploration of AI's integration into image acquisition, optimization, automated view classification, structure segmentation, diagnosis, and clinical decision support systems.

CATEGORY: DL (Deep Learning)",4.66,,False,2026-08-09T11:16:39
99,mistral:7b,V2.2,abstract,ML,"REASONING: This study reviews recent advancements in IoT, ML, and AI technologies applied to early detection of cattle diseases using image, sensor, and text-based data. The primary contribution lies in the review of AI-based techniques for disease detection, classification, prediction, and monitoring.

CATEGORY: ML",3.2,,False,2026-08-09T11:16:43
100,mistral:7b,V2.2,abstract,DL,"REASONING: The paper discusses the integration of 2D materials into neuromorphic systems, highlighting applications in various fields such as wearable electronics, brain–machine interfaces, and quantum neuromorphic platforms. The primary contribution of the paper lies in exploring the use of 2D materials for energy-efficient AI through neuromorphic computing.

CATEGORY: DL (Deep Learning) is not directly applicable here since it focuses on neural network architectures, while this paper discusses the integration of 2D materials into neuromorphic systems, which can be considered a broader application of machine learning principles. Therefore, the most specific category that applies is ML (Machine Learning).",6.06,,False,2026-08-09T11:16:49
101,mistral:7b,V2.2,abstract,AI,"REASONING: This paper evaluates dental residents' knowledge and perception regarding AI's application in dentistry, using a questionnaire to gather data about the participants' understanding of AI, its uses in dentistry, and their opinions on AI's diagnostic abilities compared to humans. The primary contribution of the paper is the evaluation of dental residents' knowledge and perception about AI in dentistry.

CATEGORY: AI",4.23,,False,2026-08-09T11:16:53
102,mistral:7b,V2.2,abstract,ML,"REASONING: The paper proposes a novel framework that integrates advanced machine learning (ML), deep learning (DL), and explainable artificial intelligence (XAI) techniques to predict cardiovascular disease outcomes using the Framingham Heart Study dataset. The primary contribution of the paper is the comparison and evaluation of multiple ML and DL models, with the SVM model demonstrating superior performance for early cardiovascular risk stratification.

CATEGORY: ML",4.77,,False,2026-08-09T11:16:58
103,mistral:7b,V2.2,abstract,ML,"REASONING: The paper discusses a systematic review of various AI-based privacy-preserving strategies in IoV, employing SLR to examine and classify essential methodologies such as FL, DP, HE, Blockchain-enhanced AI, AML, and anomaly detection. The primary contribution lies in the creation of a six-domain taxonomy for evaluating these methodologies.

CATEGORY: ML (since the paper's primary contribution is the classification and evaluation of various privacy-preserving strategies, which can be considered as machine learning techniques)",5.56,,False,2026-08-09T11:17:03
104,mistral:7b,V2.2,abstract,ML,"REASONING: The paper primarily focuses on the application of Machine Learning (ML) models in predicting ARDS onset, enabling early diagnosis, optimizing management, and forecasting outcomes. It also discusses challenges and potential solutions for these ML applications.

CATEGORY: ML",3.11,,False,2026-08-09T11:17:06
105,mistral:7b,V2.2,abstract,ML,"REASONING: The paper discusses various methods for model selection in molecular phylogenetics, with a focus on the Akaike Information Criterion (AIC), Bayesian methods, and likelihood ratio tests. It argues that these methods offer advantages over the hierarchical likelihood ratio test for model selection in phylogenetics. The paper also applies AIC-based model averaging to a specific dataset of ground beetles.

CATEGORY: ML (Classical Machine Learning)",4.65,,False,2026-08-09T11:17:11
106,mistral:7b,V2.2,abstract,DL,"REASONING: The paper presents a framework for detecting AI-generated artwork using deep learning-based transformer models, specifically DINO v2. The primary contribution lies in the application of this transformer model to distinguish between human-created and machine-generated art.

CATEGORY: DL",2.92,,False,2026-08-09T11:17:14
107,mistral:7b,V2.2,abstract,ML,"REASONING: The paper proposes a novel component, the quantitative argumentation layer, for tabular data to mine concepts and represent domain knowledge through human-understandable argumentation rules. It also provides a dialogical explanation containing dominated reasoning paths within the proposed model.

CATEGORY: ML (Classical Machine Learning)",3.15,,False,2026-08-09T11:17:17
108,mistral:7b,V2.2,abstract,ML,"REASONING: The paper discusses the application of AI in assisting pathologists with analyzing and interpreting complex tissue imaging data, outlines the main categories and concepts of AI, describes the basic workflow of model development, and highlights its utilization in head and neck pathology. The primary contribution of the paper is the guide for pathologists on the fundamentals and applications of AI in their field.

CATEGORY: ML (Machine Learning)",4.21,,False,2026-08-09T11:17:21
109,mistral:7b,V2.2,abstract,DL,"REASONING: The paper proposes an optimized hybrid deep learning framework that integrates Convolutional Neural Networks (CNN) and Recurrent Neural Networks (RNN), enhanced by Genetic Algorithm (GA)-based hyperparameter optimization for energy production prediction in renewable energy systems. The primary contribution of the paper is the development and optimization of the GA-CNN-RNN model.

CATEGORY: DL",4.47,,False,2026-08-09T11:17:26
110,mistral:7b,V2.2,abstract,ML,"REASONING: The paper presents an open-source Python framework for managing, visualizing, aligning, and annotating medical time series data in critical care. It provides preconfigured workflows, interactive components, and customizable interfaces for efficient use.

CATEGORY: ML (Machine Learning)",3.09,,True,2026-08-09T11:17:29
111,mistral:7b,V2.2,abstract,ML,"REASONING: The paper discusses various AI-based approaches for improving medication adherence in patients with cardiovascular diseases. The primary contribution of the paper is the scoping review of these AI-based methods, which includes natural language processing, reinforcement learning, and machine learning algorithms such as neural networks, random forests, support vector machines, and decision tree models.

CATEGORY: ML",4.02,,False,2026-08-09T11:17:33
112,mistral:7b,V2.2,abstract,DL,"REASONING: The paper describes a two-stage artificial intelligence framework that integrates multimodal MRI data and clinical indicators for the noninvasive assessment of renal fibrosis in patients with CKD. The primary contribution lies in developing a deep learning model (MobileNetV2-SE) based on native T1 mapping, ADC, and T2* mapping for RF classification.

CATEGORY: DL",4.59,,False,2026-08-09T11:17:38
113,mistral:7b,V2.2,abstract,DL,"REASONING: The paper focuses on understanding why standard gradient descent from random initialization is doing poorly with deep neural networks and proposes a new initialization scheme to improve convergence. The primary contribution lies in the proposed initialization method for deep neural networks.

CATEGORY: DL",2.75,,False,2026-08-09T11:17:40
114,mistral:7b,V2.2,abstract,DL,"REASONING: The paper describes the development of a pilot study that aims to assess the feasibility and reliability of an ultrasound scanning protocol for measuring body composition in infants, and it also mentions the creation of a database of ultrasound images and the development of preliminary machine learning models, including convolutional neural networks (CNN), to predict body composition. The primary contribution of the paper lies in the development and evaluation of these AI-enabled analysis methods using CNNs.

CATEGORY: DL",4.97,,False,2026-08-09T11:17:45
115,mistral:7b,V2.2,abstract,Unclear,"REASONING: This abstract does not provide any information about technical methods or the primary contribution of a paper, as it is merely correcting an error in a previously published article.
CATEGORY: Unclear",2.09,,False,2026-08-09T11:17:47
116,mistral:7b,V2.2,abstract,DL,"REASONING: The paper primarily focuses on comparing traditional machine learning algorithms with transformer-based architectures for Arabic sentiment analysis, using a novel dataset developed through an active annotation strategy that combines human expertise and AI-assisted labelling. Transformer-based deep learning models are found to outperform other models in the study.

CATEGORY: DL",3.56,,False,2026-08-09T11:17:51
117,mistral:7b,V2.2,abstract,DL,"REASONING: The paper presents an integrated workflow that utilizes robot-automated experimentation, machine learning predictions, and finite element simulations to design stretchable electrodes with strain-insensitive performance. The primary contribution of the paper lies in the development of an ensemble of artificial neural networks for predicting the properties of stretchable electrodes.

CATEGORY: DL",3.66,,False,2026-08-09T11:17:55
118,mistral:7b,V2.2,abstract,ML,"REASONING: This paper discusses the generation of synthetic data for improving the quality of AI algorithms, particularly focusing on machine learning based tabular data generation methods. The primary contribution of the paper is the exploration and analysis of various statistical, probabilistic, and ML-based techniques for synthetic data generation, with a focus on SMOTE and its variants.

CATEGORY: ML",3.68,,False,2026-08-09T11:17:58
119,mistral:7b,V2.2,abstract,DL,"REASONING: The paper proposes a multimodal AI system (DMDNet) that primarily uses a convolutional neural network (CNN) for feature extraction and employs four advanced classification strategies, including transformer-based, adversarial, self-supervised, and feature-selection approaches. The primary contribution lies in the development of DMDNet and the use of these classification strategies to detect digital manipulation attacks.

CATEGORY: DL (Convolutional Neural Networks are used for feature extraction)",5.12,,False,2026-08-09T11:18:03
120,mistral:7b,V2.2,abstract,ML,"REASONING: The paper proposes a two-layered framework for surgical time prediction. The first layer uses machine learning models, including advanced ones like Long Short Term Memory (LSTM), Random Forest, and Histogram Gradient Boosting Regression (HGBR). The second layer compares these models with artificial neural networks (ANNs) and recurrent models like LSTM, GRU, and hybrid LSTM+GRU. The primary contribution of the paper is the development and evaluation of the ASTP framework, which utilizes HGBR as the best-performing model in the second layer.

CATEGORY: ML",6.06,,False,2026-08-09T11:18:09
121,mistral:7b,V2.2,abstract,ML,"REASONING: The paper discusses various mathematical and machine learning-assisted spectral generation methods for Raman spectroscopy, including AI-assisted techniques like GANs and Auto-encoders. The primary contribution of the paper is to critically evaluate these existing methodologies for signal optimization, safety analysis, and probe design.

CATEGORY: ML",3.6,,False,2026-08-09T11:18:13
122,mistral:7b,V2.2,abstract,ML,"REASONING: The paper primarily focuses on comparing the performance of different machine learning models for sentiment analysis of ChatGPT-related educational discourse. It uses a transformer-based model (DistilBERT), deep learning models (LSTM and Bi-LSTM), and a classical machine learning model (Naive Bayes) with TF-IDF vectorization. The primary contribution lies in the comparative evaluation of these models and the development of an explainable, user-friendly web application for sentiment predictions.

CATEGORY: ML",5.16,,True,2026-08-09T11:18:18
123,mistral:7b,V2.2,abstract,DL,"REASONING: The paper proposes an AI-based decision support approach that utilizes a multilayer perceptron (MLP) for improving the development, design, and production of upper limb exoskeletons. It also presents new models for classifying hand dysfunctions, exoskeleton design, and estimating manufacturing costs. The primary contribution lies in the AI-based approach using MLP.

CATEGORY: DL",4.31,,False,2026-08-09T11:18:23
124,mistral:7b,V2.2,abstract,DL,"REASONING: The paper introduces a new language representation model, BERT, which is based on transformers and pre-trains deep bidirectional representations from unlabeled text. It can be finetuned for various tasks like question answering and language inference without substantial modifications.

CATEGORY: DL (Deep Learning)",3.2,,False,2026-08-09T11:18:26
125,mistral:7b,V2.2,abstract,DL,"REASONING: The paper introduces a novel AI framework for fault detection and diagnosis (FDD) in photovoltaic (PV) systems that primarily uses Convolutional Neural Networks (CNNs) combined with time–frequency analysis via the Wigner–Ville Distribution (WVD). The method transforms raw PV measurements into compact time–frequency image representations, enabling effective spatial feature extraction by CNNs. The framework is compared with various machine learning models and demonstrates superior noise robustness for long-term deployment in real-world PV installations.

CATEGORY: DL",6.08,,False,2026-08-09T11:18:32
126,mistral:7b,V2.2,abstract,DL,"REASONING: The paper discusses the use of AI and ML, particularly deep learning and convolutional neural networks (CNNs), for early detection, diagnosis, and prediction of Alzheimer's disease using multimodal data integration from neuroimaging, genetics, and clinical records. The primary contribution seems to be the application of these advanced machine learning techniques for AD risk assessment and prediction.

CATEGORY: DL",4.27,,False,2026-08-09T11:18:36
127,mistral:7b,V2.2,abstract,ML,"REASONING: This study develops and compares multiple machine learning (ML) algorithms for Iron-deficiency anaemia (IDA) prediction, using supervised ML algorithms such as random forest (RF), support vector machine (SVM), decision tree (DT), naive Bayes (NB), and CatBoost. The primary contribution of the paper is the comparison and identification of the most effective model for IDA prediction, which is CatBoost.

CATEGORY: ML",5.03,,False,2026-08-09T11:18:41
128,mistral:7b,V2.2,abstract,AI,"REASONING: The paper discusses the application of artificial intelligence (AI) in precision immunotherapy, focusing on biomarker discovery, prediction of immune checkpoint inhibitor response and toxicity, CAR-T cell optimization, therapeutic antibody engineering, patient stratification, non-invasive response assessment, earlier diagnosis, molecular subtyping, treatment-response prediction, real-time disease activity tracking, and the use of explainable AI, federated learning, and digital twin frameworks. The primary contribution of the paper lies in its comprehensive review of AI applications in immunotherapy across oncology and autoimmune medicine.

CATEGORY: AI",6.15,,False,2026-08-09T11:18:47
129,mistral:7b,V2.2,abstract,ML,"REASONING: The paper proposes a machine learning framework for proactive detection of Android ransomware using network traffic metadata, integrating advanced classifiers and employing explainable AI methods for interpretability. It also conducts a concept drift evaluation using an incremental LightGBM model.

CATEGORY: ML",3.42,,False,2026-08-09T11:18:51
130,mistral:7b,V2.2,abstract,ML,"REASONING: The paper discusses the use of AI, deep learning, robotic microscopy, and other digital technologies for parasitology diagnostics, with a focus on their potential to improve diagnostic equity in low-resource settings. The primary contribution of the paper seems to be the evaluation of these emerging technologies and their impact on parasitology diagnostics.

CATEGORY: ML (Classical Machine Learning)

The paper discusses AI and deep learning, but the primary focus is on evaluating their application in parasitology diagnostics. While deep learning is a subset of machine learning, the paper's core methodology revolves around the evaluation of various machine learning techniques for diagnostic purposes, making ML the most appropriate category.",6.53,,False,2026-08-09T11:18:57
131,mistral:7b,V2.2,abstract,DL,"REASONING: This study develops three hybrid predictive models using artificial neural networks (ANN) optimized with genetic algorithm (GA), particle swarm optimization (PSO), and the Levenberg–Marquardt (LM) algorithm for predicting crack healing percentage in self-healing concrete. The primary contribution of the paper is the development and comparison of these hybrid models.

CATEGORY: DL (Deep Learning)",3.96,,False,2026-08-09T11:19:01
132,mistral:7b,V2.2,abstract,ML,"REASONING: The paper primarily focuses on using machine learning methods (Naive Bayes, decision tree, random forest, and support vector machines) to predict faculty-assigned letter grades based on extracted features from a dental simulation task. The best-performing method is further explained using Shapley additive explanations (SHAP).

CATEGORY: ML",3.68,,False,2026-08-09T11:19:05
133,mistral:7b,V2.2,abstract,ML,"REASONING: The paper discusses the application of AI in enhancing PPE training, primarily focusing on computer vision and machine learning techniques for real-time feedback, virtual simulation, and compliance monitoring. The primary contribution of the paper lies in reviewing these AI technologies applied to PPE training.

CATEGORY: ML",3.45,,False,2026-08-09T11:19:08
134,mistral:7b,V2.2,abstract,ML,"REASONING: The paper primarily focuses on the application of machine learning (ML) and deep learning (DL) in orthopedics, with a specific emphasis on structured perioperative risk prediction, standardized musculoskeletal imaging, and workflow and decision support using large language models. However, the primary contribution seems to be in the domain of ML for structured perioperative risk prediction and DL for standardized musculoskeletal imaging.

CATEGORY: ML (for the focus on machine learning techniques)",4.98,,False,2026-08-09T11:19:13
135,mistral:7b,V2.2,abstract,ML,"REASONING: The paper uses machine learning techniques (LASSO regression, SHAP analysis, XGBoost, LightGBM, CatBoost) for predicting the intention of healthcare workers to use antimicrobials appropriately based on various psychological and contextual factors. The primary contribution lies in integrating behavioral theory with explainable machine learning to identify psychological predictors of appropriate antibiotic prescribing.

CATEGORY: ML",4.25,,False,2026-08-09T11:19:18
136,mistral:7b,V2.2,abstract,ML,"REASONING: The paper discusses the application of artificial intelligence (AI) in optimizing the design of nanobiological materials for stem cell therapy, targeted delivery, differentiation, drug release, post-transplant tracking, and prognosis management. The primary contribution of the paper is the proposal of a closed-loop system that integrates AI-driven design and real-time monitoring for personalized medicine in neurodegenerative diseases.

CATEGORY: ML (Machine Learning)

The focus on machine learning techniques, such as optimizing the design of nanobiological materials and post-transplant tracking, aligns with the paper's primary contribution, making it appropriate to classify this paper under the Machine Learning category. Although deep learning is mentioned, it is not the primary focus or methodology of the paper, so it is not the most specific applicable category in this case.",7.82,,False,2026-08-09T11:19:25
137,mistral:7b,V2.2,abstract,ML,"REASONING: The paper employs machine learning models (XGBoost and LightGBM) to predict three-year survival after diagnosis for different cancer types using a combined dataset of oral cavity, esophageal, and stomach cancers. The primary contribution lies in demonstrating the potential of cross-prediction for rare cancer types where data scarcity is a challenge.

CATEGORY: ML",3.89,,False,2026-08-09T11:19:29
138,mistral:7b,V2.2,abstract,ML,"REASONING: The paper primarily focuses on deploying multiple machine learning algorithms for predictive maintenance in infrastructure management, with XGBoost being the most accurate model among them.

CATEGORY: ML",2.27,,False,2026-08-09T11:19:32
139,mistral:7b,V2.2,missing,NO_INPUT,,0.0,no abstract available,False,2026-08-09T11:19:32
140,mistral:7b,V2.2,abstract,DL,"REASONING: The paper discusses the use of large language models (LLMs) to automate annotation of unstructured regulatory documents in the field of medical device regulatory science. The primary contribution of the paper is demonstrating the effectiveness of LLMs in accurately extracting attributes from these documents, and showcasing their potential applications in scaling up analyses.

CATEGORY: DL (Deep Learning) - The paper's core methodology follows the implementation of large language models, which are a subset of deep learning techniques.",4.94,,False,2026-08-09T11:19:37
141,mistral:7b,V2.2,abstract,ML,"REASONING: The paper discusses the application of Automated Machine Learning (AutoML) in oral healthcare, focusing on its use across multiple dental specialties and various data modalities. The primary contribution of the paper is evaluating the performance and translational relevance of AutoML in this field.

CATEGORY: ML",3.12,,False,2026-08-09T11:19:40
142,mistral:7b,V2.2,abstract,ML,"REASONING: The paper presents a machine learning-based framework for predicting residual flexural strength (RFS) of FR-UHPC after exposure to elevated temperatures. It benchmarks nine state-of-the-art algorithms, including the novel hybrid AegisFusion architecture, which is a dual-track neural/tree fusion with MetaSwarm tuning and Bayesian calibration. The primary contribution lies in the development and validation of this new machine learning model, AegisFusion.

CATEGORY: ML",5.07,,False,2026-08-09T11:19:45
143,mistral:7b,V2.2,abstract,DL,"REASONING: The paper introduces a technique called Dropout to address overfitting in deep neural networks by randomly dropping units during training, which prevents co-adaptation and significantly reduces overfitting. It also demonstrates the effectiveness of this method on various supervised learning tasks across different domains.

CATEGORY: DL",3.18,,False,2026-08-09T11:19:48
144,mistral:7b,V2.2,abstract,ML,"REASONING: This paper proposes a hybrid framework that integrates federated learning with ensemble-based machine learning models and explainable AI techniques for sepsis mortality prediction. The primary contribution of the paper is the development of this hybrid framework, which employs various machine learning models (Random Forest, LightGBM, XGBoost, K-Nearest Neighbors, and Logistic Regression) and explanatory methods (SHapley Additive exPlanations (SHAP), Local Interpretable Model-agnostic Explanations (LIME), and Partial Dependence Plots (PDP)).

CATEGORY: ML",5.97,,False,2026-08-09T11:19:54
145,mistral:7b,V2.2,abstract,ML,"REASONING: The paper discusses the application of artificial intelligence, specifically machine learning and deep learning, in improving diagnostic accuracy and outcome prediction for acute ischemic stroke (AIS). It focuses on AI-assisted approaches in lesion segmentation and functional outcome forecasting, using multimodal data and clinical parameters.

CATEGORY: ML",3.53,,False,2026-08-09T11:19:57
146,mistral:7b,V2.2,abstract,ML,"REASONING: The paper primarily focuses on the integration of AI (specifically, Artificial Intelligence in the form of sentiment analysis and transformer-based models), advanced statistical methods (Structural Equation Modelling, or SEM), and various machine learning models (Logistic Regression, Random Forest, XGBoost, Neural Networks) to predict consumer purchase intentions. The paper's primary contribution lies in the development and testing of a hybrid SEM-ML framework that combines SEM with ensemble ML models for improved predictive accuracy and theoretical rigor.

CATEGORY: ML",5.51,,False,2026-08-09T11:20:03
147,mistral:7b,V2.2,abstract,DL,"REASONING: The paper proposes a novel hybrid computational framework that integrates Graph Convolutional Networks, Variational Autoencoders, and Uncertainty Aware Adaptive Multi-Objective Optimization-based Reinforcement Learning (UAAMOO-RL) for drug discovery. The primary contribution of the paper is the development and application of this hybrid framework.

CATEGORY: DL",4.17,,False,2026-08-09T11:20:07
148,mistral:7b,V2.2,abstract,ML,"REASONING: The paper describes a method for generating multiple versions of a predictor using bootstrap replicates and averaging or voting to get an aggregated predictor. This method is primarily used for improving the accuracy of classification and regression tasks, and its effectiveness relies on the instability of the prediction method.

CATEGORY: ML",3.14,,False,2026-08-09T11:20:10
149,mistral:7b,V2.2,abstract,ML,"REASONING: This paper reviews the diagnostic and prognostic applications of multimodal AI in retinal vascular diseases, comparing the performance of multimodal AI systems to unimodal models and expert ophthalmologists. The primary contribution lies in synthesizing evidence on the use of multimodal AI for managing retinal vascular diseases.

CATEGORY: ML (The paper's core method is a systematic review that compares the performance of various machine learning models, although it also involves neural network-based approaches)",5.32,,False,2026-08-09T11:20:16
150,mistral:7b,V2.2,abstract,ML,"REASONING: This study develops a data-driven Bayesian Network framework using Tree-Augmented Naive Bayes (TAN) structure to analyze and predict the consequences of ship collision accidents on a global scale. It primarily investigates accident related, environmental, ship related, and bridge operator related risk influencing factors (RIFs).

CATEGORY: ML",3.73,,False,2026-08-09T11:20:19
151,mistral:7b,V2.2,abstract,ML,"REASONING: The paper's primary contribution lies in the application of machine learning techniques, specifically for various tasks such as wildfire risk prediction, industrial HVAC energy optimization, community health worker interventions, semi-supervised object detection, nursing education, healthcare privacy preservation, Alzheimer’s disease detection, sentiment dynamics analysis, cybersecurity, insider threat prediction, country-level ESG modeling, risk-adjusted portfolio optimization, credit card fraud detection, fake Instagram account detection, sentiment polarity study, text mining and unsupervised clustering for student AI stances in education, facial emotion recognition, point cloud autoencoder analysis, overlapping community analysis in heterogeneous information networks, and blockchain network system constructions.

CATEGORY: ML",7.02,,False,2026-08-09T11:20:26
152,mistral:7b,V2.2,abstract,ML,"REASONING: The paper describes a diagnostic model that uses portable GC-MS and AI (specifically machine learning algorithms) to analyze breath samples for the purpose of identifying novel biomarkers for early-stage viral respiratory infections. The primary contribution of the paper lies in the development and application of this AI-based diagnostic model.

CATEGORY: ML",3.8,,False,2026-08-09T11:20:30
153,mistral:7b,V2.2,abstract,ML,"REASONING: The paper discusses the use of AI and ML techniques, specifically supervised (auto-encoders) and unsupervised (Isolation Forests classifiers) methods, for creating a hybrid model to detect insider threats in cybersecurity. It also mentions Explainable AI (XAI) methods for providing human-readable explanations.

CATEGORY: ML",3.79,,False,2026-08-09T11:20:34
154,mistral:7b,V2.2,abstract,ML,"REASONING: The paper's primary contribution lies in the review and analysis of AI approaches in wildfire management, with a focus on machine learning-driven wildfire prediction, risk assessment, and behavior modeling.
CATEGORY: ML",2.36,,False,2026-08-09T11:20:36
155,mistral:7b,V2.2,abstract,ML,"REASONING: The paper proposes an AI-enriched digital Educational Framework (AIEDF) based on a Holistic Digital Literacy Framework (HDLF), which synthesizes competencies from existing frameworks and investigates essential AI competencies for middle-school students. It maps these competencies to the subtopics of the HDLF, aligning with Bloom’s taxonomy, and proposes a structured and adaptable foundation that requires empirical validation in future work. The primary contribution of the paper is the development of the AIEDF, which is based on ML basics and other AI competencies, making it a machine learning (ML) approach.

CATEGORY: ML",6.4,,False,2026-08-09T11:20:43
156,mistral:7b,V2.2,missing,NO_INPUT,,0.0,no abstract available,False,2026-08-09T11:20:43
157,mistral:7b,V2.2,abstract,ML,"REASONING: This paper presents a systematic review of recent advances in AI-driven multimodal fusion approaches for Alzheimer's Disease prediction. It discusses various data harmonization and preprocessing techniques, fusion strategies, and the adoption of explainable AI (XAI) techniques across studies.

CATEGORY: ML (Classical Machine Learning)",3.6,,False,2026-08-09T11:20:46
158,mistral:7b,V2.2,abstract,ML,"REASONING: The paper discusses the role of artificial intelligence (AI) and machine learning (ML) in optimizing resource efficiency and nutrient recovery in microalgae production systems, and presents an integrated perspective that links alternative protein production with environmental sustainability.
CATEGORY: ML",3.07,,False,2026-08-09T11:20:49
159,mistral:7b,V2.2,abstract,ML,"REASONING: The paper presents an AI-enabled smart farming framework that integrates Machine Learning (ML) and Internet of Things (IoT) technologies to optimize date palm cultivation. Four ML algorithms were developed and optimized, with the Random Forest model achieving the highest classification accuracy.

CATEGORY: ML",3.22,,False,2026-08-09T11:20:53
160,mistral:7b,V2.2,abstract,DL,"REASONING: This paper introduces a hybrid framework for detecting synthetic Spanish text using a tri-layer feature fusion strategy, which includes structural stylometry (symbolic layer), probabilistic surprisal via perplexity (statistical layer), and topical-aware semantic contrast (contextual layer). The system anchors linguistic representations within latent thematic clusters and processes features through a multi-model stacking ensemble.

CATEGORY: DL (Deep Learning)

The primary contribution of the paper lies in the development and implementation of a multi-model stacking ensemble, which is a type of neural network architecture. Although the paper also involves symbolic reasoning and semantic analysis, the technical core of the methodology revolves around the neural network-based approach for processing and classifying text data.",7.23,,False,2026-08-09T11:21:00
161,mistral:7b,V2.2,abstract,DL,"REASONING: The paper discusses the application of AI and ML frameworks, including deep learning (DL), in optimizing electrochemical devices like electrolyzers and fuel cells. It focuses on real-time performance prediction, prognostic health management, adaptive control strategies, and physics-informed neural networks (PINNs).

CATEGORY: DL (Deep Learning)",3.8,,False,2026-08-09T11:21:04
162,mistral:7b,V2.2,abstract,ML,"REASONING: The paper presents a hybrid approach combining computational fluid dynamics (CFD), artificial intelligence (AI), and bio-inspired riblets with active plasma control for aerodynamic performance enhancement. The primary contribution lies in the integration of AI, specifically machine learning algorithms, to optimize flow control strategies using artificial neural networks and support vector machine regressions.

CATEGORY: ML",3.8,,False,2026-08-09T11:21:08
163,mistral:7b,V2.2,abstract,ML,"REASONING: This paper discusses the application of machine learning (ML) in functional materials design, focusing on its role as a tool for guiding exploration within complex design spaces. It outlines three levels of ML applications and provides examples of different methodological choices and practical tools used at each level.

CATEGORY: ML",3.04,,False,2026-08-09T11:21:11
164,mistral:7b,V2.2,abstract,DL,"REASONING: The paper proposes a method using a convolutional neural network (CNN) for efficient reconstruction of physical models generating traffic noise maps, demonstrating improved prediction performance and inference speed compared to existing machine learning models.

CATEGORY: DL",2.48,,False,2026-08-09T11:21:13
165,mistral:7b,V2.2,abstract,ML,"REASONING: This paper proposes an approach based on machine learning and graph analysis for identifying important patterns and diagnostic markers for dementia. It evaluates ten machine learning models, performs feature ranking using three strategies, and achieves the highest accuracy with Random Forest. The results are further validated using a graphical analysis of critical markers.

CATEGORY: ML",3.58,,False,2026-08-09T11:21:17
166,mistral:7b,V2.2,abstract,ML,"REASONING: This paper presents a retrospective study that develops an ML-based screening model to assess the risk of depression among the elderly population. It uses multiple supervised machine learning models for this purpose, with the bagged tree model performing best. The paper also includes feature selection analysis and cross-validation.

CATEGORY: ML",3.58,,False,2026-08-09T11:21:20
167,mistral:7b,V2.2,abstract,ML,"REASONING: The paper discusses the application of AI in plastic and reconstructive surgery, focusing on machine learning algorithms for automated image analysis, AI-driven virtual assistants for patient education and preoperative communication, and large language models for clinical decision making and medical education. The primary contribution of the paper lies in reviewing the current practice and future potential of AI in this specific field.

CATEGORY: ML (Machine Learning)",4.1,,False,2026-08-09T11:21:24
168,mistral:7b,V2.2,abstract,ML,"REASONING: This paper employs the double machine learning (DML) method with random forest regression as the DML learner to investigate the relationship between government-level AI policies and corporate supply chain resilience, revealing the mechanisms behind this relationship.

CATEGORY: ML",2.96,,False,2026-08-09T11:21:27
169,mistral:7b,V2.2,abstract,ML,"REASONING: The paper discusses the use of AI-driven models for pattern recognition, predicting temporal trends, and detecting anomalies from wastewater data in the context of disease detection. The primary contribution of the paper seems to be the examination of these AI-driven models.
CATEGORY: ML",3.01,,False,2026-08-09T11:21:30
170,mistral:7b,V2.2,abstract,DL,"REASONING: The paper introduces a transformers-based architecture, RoBERTa-Large, for clickbait headline detection in digital news analysis. It uses this model to achieve higher classification accuracy compared to existing ML and DL approaches. Additionally, it employs XAI methods like LIME and SHAP for interpretability.

CATEGORY: DL",3.54,,False,2026-08-09T11:21:34
171,mistral:7b,V2.2,abstract,ML,"REASONING: This study primarily focuses on understanding how AI and ML are being incorporated into sustainable development strategies through a bibliometric analysis of SCOPUS data. The paper's primary contribution lies in mapping knowledge trends, research patterns, and tracing the diffusion of ideas across disciplines related to AI and ML applications for sustainability.

CATEGORY: ML (Classical Machine Learning)",3.7,,False,2026-08-09T11:21:38
172,mistral:7b,V2.2,abstract,ML,"REASONING: The paper presents a machine learning approach for early diagnosis of Alzheimer's disease using multimodal data and extensive feature engineering. It also compares several machine learning models, including Deep Neural Networks, which is the primary contribution of the paper.

CATEGORY: ML",3.25,,False,2026-08-09T11:21:41
173,mistral:7b,V2.2,abstract,DL,"REASONING: The paper discusses the intersection of Federated Learning (FL) and Explainable Artificial Intelligence (XAI), focusing on the development of a paradigm called Federated Explainable Artificial Intelligence (FedXAI). It reviews various methods for embedding explainability in the FL lifecycle, categorizes FedXAI methods, and highlights open challenges. The primary contribution lies in consolidating existing work and identifying key gaps in designing trustworthy, transparent, and privacy-preserving federated AI systems.

CATEGORY: DL (Deep Learning)

EXPLANATION: Although the paper does not focus solely on neural network architectures, it discusses various explainability methods for federated learning, which is a deep learning technique. The primary contribution of the paper lies in the development and consolidation of FedXAI methods, which are deeply rooted in deep learning principles.",8.04,,False,2026-08-09T11:21:49
174,mistral:7b,V2.2,abstract,ML,"REASONING: The paper presents a novel machine learning framework for predicting antenatal care uptake among women in Ghana, using multiple imputation, categorical encoding, SMOTE, and four supervised models (logistic regression, random forest, XGBoost, support vector machine). It also integrates explainability, bias mitigation, causal inference, and fairness auditing.

CATEGORY: ML",5.04,,False,2026-08-09T11:21:54
175,mistral:7b,V2.2,abstract,ML,"REASONING: The paper introduces a new method called graph atomic cluster expansion (GRACE) framework, which is a machine learning approach for training interatomic potentials. It also discusses techniques like fine-tuning and knowledge distillation to adapt these models to specialized tasks.

CATEGORY: ML",3.03,,False,2026-08-09T11:21:57
176,mistral:7b,V2.2,abstract,DL,"REASONING: The paper describes a two-stage system that uses Real-Time Detection Transformer (RT-DETR) for landmark localization and supervised machine learning classifiers for binary screening of strabismus versus orthotropia. The primary contribution lies in the combination of transformer-based landmark detection with geometric ratios for strabismus screening.

CATEGORY: DL (Deep Learning)",3.94,,False,2026-08-09T11:22:01
177,mistral:7b,V2.2,abstract,ML,"REASONING: The paper describes the development and evaluation of machine learning models (SVM, KNN, and RUSBoost) to predict recurrent ischemic stroke using real-world data. The Synthetic Minority Over-Sampling Technique (SMOTE) was applied to handle imbalanced data, and performance was evaluated using various metrics.

CATEGORY: ML",4.02,,False,2026-08-09T11:22:05
178,mistral:7b,V2.2,abstract,ML,"REASONING: The paper employs multiple machine learning algorithms for predicting hand movements using fNIRS signals and AI. Among these, the Random Forest algorithm shows superior performance compared to other methods.

CATEGORY: ML",2.61,,False,2026-08-09T11:22:07
179,mistral:7b,V2.2,abstract,DL,"REASONING: This paper presents a Quantum-Inspired Algorithm (QIA) for sustainable machine learning, which optimizes hyperparameters, model compression, and scheduling in a single framework using tunnelling-based search and amplitude reweighting. The algorithm reduces training energy consumption by 20–30% compared to several baseline optimisation methods while keeping accuracy losses under 1.5%.

CATEGORY: DL (Deep Learning)

The primary contribution of the paper is the development of a Quantum-Inspired Algorithm, which is a neural network optimization technique. Although the paper also discusses machine learning and AI in general context, the core methodology follows deep learning principles by optimizing the training process of large models (deep-learning models).",6.74,,False,2026-08-09T11:22:14
180,mistral:7b,V2.2,abstract,ML,"REASONING: The paper primarily focuses on the application and comparison of various machine learning models, particularly hybrid deep learning models like LSTM-DDQN, CNN-BiGRU, and transformer-based frameworks, for electric vehicle design, battery systems, and charging infrastructure. It provides a quantitative benchmarking framework and identifies these models as achieving superior accuracy compared to traditional algorithms.

CATEGORY: ML",4.41,,False,2026-08-09T11:22:19
181,mistral:7b,V2.2,abstract,DL,"REASONING: The paper proposes an Assistive Communication System Using Deep Sparse Autoencoder with Feature Learning (ACS-DSAEFL). It employs image pre-processing, Inception-enhanced vision transformer (IEViT) for feature extraction, and stacked sparse denoising autoencoder (SSDAE) for classification. The primary contribution of the paper lies in the development of ACS-DSAEFL approach for real-time communication and assistive interactions for people with hearing disabilities.

CATEGORY: DL",5.34,,False,2026-08-09T11:22:24
182,mistral:7b,V2.2,abstract,DL,"REASONING: The paper describes the development of FungiGuard, a tool that integrates Random Forest, Long Short-Term Memory (LSTM), and attention mechanisms, primarily using LSTM and attention mechanisms as neural network architectures. It outperforms existing generalized AFP models and discovers novel AFPs through randomly generated sequences, indicating its primary contribution lies in deep learning techniques.

CATEGORY: DL",3.86,,False,2026-08-09T11:22:28
183,mistral:7b,V2.2,abstract,ML,"REASONING: The paper discusses an estimation procedure based on adding small positive quantities to the diagonal of X'X, which is a technique used in ridge regression, a method within classical machine learning.

CATEGORY: ML",2.22,,False,2026-08-09T11:22:30
184,mistral:7b,V2.2,abstract,DL,"REASONING: The paper presents a framework called PLGDL that uses Protein Language and Geometric Deep Learning models for predicting protective antigens in pathogens. The primary contribution of the paper is the integration of these two deep learning models to create a robust model applicable to various pathogens, including viruses, bacteria, and eukaryotic pathogens.

CATEGORY: DL (Geometric Deep Learning models are a subset of deep learning)",4.25,,False,2026-08-09T11:22:34
185,mistral:7b,V2.2,abstract,ML,"REASONING: This paper discusses the application of AI and ML technologies in renal cancer research, focusing on a systematic literature search and bibliometric analysis using specific tools to visualize patterns in co-authorship, institutional collaborations, citations, keyword co-occurrences, and emerging research trends. The primary contribution lies in the bibliometric analysis methodology.

CATEGORY: ML (Machine Learning)",3.98,,False,2026-08-09T11:22:38
186,mistral:7b,V2.2,abstract,DL,"REASONING: The paper primarily focuses on the application of deep learning frameworks, transformer-based sequence models, graph neural networks, and multimodal architectures in microbiology, with a specific emphasis on antibiotic resistance surveillance. It also discusses explainable AI techniques to increase transparency and clinical explainability.

CATEGORY: DL",3.63,,False,2026-08-09T11:22:42
187,mistral:7b,V2.2,abstract,ML,"REASONING: This paper presents a machine learning model (NVUPreM) for predicting 30-day NVUGIB mortality, using data from two databases for development and validation. The model is compared against eight clinical scoring systems, and its performance is evaluated using various metrics such as AUC, calibration, decision curve analysis, and SHAP.

CATEGORY: ML",4.36,,False,2026-08-09T11:22:46
188,mistral:7b,V2.2,abstract,ML,"REASONING: This paper presents a comparative review of Quantum Machine Learning (QML) and classical Machine Learning (ML), focusing on their foundations, complexity, and applications across various domains. It analyzes the performance of QML models in comparison to classical ML baselines, highlights patterns indicating when quantum models tend to outperform or underperform, and reviews real-world applications of QML.

CATEGORY: ML (since the paper compares various machine learning methods, including neural networks, kernel methods, generative models, representation learning, and clustering)",5.17,,False,2026-08-09T11:22:52
189,mistral:7b,V2.2,abstract,ML,"REASONING: The paper primarily focuses on the application of AI techniques, specifically machine learning (ML) and deep learning (DL), in predicting ACL injuries and prevention strategies.

CATEGORY: ML (as the primary contribution is machine learning, even though deep learning is also mentioned)",3.08,,False,2026-08-09T11:22:55
190,mistral:7b,V2.2,abstract,ML,"REASONING: The paper describes the development and comparison of machine learning models (Extreme Gradient Boosting, Logistic Regression, and Support Vector Machine) to classify bladder cancer cases from benign controls using clinical data, cytokine levels, and environmental factors. The primary contribution lies in the creation and validation of the Extreme Gradient Boosting model.

CATEGORY: ML",4.07,,False,2026-08-09T11:22:59
191,mistral:7b,V2.2,abstract,DL,"REASONING: The paper describes the use of classical machine learning models, a deep learning model, and a pre-trained large language model for diagnosing bronchiolitis from electronic health records. The primary contribution of the paper is the comparison of these AI-based tools for bronchiolitis surveillance.

CATEGORY: DL (Deep Learning) - Although the deep learning model is compared with classical machine learning models and a pre-trained large language model, the primary focus of the paper is on the performance of the deep learning model, making it the most specific applicable category.",5.76,,False,2026-08-09T11:23:04
192,mistral:7b,V2.2,abstract,DL,"REASONING: This paper presents a brain-inspired reinforcement learning approach using a spiking neural network-based computing architecture, which is implemented using an α-In2Se3 ferroelectric semiconductor field-effect transistor. The primary contribution lies in the efficient mimicking of complex reinforcement learning dynamics and the implementation of biological eligibility trace decay using the intrinsic properties of the α-In2Se3 material.

CATEGORY: DL (Deep Learning)

Explanation: Although the paper discusses reinforcement learning, which is a subset of machine learning, the primary contribution lies in the development of a hardware implementation for reinforcement learning using a spiking neural network architecture. This falls under the category of deep learning due to the use of neural networks as the core methodology.",7.31,,False,2026-08-09T11:23:12
193,mistral:7b,V2.2,abstract,DL,"REASONING: The paper primarily focuses on the application of artificial intelligence (AI), specifically machine learning (ML) and deep learning (DL) models, in oncological drug development. It discusses various AI techniques such as predicting protein structures, ranking disease-relevant genes, assessing target drugability, rapid searches of multiplexed chemical libraries, predicting drug-target interactions, optimizing the pharmacological and physicochemical properties of drugs in virtual screening, and de novo drug design.

CATEGORY: DL (Deep Learning)",5.07,,False,2026-08-09T11:23:17
194,mistral:7b,V2.2,abstract,DL,"REASONING: The paper presents a study on detecting depression-related texts in social media comments using deep learning models (XLNET, DistilBERT, ALBERT) and traditional machine learning models (Naive Bayes, Support Vector Machine, Random Forest). It also discusses text summarization and task-incremental learning. The primary contribution of the paper is the comparison of these models' performance in identifying linguistic patterns indicative of depression within user-generated content on social media platforms.

CATEGORY: DL (Deep Learning)",4.98,,False,2026-08-09T11:23:22
195,mistral:7b,V2.2,abstract,ML,"REASONING: The paper describes a supervised AI/ML algorithm that is trained to automatically detect, segment, and quantify fibrosis in histology slides. This algorithm is compared with the Ashcroft scoring method by an expert pathologist reader, demonstrating strong correlation and rapid assessment time.

CATEGORY: ML",3.32,,False,2026-08-09T11:23:25
196,mistral:7b,V2.2,abstract,ML,"REASONING: This study evaluates various machine learning (ML) techniques for predicting ACL injuries, using eight distinct ML models and four datasets. The primary contribution lies in identifying significant predictors of injury across multiple ML models and improving the accuracy of predictions by reclassifying them into a binary classification.

CATEGORY: ML",3.52,,False,2026-08-09T11:23:29
197,mistral:7b,V2.2,abstract,ML,"REASONING: The paper introduces an innovative methodology that integrates remote sensing data and machine learning to assess risks to heritage sites, with a primary focus on using machine learning models for risk assessment.

CATEGORY: ML",2.69,,False,2026-08-09T11:23:31
198,mistral:7b,V2.2,abstract,ML,"REASONING: The paper discusses the application of artificial intelligence (AI) and machine learning in various aspects of HLA research, including antigen processing, T-cell recognition, HLA imputation from SNP arrays, low-coverage whole-genome sequencing, transplant decision support, and precision vaccinology. The primary contribution of the paper lies in its review and integration of AI techniques for these specific applications related to HLA research.

CATEGORY: ML (Machine Learning)",4.93,,False,2026-08-09T11:23:36
199,mistral:7b,V2.2,abstract,ML,"REASONING: The paper's primary contribution lies in the development of an AI platform, ""KidneyTox_v1.0"", for predicting drug-induced nephrotoxicity. The platform uses a supervised machine learning model and provides interpretability through SHAP-based waterfall plots.

CATEGORY: ML",3.53,,False,2026-08-09T11:23:40
200,mistral:7b,V2.2,abstract,DL,"REASONING: The paper discusses the role of Artificial Intelligence (AI) in Carbon Capture and Utilization (CCU) technologies, focusing on AI techniques such as machine learning, deep learning, and optimization algorithms. These techniques are applied to process optimization, performance forecasting, and emissions prediction across various CCU systems.

CATEGORY: DL (Deep Learning)

The primary contribution of the paper lies in the application of neural network architectures like deep learning for optimizing CCU processes, predicting emissions, and forecasting performance. Although the paper also mentions machine learning, its focus on deep learning techniques makes it more specific to the DL category.",5.97,,False,2026-08-09T11:23:46
201,mistral:7b,V2.2,missing,NO_INPUT,,0.0,no abstract available,False,2026-08-09T11:23:46
202,mistral:7b,V2.2,abstract,ML,"REASONING: The paper presents a novel hybrid stacking ensemble model using Random Forest (RF), Extreme Gradient Boosting (XGBoost), and Artificial Neural Network (ANN) to predict the flexural strength of aluminum fiber reinforced concrete. The primary contribution lies in the development and application of this hybrid model, which outperforms individual models.

CATEGORY: ML",3.9,,False,2026-08-09T11:23:50
203,mistral:7b,V2.2,abstract,ML,"REASONING: The paper primarily focuses on evaluating the diagnostic performance of various machine learning algorithms (MLAs) for identifying Tuberculous pericardial effusion among patients with pericardial effusion. The core methodology follows a comparative approach using multiple MLAs, with the random tree model showing the highest accuracy and area under the curve.

CATEGORY: ML",3.73,,False,2026-08-09T11:23:53
204,mistral:7b,V2.2,abstract,ML,"REASONING: The paper discusses a comprehensive bibliometric analysis of global research on AI and ML applications in robotic, teleoperated, and remote surgery. The primary contribution lies in the analysis of the global research landscape, collaborative structure, and emerging thematic trends of AI- and ML-enabled telesurgery using various bibliometric indicators.

CATEGORY: ML (The paper's primary contribution is a bibliometric analysis which involves classical machine learning techniques such as keyword co-occurrence analysis and co-citation analysis)",5.4,,False,2026-08-09T11:23:59
205,mistral:7b,V2.2,abstract,ML,"REASONING: The paper introduces and extends the concept of Support Vector Networks (SVM), a machine learning algorithm for two-group classification problems, which non-linearly maps input vectors to high-dimensional feature spaces and constructs a linear decision surface in this space.

CATEGORY: ML",2.99,,False,2026-08-09T11:24:02
206,mistral:7b,V2.2,abstract,DL,"REASONING: The paper focuses on using a convolutional neural network (CNN) to detect biological sex from EEG signals, evaluating its performance across multiple datasets, and exploring the relationship between biological sex and pathology.

CATEGORY: DL",2.63,,False,2026-08-09T11:24:04
207,mistral:7b,V2.2,abstract,DL,"REASONING: The paper primarily focuses on the application of Artificial Intelligence (AI) technologies, specifically Machine Learning (ML), Deep Learning (DL), Natural Language Processing (NLP), Generative AI (GenAI), Large Language Models (LLMs), and Explainable AI (XAI) in suicide prevention. However, the primary contribution lies in the identification of the performance of NLP and DL approaches in identifying suicidal behavior, as well as the potential of GenAI and LLMs for future applications.

CATEGORY: DL (Deep Learning)",5.22,,False,2026-08-09T11:24:10
208,mistral:7b,V2.2,abstract,ML,"REASONING: The paper primarily focuses on the application of machine learning models, specifically deep adversarial gaussian multilayer perceptron and firefly swarm binary grasshopper optimization, for disaster management-based healthcare systems.

CATEGORY: ML",2.88,,False,2026-08-09T11:24:13
209,mistral:7b,V2.2,abstract,ML,"REASONING: The paper presents a machine learning workflow that standardizes contact angle datasets, performs multivariate imputation, multicollinearity diagnostics, and benchmarks various models (linear, tree-based, boosting, and neural networks) to predict hydrogen wettability in different geological conditions. The primary contribution lies in the implementation of this unified machine learning workflow and the optimization of the CatBoost model for predicting hydrogen wettability.

CATEGORY: ML",4.94,,False,2026-08-09T11:24:18
210,mistral:7b,V2.2,abstract,ML,"REASONING: The paper's primary contribution lies in comparing the performance of various machine learning and deep learning algorithms in classifying pulmonary diseases using spirometry features. Among these, tree-based models such as XGBoost and random forest performed the best.

CATEGORY: ML",3.17,,False,2026-08-09T11:24:21
211,mistral:7b,V2.2,abstract,ML,"REASONING: The paper discusses the phenomenon of benign overfitting in deep neural networks and presents a characterization for linear regression problems where the minimum norm interpolating prediction rule has near-optimal prediction accuracy. It also highlights the importance of overparameterization for benign overfitting and compares the accuracy of the minimum norm interpolating prediction rule in finite-dimensional and infinite-dimensional spaces. The core methodology follows linear regression, making it the primary contribution.

CATEGORY: ML",4.73,,False,2026-08-09T11:24:25
212,mistral:7b,V2.2,abstract,ML,"REASONING: The paper primarily focuses on developing and testing an Extreme Gradient Boosting (XGBoost) model for detecting dental caries using questionnaire data. It uses cross-validation nested resampling, beeswarm plots for interpretability, and compares the performance of the model on internal and external datasets.

CATEGORY: ML",3.81,,False,2026-08-09T11:24:29
213,mistral:7b,V2.2,abstract,ML,"REASONING: The paper describes the development of a scalable end-to-end tree boosting system called XGBoost, which is used for achieving state-of-the-art results in various machine learning challenges. It introduces novel algorithms for handling sparse data and approximate tree learning, and provides insights on cache access patterns, data compression, and sharding to build a scalable tree boosting system.

CATEGORY: ML",4.06,,False,2026-08-09T11:24:33
214,mistral:7b,V2.2,abstract,ML,"REASONING: The paper discusses the use of Explainable Artificial Intelligence (XAI) techniques in conjunction with deep learning and machine learning methods for analyzing Electroencephalography (EEG) data to identify biomarkers for mood disorders such as major depressive disorder, bipolar disorder, and anxiety disorders. The primary contribution of the paper is the systematic review of EEG-based biomarkers for these disorders using XAI techniques.

CATEGORY: ML (Machine Learning)",5.26,,False,2026-08-09T11:24:39
215,mistral:7b,V2.2,abstract,DL,"REASONING: The paper discusses the application of artificial intelligence (AI) in CRISPR-based genetic screening, focusing on machine learning (ML) and deep learning (DL) methods for optimizing experimental design, and large language model–agent (LLM–agent) systems for externalizing scientific reasoning and integrating biological knowledge at scale. The primary contribution of the paper lies in the use of ML/DL methods for optimizing experimental design.

CATEGORY: DL (Deep Learning)",4.64,,False,2026-08-09T11:24:43
216,mistral:7b,V2.2,abstract,ML,"REASONING: The paper introduces a self-supervised machine learning platform, CLOSER, that uses 3D pose skeleton data and kinematic features to monitor spontaneous behavior in mice with depressive disease models. It characterizes semantic behavioral syllables with a high-quality feature space, uncovers distinct motion profiles, and quantifies drug-specific recovery of psychomotor symptoms. The primary contribution lies in the development and application of CLOSER for standardizing depressive-like phenotype assessment in mouse models.

CATEGORY: ML",5.2,,False,2026-08-09T11:24:48
217,mistral:7b,V2.2,abstract,ML,"REASONING: The paper applies machine learning models to vocal biomarkers for early detection of Parkinson's disease, uses explainable AI techniques for interpretation, and employs various ML algorithms such as AdaBoost, Random Forest, SVM, MLP, GNB, XGB, LGBM, CatBoost, GB, HGB, and KNN. The primary contribution of the paper is the application of these ML models to vocal biomarkers for PD detection and the use of XAI techniques for interpretation.

CATEGORY: ML",5.38,,False,2026-08-09T11:24:54
218,mistral:7b,V2.2,abstract,DL,"REASONING: The paper primarily focuses on the development of an AI-driven predictive model (Kinic Index) using machine learning approaches (LASSO, RSF) and deep learning framework (GraphBAN). It also involves the use of Shapley additive explanation (SHAP) analysis, single-cell and spatial transcriptomic analyses, molecular docking, and ADMET-AI screening. However, the primary contribution lies in the development and application of Kinic Index, which is a deep learning approach.

CATEGORY: DL",5.32,,False,2026-08-09T11:24:59
219,mistral:7b,V2.2,abstract,DL,"REASONING: The paper discusses the application of artificial intelligence (AI) in endourology, focusing on novel technologies such as causal AI modeling and reinforcement learning. These techniques are specific to deep learning (DL).

CATEGORY: DL",2.68,,False,2026-08-09T11:25:02
220,mistral:7b,V2.2,abstract,DL,"REASONING: The paper discusses the use of deep learning models, machine learning methods, and hybrid methods for multimodal sentiment analysis, which includes text, images, audio, and video data. The primary contribution of the paper is a review of various approaches used in sentiment analysis, particularly focusing on multimodal sentiment analysis.

CATEGORY: DL (Deep Learning)",3.65,,False,2026-08-09T11:25:05
221,mistral:7b,V2.2,abstract,ML,"REASONING: The paper presents a comparison between two methods for generating manipulation actions in robots: a fine-tuned open-weight VLA model (π0) and a neuro-symbolic architecture that combines PDDL-based symbolic planning with learned low-level control. The primary contribution of the paper is the empirical comparison and analysis of these two methods on structured variants of the Towers of Hanoi manipulation task in simulation.

CATEGORY: ML (classical machine learning) and AI (general artificial intelligence approaches) - The paper involves machine learning techniques (VLA model and neuro-symbolic architecture) for interpreting natural language and visual inputs, which falls under the category of machine learning. Additionally, the paper's goal is to develop generalist robotic policies, which is a general artificial intelligence approach. However, since the primary contribution lies in the comparison and analysis of these two methods, I would classify this paper as ML due to its focus on supervised learning (fine-tuning the VLA model) and symbolic reasoning (neuro-symbolic architecture).",9.66,,False,2026-08-09T11:25:15
222,mistral:7b,V2.2,abstract,ML,"REASONING: The paper utilizes machine learning techniques such as LASSO regression, SHAP analysis, supervised UMAP, HDBSCAN clustering, and Silhouette Coefficient for data analysis. The primary contribution of the paper is the development of an explainable machine learning pipeline to identify key predictors and novel patient phenotypes of PICC-CRBSIs, which makes it a Machine Learning (ML) study.

CATEGORY: ML",4.67,,False,2026-08-09T11:25:20
223,mistral:7b,V2.2,abstract,ML,"REASONING: The paper primarily focuses on the application of AI, ML, and DL in orthodontics, with a specific emphasis on categorizing AI methods and their effectiveness in clinical practice. The primary contribution lies in the systematic literature review (SLR) of available literature, focusing on AI-based applications in orthodontics.

CATEGORY: ML (Classical Machine Learning)

The paper's core methodology is based on a systematic literature review, which involves categorizing and analyzing various studies related to AI applications in orthodontics. While the paper mentions DL, it is not the primary focus; instead, the majority of approaches are classified as ML (46.7%). Therefore, the most specific applicable category for this paper is Machine Learning (ML).",7.26,,False,2026-08-09T11:25:27
224,mistral:7b,V2.2,abstract,ML,"REASONING: The paper discusses the synthesis of recent advances in AI (specifically ML/DL) for various applications in climate science. It uses a PRISMA-aligned protocol to survey studies, extracts specific details about the methods used, and organizes the evidence by application domain and methodological rigor. The primary contribution of the paper is a field-level synthesis that combines PRISMA screening with a study-quality checklist to emphasize evaluation rigor, reproducibility, and sustainability.

CATEGORY: ML (since the primary contribution involves a survey of studies that use both ML and DL techniques)",5.85,,False,2026-08-09T11:25:33
225,mistral:7b,V2.2,abstract,DL,"REASONING: The paper primarily focuses on using deep learning algorithms for material discovery prior to synthesis, encoding and decoding crystal structures of materials, and discussing the potential of quantum computing and AI for determining the structure of high-entropy materials in the energy fields.
CATEGORY: DL",2.84,,False,2026-08-09T11:25:36
226,mistral:7b,V2.2,abstract,ML,"REASONING: The paper presents a survey based on DNA metabarcoding analysis of approximately 1500 samples using Machine Learning (ML) methods and explainable Artificial Intelligence (XAI). The primary contribution lies in the successful prediction of host health status with accuracies exceeding 80% using ML models.

CATEGORY: ML",3.41,,False,2026-08-09T11:25:39
227,mistral:7b,V2.2,abstract,ML,"REASONING: The paper discusses the application of Artificial Intelligence (AI) in emergency general surgery, focusing on clinical decision-support tools for preoperative risk stratification and intraoperative assistance. It primarily focuses on AI applications in two domains: preoperative decision support and intraoperative assistance, with a significant emphasis on computer vision–based systems.

CATEGORY: ML (Machine Learning)",3.87,,False,2026-08-09T11:25:43
228,mistral:7b,V2.2,abstract,DL,"REASONING: The paper primarily focuses on the application of deep learning models in image-based diagnostics for various tumor types in veterinary oncology.
CATEGORY: DL",2.11,,False,2026-08-09T11:25:45
229,mistral:7b,V2.2,abstract,ML,"REASONING: The paper describes a methodology for curating clinical trial databases specifically for training or testing artificial intelligence (AI) models, with a focus on simplifying directory structures, removing unnecessary data, implementing quality control, harmonizing sequence names, and sharing open-source tools. The primary contribution of the paper lies in the development of this methodology for AI model applications.

CATEGORY: ML (Machine Learning)",4.04,,False,2026-08-09T11:25:49
230,mistral:7b,V2.2,abstract,ML,"REASONING: The paper focuses on the application of AI methods, particularly ensemble learning methods, artificial neural networks, and hybrid architectures, for predicting International Roughness Index (IRI) in rigid and composite pavements using Machine Learning (ML) models.

CATEGORY: ML",3.37,,False,2026-08-09T11:25:53
231,mistral:7b,V2.2,abstract,DL,"REASONING: The paper proposes an optimization framework for centrifugal compressor maintenance strategies using deep reinforcement learning (DRL) as the artificial intelligence method for formulating optimal maintenance policies.
CATEGORY: DL",2.52,,False,2026-08-09T11:25:55
232,mistral:7b,V2.2,abstract,ML,"REASONING: The paper discusses the use of machine learning techniques for diabetes prediction systems, with a focus on ensemble and deep learning methods that have replaced conventional statistical methods for better results. It also highlights critical drawbacks such as limited demographic representation, lack of real-world validation, and inadequate model interpretability. Future priorities include creating representative datasets, implementing explainable AI, and conducting prospective clinical studies.

CATEGORY: ML",3.94,,False,2026-08-09T11:25:59
233,mistral:7b,V2.2,abstract,ML,"REASONING: The paper proposes an advanced framework for Parkinson's disease diagnosis using machine learning (ML) classifiers equipped with explainable artificial intelligence (XAI) methods. The primary contribution lies in the development of this interpretable ML framework that improves predictive performance and provides explanations for essential neuroimaging and clinical features.

CATEGORY: ML",3.52,,False,2026-08-09T11:26:03
234,mistral:7b,V2.2,abstract,ML,"REASONING: The paper introduces a machine learning-driven platform for detecting suspicious financial activities using supervised learning algorithms. The primary contribution lies in the comparison of several popular supervised learning algorithms and the finding that Gradient Boosting performs best for anti-money laundering problems.

CATEGORY: ML",3.03,,False,2026-08-09T11:26:06
235,mistral:7b,V2.2,abstract,ML,"REASONING: This research primarily focuses on using an automated machine learning (AutoML) framework, employing tree-based ensemble models enhanced with explainable AI techniques for predicting case durations and delays. The paper's primary contribution lies in improving the prediction accuracy of case duration by replacing a monolithic regression model with two dedicated models and achieving 80% accuracy with a weighted F1 score of 84.1% using a hybrid classification-regression framework.

CATEGORY: ML",4.91,,False,2026-08-09T11:26:11
236,mistral:7b,V2.2,abstract,DL,"REASONING: The paper proposes to use deep learning (DL) based models for the detection of Sickle cell disease, specifically ResNet-50, DenseNet-121, and EfficientNet-B0 for transfer learning, triplet loss for contrastive learning, focal loss for handling class imbalance, and XAI methodologies for interpretation and explanation.

CATEGORY: DL",3.9,,False,2026-08-09T11:26:14
237,mistral:7b,V2.2,abstract,ML,"REASONING: The paper presents a machine learning-based prediction model (AI-IR) to predict diabetes and cancer incidence, demonstrating higher predictive performance than other traditional methods. The primary contribution lies in the development and application of AI-IR.

CATEGORY: ML",2.82,,False,2026-08-09T11:26:17
238,mistral:7b,V2.2,abstract,ML,"REASONING: The paper discusses various AI methods such as machine learning, deep learning, large language models, and digital twins, but the primary contribution lies in proposing a practical 6P-AI implementation blueprint that links common use cases to data requirements, workflow integration steps, evaluation designs, and post-deployment monitoring.

CATEGORY: ML (The paper's primary contribution is about machine learning, even though it also discusses deep learning and other AI methods)",4.34,,False,2026-08-09T11:26:22
239,mistral:7b,V2.2,abstract,ML,"REASONING: This study compares various machine learning models, including CatBoost, Voting Classifier, and Stacking Classifier, for early-stage tumor diagnosis using morphometric data. The SHAP framework is employed to enhance interpretability by assessing feature contributions. The primary contribution of the paper lies in the comparison and application of these ensemble methods in neuro-oncology diagnostics.

CATEGORY: ML",4.0,,False,2026-08-09T11:26:26
240,mistral:7b,V2.2,abstract,DL,"REASONING: The paper discusses the use of deep learning models for automated semen analysis, specifically focusing on sperm morphology classification and motility assessment. It also mentions the development of AI-based systems for emerging applications like DNA fragmentation prediction and zona pellucida (ZP) binding capability prediction.

CATEGORY: DL",3.73,,False,2026-08-09T11:26:29
241,mistral:7b,V2.2,abstract,DL,"REASONING: The paper primarily focuses on using Support Vector Machine (SVM) models, a deep learning technique, for predicting student satisfaction based on socio-economic, environmental, and cultural factors.

CATEGORY: DL",2.48,,False,2026-08-09T11:26:32
242,mistral:7b,V2.2,abstract,ML,"REASONING: This work primarily focuses on a literature review of AI applications in disaster management, using bibliometric co-occurrence analysis and visual graphics to compare the performance of various AI methods. The findings indicate a shift from conventional rule-based solutions to deep learning solutions.

CATEGORY: ML (The paper's primary contribution lies in the comparison and review of various machine learning techniques applied to disaster management tasks, even though it also discusses the replacement of some rule-based systems with deep learning solutions)",4.53,,False,2026-08-09T11:26:36
243,mistral:7b,V2.2,abstract,ML,"REASONING: The paper describes the use of several machine learning models (XGBoost, SVM, KNN, LR, DT, RF, MLP) for blood donor recruitment, employing techniques like SMOTE, US, and cost-sensitive learning approaches. The primary contribution lies in the development and validation of a machine learning-based recruitment framework that outperforms traditional methods.

CATEGORY: ML",4.58,,False,2026-08-09T11:26:41
244,mistral:7b,V2.2,abstract,ML,"REASONING: The paper focuses on conducting a scoping review to assess recent literature on health economic evaluations (HEEs) of artificial intelligence applications in oncology. The primary contribution lies in the systematic assessment and analysis of the economic risks and benefits of integrating AI systems into oncology, rather than the development or implementation of specific AI models.

CATEGORY: ML (Machine Learning)

The paper's methodology involves a scoping review, which is a type of literature review that aims to map key concepts, types of evidence, and gaps in research related to a specific area. In this case, the specific area is the economic evaluation of AI applications in oncology. While the paper does discuss AI technologies, the primary focus is on understanding their economic implications rather than developing or implementing these technologies themselves. Therefore, it falls under the Machine Learning category as it involves the analysis and interpretation of data (HEEs) to draw conclusions about AI's impact on healthcare costs.",8.83,,False,2026-08-09T11:26:50
245,mistral:7b,V2.2,abstract,ML,"REASONING: The paper's primary contribution lies in the application of machine learning (specifically natural language processing) and an innovative Python topic modeling technique called BERTopic for categorizing and labeling development projects based on their narrative descriptions. This is done to better understand donor priorities and overall development funding.

CATEGORY: ML",3.37,,False,2026-08-09T11:26:53
246,mistral:7b,V2.2,abstract,DL,"REASONING: The paper primarily focuses on using machine learning techniques, specifically Extra-Trees classifier, to predict post-operative sexual impairment in prostate cancer patients. This prediction accuracy is found to be 81%, suggesting a valuable tool for preoperative risk stratification and personalized patient counseling.

CATEGORY: DL (Deep Learning) - Although the paper uses traditional statistical methods, the primary contribution lies in the application of machine learning techniques, particularly the Extra-Trees classifier, which is a type of ensemble learning method often associated with deep learning.",5.41,,False,2026-08-09T11:26:59
247,mistral:7b,V2.2,abstract,AI,"REASONING: The paper discusses the progress of artificial intelligence (AI) and cognitive science, focusing on large language models (LLMs) as a recent development in AI. It suggests an alternative approach to intelligent machines that combines AI breakthroughs in LLMs with models of thinking and learning our minds do prior to and independent of language.

CATEGORY: AI",3.58,,False,2026-08-09T11:27:02
248,mistral:7b,V2.2,abstract,ML,"REASONING: The paper presents a generalization of the DBSCAN clustering algorithm, called GDBSCAN, which can handle both point objects and spatially extended objects, and applies it to various real-world problems in different domains. The primary contribution of the paper is the development and application of the GDBSCAN algorithm, making it a machine learning technique.

CATEGORY: ML",3.48,,False,2026-08-09T11:27:06
249,mistral:7b,V2.2,abstract,AI,"REASONING: The paper's primary contribution lies in the systematic review, meta-analysis, and bibliometric visualization analysis of the roles and effects of AI in nursing simulation education. It uses machine learning techniques for the meta-analysis and bibliometric visualization, but the core focus is on AI in general, not specifically deep learning or reinforcement learning.

CATEGORY: AI",3.93,,False,2026-08-09T11:27:10
250,mistral:7b,V2.2,abstract,ML,"REASONING: The paper's primary contribution lies in developing an AI-driven CAD prediction model that integrates OCTA-derived retinal features with EHR data. The model uses a Transformer-based multi-scale style learning algorithm for feature extraction, LASSO regression for relevant predictor selection, and XGBoost classifier for training.

CATEGORY: ML",4.22,,False,2026-08-09T11:27:14
251,mistral:7b,V2.2,abstract,ML,"REASONING: The paper discusses the application of machine learning and deep learning models in cancer research, focusing on cancer phenotyping, drug discovery, and optimization. It also highlights various challenges and emerging directions in this field. The primary contribution of the paper seems to be the comprehensive review of AI applications in oncology, with a focus on machine learning and deep learning.

CATEGORY: ML (Machine Learning)",3.95,,False,2026-08-09T11:27:18
252,mistral:7b,V2.2,abstract,ML,"REASONING: The paper evaluates several machine learning models for predicting the shear strength of steel-fiber-reinforced concrete beams. The primary contribution lies in the comparison and selection of the ELM-PSO model as the most accurate estimator among ANN, SVM, GTB, CATB, ELM, and ELM-PSO.

CATEGORY: ML",3.91,,False,2026-08-09T11:27:22
253,mistral:7b,V2.2,abstract,ML,"REASONING: The paper discusses the application of AI and ML algorithms in conjunction with liquid biopsy to improve early detection, prognosis prediction, treatment monitoring, and patient stratification for various types of cancer. The primary contribution of the paper lies in evaluating how AI-powered liquid biopsy can transition from a research concept to a routine clinical assay.

CATEGORY: ML (Machine Learning)",3.91,,False,2026-08-09T11:27:26
254,mistral:7b,V2.2,abstract,ML,"REASONING: The paper discusses the application of machine-learning and radiomics approaches for diagnosing and predicting outcomes in Ankylosing Spondylitis, using MRI or X-ray data. It performs a meta-analysis on various studies that apply ML or radiomics algorithms to these imaging modalities. The primary contribution of the paper is the quantitative determination of the performance of these AI-driven methods in diagnosing and predicting outcomes in AS.

CATEGORY: ML",4.99,,False,2026-08-09T11:27:31
255,mistral:7b,V2.2,abstract,ML,"REASONING: The paper presents an AI-based UV–Vis spectrophotometric method enhanced by machine learning for the simultaneous quantification of naringin and naringenin in plant extracts. The primary contribution lies in the use of Ridge Regression, a machine learning model, to predict the concentrations of both flavonoids from their spectral data, achieving high accuracy and reliability without requiring chemical separation.

CATEGORY: ML",4.64,,False,2026-08-09T11:27:35
256,mistral:7b,V2.2,abstract,ML,"REASONING: The paper introduces a multi-modal dataset (WxC-Bench) designed to support the development of generalizable AI models for various downstream use-cases in weather and climate research. The primary contribution lies in providing this dataset, which is pre-processed and ready for machine learning tasks. Although deep learning techniques are mentioned as potential tools for analyzing the data, the core concept of the paper follows a data provision approach, making it a machine learning problem.

CATEGORY: ML",4.74,,False,2026-08-09T11:27:40
257,mistral:7b,V2.2,abstract,ML,"REASONING: The paper describes the use of eight supervised machine learning algorithms for predictive modeling based on mandibular symphysis measurements from lateral cephalometric images. The models were optimized using Grid Search and evaluated through a 5-fold cross-validation.

CATEGORY: ML",3.12,,False,2026-08-09T11:27:43
258,mistral:7b,V2.2,abstract,ML,"REASONING: The paper proposes a method that combines Explainable Artificial Intelligence (XAI) architecture with Enhanced Squirrel Search Optimization (ESSO) for feature selection, and uses Random Forest classification along with SHAP and LIME for interpretability. The primary contribution of the paper lies in the integration of ESSO-based feature selection with explainable AI techniques and Random Forest classification to improve predictive performance and provide interpretable insights for clinical decision support.

CATEGORY: ML",4.86,,False,2026-08-09T11:27:48
259,mistral:7b,V2.2,abstract,ML,"REASONING: The paper primarily focuses on the application of machine learning models in psychiatry, specifically in screening, outcome prediction, risk and relapse prediction, and psychotherapy. It also discusses the ethical risks associated with AI integration.

CATEGORY: ML",2.76,,False,2026-08-09T11:27:51
260,mistral:7b,V2.2,abstract,DL,"REASONING: The paper employs an Artificial Neural Network (ANN)-based machine learning technique for analyzing bubble dynamics in Carreau fluids under sonic fields, with the Levenberg–Marquardt Scheme (LMS) and Adam optimizer function used for training.

CATEGORY: DL",3.32,,False,2026-08-09T11:27:54
261,mistral:7b,V2.2,abstract,ML,"REASONING: The paper discusses the application of AI in pediatric rehabilitation, focusing on the use of various AI methods such as supervised machine learning, neural networks, and deep learning approaches for outcome assessment. The primary contribution of the paper is the scoping review of these AI applications in pediatric rehabilitation.

CATEGORY: ML (Classical Machine Learning)",4.01,,False,2026-08-09T11:27:58
262,mistral:7b,V2.2,abstract,ML,"REASONING: The paper presents a comprehensive assessment framework for Physical Education teaching effectiveness using Multimodal Machine Learning (MML). It employs preprocessing methods, feature extraction, and a hybrid machine learning model called Enhanced Marine Predators-driven Explainable Boosting Machine (EMP-EBM) for evaluation. The primary contribution of the paper lies in the development and application of the EMP-EBM model.

CATEGORY: ML",4.58,,False,2026-08-09T11:28:03
263,mistral:7b,V2.2,abstract,ML,"REASONING: The paper discusses the application of the Support Vector (SV) method for regression, multidimensional spline construction, and solving linear operator equations. The primary contribution of the paper lies in its application of the SV method to these specific problems.

CATEGORY: ML",2.76,,False,2026-08-09T11:28:05
264,mistral:7b,V2.2,abstract,ML,"REASONING: The paper presents a machine learning model for predicting MDR/RR-TB in patients with TB-DM multimorbidity, using seven different machine learning algorithms. The primary contribution of the paper is the development and validation of an interpretable random forest (RF) model, which achieves optimal performance in predicting the risk of MDR/RR-TB.

CATEGORY: ML",4.11,,False,2026-08-09T11:28:10
265,mistral:7b,V2.2,abstract,ML,"REASONING: The paper proposes a media analytics framework that combines traditional statistical modeling, natural language processing tools, and explainable machine learning to predict audience engagement on social media platforms. The primary contribution lies in the use of these techniques for analyzing audience engagement with TV channel posts.

CATEGORY: ML",3.02,,False,2026-08-09T11:28:13
266,mistral:7b,V2.2,abstract,ML,"REASONING: The paper proposes a workflow that combines physics-based petrophysical calculations, Random Forest regression (RF), and Deepseek-R1 cognitive perception, with exploratory data analysis involving Akima spline interpolation and Isolation Forest algorithms. The primary contribution of the paper lies in the integration of machine learning (specifically Random Forest) and cognitive computing (Deepseek-R1) for reservoir characterization and exploration optimisation.

CATEGORY: ML",4.68,,False,2026-08-09T11:28:17
267,mistral:7b,V2.2,abstract,DL,"REASONING: The paper primarily focuses on the application of deep learning (DL) techniques in enhancing diagnostic accuracy for bladder cancer, specifically in cystoscopic tumor detection, urine cytology analysis, radiomics-based staging, computational pathology, multimodal fusion architectures, and intraoperative guidance.

CATEGORY: DL",3.94,,False,2026-08-09T11:28:21
268,mistral:7b,V2.2,abstract,ML,"REASONING: This study develops an interpretable machine learning (ML) framework for the joint modeling of greenhouse gas emissions using country-level socio-economic indicators, benchmarking five regression-based algorithms and optimizing the best-performing model using Random Search. The primary contribution lies in the development and optimization of the ML framework, with a focus on interpretability and multi-gas forecasting.

CATEGORY: ML",4.44,,False,2026-08-09T11:28:26
269,mistral:7b,V2.2,abstract,DL,"REASONING: The paper reviews the use of AI in the diagnosis, severity assessment, and prognostication of Mitral Regurgitation (MR), focusing on performance metrics. The primary technical method described is the application of various AI models, including convolutional neural networks (CNNs), support vector machines (SVMs), and ensemble models, to MR-related tasks using imaging, ECG, or clinical data.

CATEGORY: DL",4.52,,False,2026-08-09T11:28:30
270,mistral:7b,V2.2,abstract,DL,"REASONING: The paper discusses the application of artificial intelligence (AI) to improve the diagnosis of endometriosis using ultrasound images, with a focus on machine learning and deep learning algorithms. The primary contribution of the paper is the evaluation of these AI models in diagnosing endometriosis.

CATEGORY: DL (Deep Learning)",3.84,,False,2026-08-09T11:28:34
271,mistral:7b,V2.2,abstract,ML,"REASONING: The paper primarily focuses on the application of both machine learning (ML) and deep learning (DL) techniques for the early prediction of life-threatening cardiac events using time series ECG data. The study compares the performance of a Convolutional Neural Network (CNN, a DL technique) with that of a Random Forest classifier (an ML technique).

CATEGORY: ML (as the primary contribution is comparing and contrasting traditional machine learning approaches with deep learning techniques, but the paper's core methodology follows the machine learning approach)",5.24,,False,2026-08-09T11:28:39
272,mistral:7b,V2.2,abstract,ML,"REASONING: The paper primarily focuses on analyzing the optimal number of trees in a Random Forest, determining a threshold beyond which increasing the number of trees does not significantly improve performance, and providing an experimental relationship for AUC gain when doubling the number of trees. The core methodology follows tree-based methods, specifically Random Forests.

CATEGORY: ML",3.42,,False,2026-08-09T11:28:43
273,mistral:7b,V2.2,abstract,DL,"REASONING: The paper's primary contribution lies in the development and validation of an AI-based model for predicting myopia progression among children. This model uses machine learning algorithms such as linear regression, support vector machines, XGBoost, and deep learning models like convolutional neural networks.

CATEGORY: DL",3.39,,False,2026-08-09T11:28:46
274,mistral:7b,V2.2,abstract,ML,"REASONING: The paper focuses on the application of six supervised machine learning algorithms (GPR, XGBoost, GBM, RF, KNN, SVR) for predicting the load-settlement behavior of micro-piled raft foundations in clay. The primary contribution lies in demonstrating the superior accuracy and generalization of Gaussian process regression (GPR) in capturing nonlinear soil-structure interaction.

CATEGORY: ML",4.39,,False,2026-08-09T11:28:51
275,mistral:7b,V2.2,abstract,ML,"REASONING: The paper's primary contribution lies in the development and application of machine learning models (Logistic Regression, Decision Tree, K-nearest Neighbor, Support Vector Machine, Multinomial Naïve Bayes, and Random Forest) to forecast player partnership formations in live football matches.

CATEGORY: ML",3.61,,False,2026-08-09T11:28:54
276,mistral:7b,V2.2,abstract,ML,"REASONING: The paper's primary contribution lies in the comprehensive bibliometric analysis of AI applications in eating behavior and food choice, which is achieved using machine learning techniques such as Biblioshiny (Bibliometrix R package) and VOSviewer for data analysis. The study also highlights the increasing use of deep learning and image recognition techniques for dietary assessment and behavioral prediction.

CATEGORY: ML",3.95,,False,2026-08-09T11:28:58
277,mistral:7b,V2.2,abstract,ML,"REASONING: The paper's primary focus is on using machine learning algorithms to predict academic achievement from student data, with a specific emphasis on the RF, SVM, and LDA algorithms. The study also identifies factors affecting achievement and analyzes their impact.

CATEGORY: ML",2.84,,False,2026-08-09T11:29:01
278,mistral:7b,V2.2,abstract,ML,"REASONING: The paper utilizes a machine learning tool (OpenFace 2.0) for quantifying subtle facial movements of medical students, specifically focusing on seven action units (AUs). It then analyzes the association between these AUs and satisfaction levels reported in a questionnaire. The primary contribution of the paper lies in using OpenFace 2.0 to analyze eye blinks (AU45) and their relationship with lecture satisfaction.

CATEGORY: ML",4.44,,False,2026-08-09T11:29:05
279,mistral:7b,V2.2,abstract,ML,"REASONING: The paper provides an overview of AI technologies in medical devices, focusing on their integration into healthcare, technological advancements, and regulatory frameworks. It discusses case studies showcasing AI medical devices and their impact on diagnostic accuracy, clinical decision-making, and patient monitoring. The primary contribution of the paper is a comprehensive review of AI applications in medical devices.

CATEGORY: ML (Machine Learning)",3.93,,False,2026-08-09T11:29:09
280,mistral:7b,V2.2,abstract,DL,"REASONING: The paper discusses the relationship between physics and deep learning, focusing on how properties from physics such as symmetry, locality, compositionality, and polynomial log-probability can lead to simpler neural networks. It also explores the efficiency of deep neural networks compared to shallow ones when dealing with certain hierarchical data structures. The paper uses information theory and proves various ""no-flattening theorems"" to formalize these claims.

CATEGORY: DL (Deep Learning)",4.41,,False,2026-08-09T11:29:14
281,mistral:7b,V2.2,abstract,DL,"REASONING: The paper employs radiomics, artificial intelligence (AI), logistic regression, support vector machines (SVMs), multiple neural network architectures, and a fusion neural network for distinguishing HCC from ICC. However, the primary contribution lies in the development and validation of the fusion neural network.

CATEGORY: DL",3.66,,False,2026-08-09T11:29:17
282,mistral:7b,V2.2,abstract,AI,"REASONING: This study aims to systematically review and critically appraise the performance of AI models for GDM prediction. It involves a systematic literature search, data extraction, qualitative data summary, and potential meta-analysis or meta-regression. The primary contribution of the paper is the systematic review and critical appraisal of AI models for GDM prediction.

CATEGORY: AI (general artificial intelligence approaches)",4.1,,False,2026-08-09T11:29:22
283,mistral:7b,V2.2,abstract,ML,"REASONING: The paper discusses the application of artificial intelligence in breast cancer management, focusing on machine learning techniques for data analysis from various sources like medical imaging, histopathology, genomics, and multi-omics. It evaluates the efficacy and limitations of these AI-driven advancements across different stages of breast cancer management.

CATEGORY: ML",3.41,,False,2026-08-09T11:29:25
284,mistral:7b,V2.2,abstract,DL,"REASONING: The paper proposes a new method called Federated Clustering-Based Centralized Classification (Fed3C) for federated learning, which involves generating centroids using K-means, determining the optimal number of centroids using Bayesian optimization, and performing classification using K-nearest neighbors (KNN). The primary contribution of the paper is the Fed3C method itself.

CATEGORY: DL (Deep Learning)

The Fed3C method uses a machine learning algorithm (K-means) for clustering data, but its core implementation and primary contribution revolve around the neural network-based federated learning approach, which places it in the deep learning category. Although the paper also mentions KNN, it is used as a part of the Fed3C method rather than being the main focus or the primary contribution.",7.52,,False,2026-08-09T11:29:32
285,mistral:7b,V2.2,abstract,AI,"REASONING: This paper discusses the application of Artificial Intelligence (AI) in local flap surgery, providing a review of studies investigating this topic over the last 15 years. The primary contribution of the paper is to explore the potential benefits and current state of AI integration in surgical planning for local flap reconstruction.

CATEGORY: AI",3.48,,False,2026-08-09T11:29:36
286,mistral:7b,V2.2,abstract,ML,"REASONING: The paper describes the development and validation of machine learning models for predicting preeclampsia-associated outcomes using a reduced feature set, with three specific models created to predict different adverse outcomes. The primary contribution of the paper lies in refining machine learning models for clinical use by reducing the number of features.

CATEGORY: ML",3.65,,False,2026-08-09T11:29:40
287,mistral:7b,V2.2,abstract,ML,"REASONING: The paper proposes a digital twin solution that monitors logistics equipment using ML algorithms in an IoT environment. It utilizes various ML models such as Isolation Forest, Autoencoders, LSTM networks, and Random Forest for anomaly detection, RUL prediction, and failure classification. The primary contribution of the paper is the application of these ML models to predictive maintenance and optimization in a digital twin system.

CATEGORY: ML",4.6,,False,2026-08-09T11:29:44
288,mistral:7b,V2.2,abstract,ML,"REASONING: The paper discusses the use of data-driven approaches, specifically machine learning (ML) and artificial intelligence (AI), to improve outcomes in cardiogenic shock. The primary focus is on using these technologies to capture evolving patient trajectories and support real-time clinical decision-making.

CATEGORY: ML",3.25,,False,2026-08-09T11:29:47
289,mistral:7b,V2.2,abstract,ML,"REASONING: The paper presents a theoretical learning model for text classification using Support Vector Machines (SVMs), explaining their performance in large feature spaces and addressing questions related to the statistical properties of text. The primary contribution lies in the development of this SVM-based text classification model.

CATEGORY: ML",2.87,,False,2026-08-09T11:29:50
290,mistral:7b,V2.2,abstract,ML,"REASONING: The paper primarily focuses on evaluating the predictive ability of machine learning (ML) in predicting food-drug interactions compared to conventional methods. It discusses various ML techniques such as supervised and unsupervised learning, reinforcement learning, and their application in absorption, distribution, metabolism, and elimination (ADME) forecasting and drug development.

CATEGORY: ML",3.86,,False,2026-08-09T11:29:54
291,mistral:7b,V2.2,abstract,DL,"REASONING: The paper primarily discusses the application of artificial intelligence (AI) and machine learning (ML) in the diagnosis, management, and treatment of Fibromuscular dysplasia (FMD). The core methodology is the use of AI-enhanced imaging, particularly convolutional neural network (CNN)-based analysis, and ML models for risk stratification, prediction, and personalized treatment selection.

CATEGORY: DL (Deep Learning)",4.3,,False,2026-08-09T11:29:59
292,mistral:7b,V2.2,abstract,ML,"REASONING: The paper primarily discusses the application of machine learning (ML) in cancer imaging, focusing on various applications such as tumor detection, radiomics, multi-modal imaging, and therapy monitoring. It also delves into deep learning architectures and data preprocessing strategies for medical imaging.

CATEGORY: ML",3.22,,False,2026-08-09T11:30:02
293,mistral:7b,V2.2,abstract,DL,"REASONING: The paper discusses the use of psychophysics, fMRI, intracranial recordings, and a deep neural network model (specifically a vision transformer) to study one-shot perceptual learning in humans. The primary contribution of the paper is the development of a deep neural network model that recapitulates and predicts human behavior, with the learned knowledge being highly similar to the neural code in the human high-level visual cortex.

CATEGORY: DL",4.53,,False,2026-08-09T11:30:06
294,mistral:7b,V2.2,abstract,ML,"REASONING: The paper presents a systematic study of country-level ESG modeling using machine learning techniques, focusing on four computational tasks: representation learning, level forecasting, directional change classification, and explainability. The primary contribution lies in comparing linear and nonlinear models for these tasks using publicly available World Bank indicators.

CATEGORY: ML",3.3,,False,2026-08-09T11:30:10
295,mistral:7b,V2.2,abstract,ML,"REASONING: The paper investigates the relationships among undergraduate students' awareness, perception, and preparedness regarding AI tools for decision-making in health emergencies. It uses statistical analysis methods such as one-sample t-tests, simple linear regression analyses, and random forest regression (RFR) to analyze the data collected through an online questionnaire. The primary contribution of the paper lies in the findings that AI awareness significantly predicts perception and preparedness, and it is the top predictor over perception in RFR results.

CATEGORY: ML (Machine Learning)",5.45,,False,2026-08-09T11:30:15
296,mistral:7b,V2.2,abstract,AI,"REASONING: The paper discusses the application of artificial intelligence (AI) in the screening of structural heart disease (SHD) and valvular heart disease (VHD), presenting AI-guided models trained on various imaging data for diagnosis. It also mentions the explainability of these models.

CATEGORY: AI",3.22,,False,2026-08-09T11:30:18
297,mistral:7b,V2.2,abstract,ML,"REASONING: The paper describes the use of Random Forests, a combination of tree predictors, as a machine learning method for both classification and regression tasks. The primary contribution of the paper is the application of Random Forests and its internal estimates for monitoring error, strength, correlation, and variable importance.

CATEGORY: ML",3.07,,False,2026-08-09T11:30:21
298,mistral:7b,V2.2,abstract,DL,"REASONING: The paper discusses the transformation of educational practices through AI-driven adaptive learning systems that utilize NLP, ML, and DL technologies. The primary contribution of the paper seems to be the application of these advanced technologies in education for personalized learning experiences, progress prediction, and tailored material recommendations.

CATEGORY: DL (Deep Learning)",3.21,,False,2026-08-09T11:30:25
299,mistral:7b,V2.2,abstract,AI,"REASONING: The paper primarily focuses on the evolution of timekeeping, with an emphasis on atomic clocks, their applications, and dissemination methods. It also discusses emerging applications like quantum communication and quantum computing, and mentions the use of AI/ML for predictive control and resilience in timekeeping systems. However, the core methodology and primary contribution of the paper lie in its discussion of timekeeping technologies and their applications, with AI/ML being used as an enabling technology for improving the resilience of these systems.

CATEGORY: AI (general artificial intelligence approaches)",5.22,,False,2026-08-09T11:30:30
0,mistral:7b,V3,abstract,ML,"REASONING: The paper studies scaling laws for language model performance using power-law relationships with model size, dataset size, and compute used for training. It also discusses the effects of network width and depth, and determines optimal allocation of a fixed compute budget. The primary contribution is the study of these scaling laws, which falls under machine learning.

CATEGORY: ML",5.81,,False,2026-08-09T11:30:36
1,mistral:7b,V3,abstract,DL,"REASONING: The paper compares classical neural networks and quantum neural networks in terms of their response to data corruption, introduces a framework for quantum machine unlearning, and discusses the advantages of quantum machine learning for trustworthy and reliable AI. The primary contribution is the comparison and analysis of classical and quantum neural networks, which falls under the deep learning category as it involves neural network architectures.

CATEGORY: DL",3.92,,False,2026-08-09T11:30:39
2,mistral:7b,V3,abstract,DL,"REASONING: The paper describes the training of a deep convolutional neural network (CNN) with five convolutional layers, max-pooling layers, and three fully-connected layers for image classification on the ImageNet dataset. The primary contribution is the development and training of this specific CNN architecture that achieves top-1 and top-5 error rates significantly better than previous state-of-the-art.
CATEGORY: DL",4.23,,False,2026-08-09T11:30:44
3,mistral:7b,V3,abstract,Unclear,"REASONING: The paper evaluates the performance of four AI chatbots in answering questions related to adrenal incidentalomas. The primary contribution lies in comparing these chatbots based on accuracy, quality, hallucination tendency, and readability.

CATEGORY: Unclear (as it involves multiple AI systems and their comparison)",3.6,,False,2026-08-09T11:30:47
4,mistral:7b,V3,abstract,DL,"REASONING: The paper describes the use of a deep learning model (YOLO v11x) for automatic recognition of key anatomical structures during laparoscopic donor nephrectomy. The model is optimized using a sophisticated loss function and evaluated using precision, recall, and F1 score.

CATEGORY: DL",3.82,,False,2026-08-09T11:30:51
5,mistral:7b,V3,abstract,ML,"REASONING: The paper evaluates multiple machine learning models for predicting fetal distress from cardiotocography signals using a publicly available dataset. The primary contribution is the comparison of various classification models and their impact on accuracy and interpretability.

CATEGORY: ML",2.93,,False,2026-08-09T11:30:54
6,mistral:7b,V3,abstract,ML,"REASONING: The paper discusses the integration of AI techniques, including deep neural networks and Machine Learning (ML), into Forensic Odontology (FO). While it mentions digital imaging and database management, these are enablers for the AI applications rather than the primary focus of the paper.

CATEGORY: ML (since the paper primarily discusses AI techniques without explicitly focusing on deep learning architectures)",4.08,,False,2026-08-09T11:30:58
7,mistral:7b,V3,abstract,ML,"REASONING: The paper presents an incremental variant of the EM algorithm for maximum likelihood estimation, justifying its faster convergence in a mixture estimation problem. It also discusses a variant that exploits sparse conditional distributions, suggesting other possible variants. The primary contribution is the incremental variant of the EM algorithm.

CATEGORY: ML",3.22,,False,2026-08-09T11:31:01
8,mistral:7b,V3,abstract,AI,"REASONING: The paper discusses the concept of intelligence in a broader sense, including biological and machine intelligence. It does not describe any specific technical methods or algorithms, but rather presents a philosophical critique of anthropocentric views of intelligence.

CATEGORY: AI (general artificial intelligence approaches)",3.02,,False,2026-08-09T11:31:04
9,mistral:7b,V3,abstract,ML,"REASONING: The paper describes a hybrid machine learning approach using Particle Swarm Optimization-Grey Wolf Optimization (PSO-GWO) algorithm for feature selection, ensemble learning algorithms for model comparison, and explainable artificial intelligence techniques like SHAP, LIME, Partial Dependence Plot (PDP), and Individual Conditional Expectation (ICE) for model interpretability. The primary contribution is the development of a high-accuracy prediction model using CatBoost with PSO-GWO feature selection and XAI techniques.

CATEGORY: ML",5.73,,False,2026-08-09T11:31:10
10,mistral:7b,V3,abstract,DL,"REASONING: The paper describes a method that uses multiple algorithms from both AI (Neural Networks) and ML (K-Nearest Neighbors, XGBoost, Decision Trees) for energy consumption prediction in buildings. The primary contribution is the use of a Multiarmed Bandit algorithm with reinforcement learning capabilities to select the most effective forecasting algorithm based on unique contexts identified by decision rules.

CATEGORY: DL (Neural Networks are mentioned, and the Multiarmed Bandit algorithm has reinforcement learning capabilities)",5.28,,False,2026-08-09T11:31:15
11,mistral:7b,V3,abstract,DL,"REASONING: The paper describes a deep learning approach (CNN) for classifying cancer versus normal tissue and predicting drug response in high-grade serous ovarian cancer, as well as machine learning methods (Lasso, AdaBoost, Naive Bayes, XGBoost, Random Forest) for feature selection. The primary contribution of the paper is the development and application of a deep learning pipeline based on pathology images to predict chemotherapy response in HGSOC.

CATEGORY: DL",5.05,,False,2026-08-09T11:31:21
12,mistral:7b,V3,abstract,ML,"REASONING: The paper discusses the use of machine learning algorithms for predicting intraoperative hypotension, specifically mentioning electrocardiography, basal systolic, and diastolic blood pressure. The primary contribution is the evaluation of these algorithms' clinical performance based on sensitivity, specificity, and the area under the ROC curve (AUROC). No neural network architecture or deep learning techniques are mentioned.

CATEGORY: ML",4.56,,False,2026-08-09T11:31:25
13,mistral:7b,V3,abstract,ML,"REASONING: The paper discusses statistical learning methods such as forward stepwise regression, Lasso, and Principal Components Analysis (PCA), which are classical machine learning techniques. The primary contribution of the paper is not in developing a new method but rather in discussing the application of these existing techniques to address the problem of selective inference.

CATEGORY: ML",3.63,,False,2026-08-09T11:31:29
14,mistral:7b,V3,abstract,ML,"REASONING: The paper discusses the application of machine learning, deep learning, and natural language processing in sustainable green finance. It mentions various techniques such as default prediction using novel variables, deep learning for market forecasting and portfolio returns, and natural language processing to detect greenwashing and improve ESG ratings. However, the primary contribution seems to be the synthesis of recent literature on how these AI techniques enhance credit-risk modeling, portfolio optimization, and ESG evaluation in sustainable green finance.

CATEGORY: ML (Machine Learning)",4.93,,False,2026-08-09T11:31:34
15,mistral:7b,V3,abstract,DL,"REASONING: The paper describes the use of three pretrained deep learning models (DenseNet-121, EfficientNet-B0, and ResNet-50) for classifying oral lesions as malignant or benign using intraoral photographs. The primary contribution of the paper is the superior performance of DenseNet-121 in early detection of oral cancer, exceeding the diagnostic accuracy of an experienced oral specialist.

CATEGORY: DL",4.64,,False,2026-08-09T11:31:38
16,mistral:7b,V3,abstract,ML,"REASONING: The paper utilizes a machine learning model (LightGBM) for predicting contraceptive continuation among women in sub-Saharan Africa, with SHAP analysis used to identify influential features. LightGBM is the primary contribution of the paper, making it a machine learning technique.

CATEGORY: ML",3.6,,False,2026-08-09T11:31:42
17,mistral:7b,V3,abstract,AI,"REASONING: The paper discusses various machine learning techniques such as artificial neural networks, support vector machines, random forests, convolutional neural networks, and deep learning models for improving matrix-effect prediction, signal interpretation, chromatographic performance, and workflow automation in LC–MS/MS applications. However, the primary contribution of the paper is not the development or application of any specific ML technique but rather a critical evaluation of AI-assisted bioanalytical methodologies.

CATEGORY: AI",5.08,,False,2026-08-09T11:31:47
18,mistral:7b,V3,abstract,DL,"REASONING: The paper discusses the use of artificial intelligence (AI), particularly deep learning and machine learning, for integrating multiple omics layers in cancer diagnosis and treatment. It mentions graph neural networks, transformers, explainable AI (XAI) and various applications such as therapy selection, early detection, and diagnostics.

CATEGORY: DL (Deep Learning)",3.78,,False,2026-08-09T11:31:51
19,mistral:7b,V3,abstract,DL,"REASONING: The paper discusses the application of AI techniques such as machine learning, deep learning, reinforcement learning, and generative models to nanoparticle development for cancer theranostics. The primary contribution lies in the use of these AI methods to improve theranostic decisions, with specific examples provided.

CATEGORY: DL (Deep Learning is the most specific category that applies as it includes all the mentioned AI techniques)",4.3,,False,2026-08-09T11:31:55
20,mistral:7b,V3,abstract,ML,"REASONING: The paper presents a new technique called ""t-SNE"" for visualizing high-dimensional data in two or three dimensions, which is an improvement over existing techniques like Stochastic Neighbor Embedding (SNE). It uses random walks on neighborhood graphs to allow the implicit structure of large datasets to influence the visualization.

CATEGORY: ML",3.69,,False,2026-08-09T11:31:59
21,mistral:7b,V3,abstract,ML,"REASONING: The paper presents a novel Two-Tier Metaheuristic Algorithm for Cyberattack Defense Analysis using Explainable Artificial Intelligence based Bayesian Deep Learning (TTMCDA-XAIBDL) method. It uses Z-score normalization, improved sand cat swarm optimization (ISCSO), Bayesian neural network (BNN), whale optimization algorithm (WOA) for hyperparameter tuning, and SHAP for explainability. The primary contribution of the paper is the development and evaluation of the TTMCDA-XAIBDL method, which combines multiple techniques from deep learning (Bayesian neural network) and machine learning (Z-score normalization, ISCSO, WOA, SHAP).

CATEGORY: ML",7.38,,False,2026-08-09T11:32:06
22,mistral:7b,V3,abstract,ML,"REASONING: The paper synthesizes available evidence on the cost-effectiveness of AI-PM, extracting data from economic evaluations, assessing risk-of-bias, and conducting regression analyses incorporating machine learning. Machine learning is used as a tool to explore value heterogeneity, but it's not the primary contribution of the paper.
CATEGORY: ML (Machine Learning)",4.08,,False,2026-08-09T11:32:10
23,mistral:7b,V3,abstract,DL,"REASONING: The paper describes the use of deep learning (3D nnU-Net) for ACL segmentation, followed by the extraction of radiomics features and the construction of a classification model using SVM, RF, and SGD. The primary contribution is the development of an AI system that performs both ACL segmentation and tears diagnosis based on knee CT scans.

CATEGORY: DL (Deep Learning)",4.22,,False,2026-08-09T11:32:14
24,mistral:7b,V3,abstract,ML,"REASONING: The paper describes various machine learning methods such as Logistic Regression, K-Nearest Neighbors, Gaussian Naive Bayes, Support Vector Classifier, Decision Tree, Random Forest, AdaBoost, Gradient Boosting Classifier, CatBoost, and LightGBM. It also uses techniques like Tomek Links and SMOTE for data preprocessing and feature selection algorithms to identify important features related to food addiction prediction. The SHAP method is used for model interpretation.

REASONING: The primary contribution of the paper lies in integrating demographic, anthropometric, and personality data with machine learning methods to predict food addiction among university students. Although neural network architectures are not directly involved, the use of ensemble methods like Random Forest and CatBoost can be considered a form of deep learning due to their complexity. However, since the paper's primary contribution is not explicitly a deep learning technique, it falls under machine learning.

CATEGORY: ML",9.38,,False,2026-08-09T11:32:24
25,mistral:7b,V3,abstract,AI,"REASONING: The paper proposes a hybrid AI model that integrates particle swarm optimization (PSO), coati optimization (COO), gated recurrent unit (GRU), and adaptive neuro-fuzzy inference system (ANFIS). The primary contribution of the paper is the development of the PSO-COO-GRU-ANFIS model for predicting groundwater levels.

CATEGORY: AI",4.52,,False,2026-08-09T11:32:28
26,mistral:7b,V3,abstract,AI,"REASONING: The paper discusses the application of Explainable AI (XAI) methods in sports science, focusing on SHapley Additive Explanations (SHAP) as the most commonly used method across multiple disciplines. Other XAI techniques like Gradient-weighted Class Activation Mapping, Individual Conditional Expectation Plots, or domain-specific approaches are rarely used.

CATEGORY: AI (Explainable AI methods fall under the general artificial intelligence category)",4.75,,False,2026-08-09T11:32:33
27,mistral:7b,V3,abstract,ML,"REASONING: The paper uses multiple machine learning models (Extreme Gradient Boosting, Multilayer Perceptron, L1- and L2-regularized logistic regression) to predict functional outcome after acute ischemic stroke. Shapley additive global explanations are used to assess feature importance.

CATEGORY: ML",3.71,,False,2026-08-09T11:32:37
28,mistral:7b,V3,abstract,ML,"REASONING: The paper describes several machine learning algorithms (SVM, GBR, ANN, CatBoost, XGBoost, and RF) as methods for predicting precipitation isotopic values. Among these, the Random Forest (RF) model is identified as achieving superior predictive performance.

CATEGORY: ML",3.5,,False,2026-08-09T11:32:40
29,mistral:7b,V3,abstract,ML,"REASONING: The paper applies machine learning algorithms, specifically Random Forest, Gradient Boosting, and Extreme Gradient Boosting, to analyze data from 30 studies on traumatic brain injury (TBI). It uses Shapley Additive Explanations for model interpretability.

CATEGORY: ML",3.34,,False,2026-08-09T11:32:44
30,mistral:7b,V3,abstract,ML,"REASONING: The paper discusses the application of artificial intelligence (AI) in phytochemical-based anticancer drug discovery, focusing on machine learning and deep learning approaches for metabolite identification, virtual screening, target prediction, and toxicity assessment.
CATEGORY: ML (Machine Learning)",3.16,,False,2026-08-09T11:32:47
31,mistral:7b,V3,abstract,DL,"REASONING: The paper develops and benchmarks a novel ensemble of six hybrid models, including three machine learning (ML) and three deep learning (DL) models to forecast nocturnal Surface Urban Heat Island (SUHI) in Tehran through 2030. The primary contribution is the development and testing of these hybrid models, with U-Net + LSTM being identified as the optimal model.

CATEGORY: DL",4.64,,False,2026-08-09T11:32:52
32,mistral:7b,V3,abstract,AI,"REASONING: The paper discusses the application of AI/ML techniques in the field of Non-small cell lung cancer (NSCLC), focusing on imaging, genomics, and multimodal integration. It mentions deep learning and ensemble methods as key contributors to outperforming traditional diagnostic workflows. However, it does not focus on a specific neural network architecture or ML algorithm as the primary contribution.

CATEGORY: AI (Artificial Intelligence)",4.42,,False,2026-08-09T11:32:56
33,mistral:7b,V3,abstract,ML,"REASONING: The paper discusses various AI/ML techniques such as supervised learning, deep neural networks, natural language processing, and reinforcement learning in the context of drug repurposing for Hepatitis B virus (HBV). The primary contribution is the application of these techniques to accelerate development timelines and promote equitable access in resource-limited settings.

CATEGORY: ML",4.08,,False,2026-08-09T11:33:00
34,mistral:7b,V3,abstract,DL,"REASONING: The paper proposes an AI methodology for kidney cancer detection using deep learning techniques, specifically Convolutional Neural Networks (CNNs) and bi-directional long short-term memory (Bi-LSTM). It also employs feature extraction models like VGG16, MobileNetV1, and EfficientNetB5. The primary contribution is the development of the AIDCNN-CDMKO methodology that utilizes these techniques for precise identification and classification of kidney tumors.

CATEGORY: DL",5.63,,False,2026-08-09T11:33:06
35,mistral:7b,V3,abstract,ML,"REASONING: The paper employs supervised machine learning classifiers to detect Adverse Drug Reactions (ADRs) from text data, specifically from tweets and drug reviews. The primary contribution lies in the evaluation of these classifiers on a fusion dataset, achieving high F1-score, Accuracy, and ROC–AUC.

CATEGORY: ML",3.84,,False,2026-08-09T11:33:09
36,mistral:7b,V3,abstract,DL,"REASONING: The paper proposes an AI-based intrusion detection and secure communication technique for 6G IoT networks, using min-max normalization, improved sparrow search algorithm (ISSA) for feature selection, long short-term memory (MIX_LSTM) model for classification, and rabbit optimization algorithm (ROA) for hyperparameter selection. The primary contribution lies in the integration of these techniques to enhance attack recognition in an assisted 6G-IoT network.

CATEGORY: DL",5.13,,False,2026-08-09T11:33:15
37,mistral:7b,V3,abstract,ML,"REASONING: The paper describes two approaches for automating and standardizing the interpretation of cystometry (CMG) tracings using artificial intelligence (AI). The primary contribution is the wavelet-based machine learning (ML) approach, which achieves higher accuracy than the deep learning (DL) approach and provides detailed contraction descriptors. The paper also includes an anomaly-detection stage for managing artifacts and signal processing techniques for robust CMG event recognition.

CATEGORY: ML",4.92,,False,2026-08-09T11:33:20
38,mistral:7b,V3,abstract,DL,"REASONING: The paper describes the use of a sparse convolutional neural network (CNN) for predicting key amino acid mutations to enhance the thermostability of microbial transglutaminase, followed by molecular dynamics simulations to investigate the molecular basis of this enhanced stability. The primary contribution of the paper is the development and experimental validation of the sparse CNN.

CATEGORY: DL",4.24,,False,2026-08-09T11:33:24
39,mistral:7b,V3,abstract,ML,"REASONING: The paper discusses various AI techniques applied to pressure injuries, including Convolutional Neural Networks, Random Forest, Support Vector Machine, and Extreme Gradient Boosting. These are all machine learning algorithms, with Convolutional Neural Networks being a subset of deep learning.

CATEGORY: ML",3.49,,False,2026-08-09T11:33:27
40,mistral:7b,V3,abstract,ML,"REASONING: The paper presents an explainable machine learning framework that integrates artificial neural networks (ANNs) with SHapley Additive exPlanations (SHAP) for accurate and interpretable device modeling of 4H-SiC MOSFETs.
REASONING: The primary contribution of the paper is the development of an ANN model for device modeling, with SHAP used to explain the influence of design parameters on electrical characteristics.
CATEGORY: ML",4.59,,False,2026-08-09T11:33:32
41,mistral:7b,V3,abstract,ML,"REASONING: The paper describes the development of machine learning models (Random Forest, Support Vector Regression, K-nearest neighbors) to predict yarn properties based on cotton fiber properties. Shapley Additive Explanations (SHAP), an explainable artificial intelligence technique, is used to provide interpretability to the models' predictions and study the contributions of fiber properties.

CATEGORY: ML",4.07,,False,2026-08-09T11:33:36
42,mistral:7b,V3,abstract,ML,"REASONING: The paper describes the development of machine learning models for oral cancer diagnosis using Gray Level Co-occurrence Matrix (GLCM) features extracted from histopathological images. The primary contribution lies in the creation of these machine learning models, specifically Fine Tree, Medium Tree, Linear Discriminant, Linear Support Vector Machine, K-Nearest Neighbors, and Neural Network (MLP) model. Although deep learning is mentioned, no specific neural network architecture or deep learning technique is developed or studied in this paper.

CATEGORY: ML",5.66,,False,2026-08-09T11:33:42
43,mistral:7b,V3,abstract,Unclear,"REASONING: The paper provides a bibliometric analysis of the global research landscape on AI-based knee OA progression prediction, mapping trends and thematic evolution rather than evaluating the clinical effectiveness of individual AI tools. It does not describe any specific technical methods or algorithms, but instead focuses on analyzing publication and citation metrics, authorship, institutional and national contributions, and keyword co-occurrence.

CATEGORY: Unclear (as it is a bibliometric study that discusses the evolution of AI research in knee OA progression prediction, rather than focusing on any specific AI, ML or DL technique)",6.09,,False,2026-08-09T11:33:48
44,mistral:7b,V3,abstract,ML,"REASONING: The paper employs machine learning regression techniques, metaheuristic algorithms, SHAP, and CAM for sensitivity analysis to predict two key metrics related to global energy consumption. The primary contribution lies in integrating optimization algorithms with advanced models to improve predictive accuracy and model robustness.

CATEGORY: ML",3.45,,False,2026-08-09T11:33:51
45,mistral:7b,V3,abstract,ML,"REASONING: The paper proposes an AI-based diagnostic approach that combines an improved Exponential Triangular Optimization (ETO) algorithm with a Convolutional Neural Network (CNN) model for computer numerical control (CNC) machine tool bearing fault diagnosis. The primary contribution is the improvement of the ETO algorithm, which includes a phase-switching mechanism and joint hyperparameter optimization plan.

CATEGORY: ML",4.36,,False,2026-08-09T11:33:56
46,mistral:7b,V3,abstract,ML,"REASONING: The paper describes the development of an AI model using machine learning algorithms (ExtraTrees, XGBoost, LightGBM) to predict early recurrence of hepatocellular carcinoma (HCC). The primary contribution is the construction and comparison of these models using clinical blood biomarkers, MRI features, and pathological data.

CATEGORY: ML",4.11,,False,2026-08-09T11:34:00
47,mistral:7b,V3,abstract,AI,"REASONING: The paper discusses the integration of AI in discussion forums, focusing on various applications such as intelligent tutoring systems, chatbots, automatic formative assessment, etc. However, it does not describe any specific AI, ML or DL technique or algorithm. Instead, it focuses on the role of AI in learning and its impact on the learning environment, pedagogy, and technology.

CATEGORY: AI",4.46,,False,2026-08-09T11:34:04
48,mistral:7b,V3,abstract,ML,"REASONING: The paper describes the development of a dual-mode biosensing platform based on iron-doped carbon quantum dots (Fe0.45-CDs) coupled with sarcosine oxidase (SOX) for ultrasensitive detection of sarcosine, an emerging biomarker for prostate cancer. The primary contribution lies in the construction of a cascade reaction-based sensor integrating colorimetric and ratiometric fluorescent readouts using Fe0.45-CDs, which improves detection sensitivity. Machine learning is used to analyze RGB features extracted from smartphone-captured images for Sar concentration prediction, with the k-nearest neighbors (KNN) model achieving optimal accuracy.
REASONING: The primary contribution of the paper involves the development and application of a dual-mode biosensing platform based on Fe0.45-CDs, which is a classical machine learning technique.
CATEGORY: ML",9.08,,False,2026-08-09T11:34:13
49,mistral:7b,V3,abstract,ML,"REASONING: The paper proposes a data-driven predictive model for estimating mean pulmonary artery pressure (mPAP) based on individual patient clinical diagnostic features. This model is designed to overcome challenges in AI-driven medical research by learning from small datasets and incorporating uncertainty quantification.

CATEGORY: ML",3.24,,False,2026-08-09T11:34:16
50,mistral:7b,V3,abstract,ML,"REASONING: The paper introduces a formal reduction between Support Vector Machines (SVM) and Elastic Net (ENet), a widely used machine learning algorithm. The primary contribution is a parallel solver for ENet that utilizes GPU and multi-core CPUs, which is derived from the reduction and advances in parallelizing SVM solvers.

CATEGORY: ML",3.69,,False,2026-08-09T11:34:20
51,mistral:7b,V3,abstract,ML,"REASONING: The paper focuses on assessing the effectiveness of AI models for predicting hematoma expansion in patients with intracerebral hemorrhage. It compares AI algorithms using machine learning and deep learning techniques, but does not delve into specific neural network architectures or ML algorithms. The primary contribution is the meta-analysis of existing studies on AI models for predicting hematoma expansion.

CATEGORY: ML (Machine Learning)",4.72,,False,2026-08-09T11:34:25
52,mistral:7b,V3,abstract,ML,"REASONING: The paper describes a machine learning model based on a multilayer artificial neural network for predicting COVID-19 cases, deaths, and case fatality ratio. The model's performance is evaluated using metrics like R2, MAE, and RMSE.
CATEGORY: ML",3.28,,False,2026-08-09T11:34:28
53,mistral:7b,V3,abstract,AI,"REASONING: The paper discusses several AI/ML techniques (Deep Learning, Natural Language Processing, Radiomics, multi-omics analysis) in the context of oncology. However, the primary contribution lies in discussing the use and implications of these techniques in oncology, rather than developing or improving any specific method.

CATEGORY: AI",3.63,,False,2026-08-09T11:34:32
54,mistral:7b,V3,abstract,DL,"REASONING: The paper presents a large-scale, data-driven, concentric deep learning model for forecasting financial risks. The model uses historical financial policy and risk behavior data to identify the most important risk factors and optimize financial allocations. It also follows rules such as the EU AI Act.

CATEGORY: DL",3.34,,False,2026-08-09T11:34:35
55,mistral:7b,V3,abstract,AI,"REASONING: The paper discusses the potential use of multi-omics data (genomics, transcriptomics, proteomics, metabolomics) in combination with AI and ML to improve risk prediction for plasma cell disorders. While AI and ML are mentioned as tools that could enhance understanding and predictive accuracy, no specific algorithm or architecture is developed or studied.

CATEGORY: AI (General artificial intelligence approaches, symbolic reasoning, expert systems, or work not specific to ML/DL techniques)",4.95,,False,2026-08-09T11:34:40
56,mistral:7b,V3,abstract,ML,"REASONING: The paper proposes a multi-level feature Dempster–Shafer joint (MLDSJ) attribution method for Advanced Persistent Threat (APT) groups based on threat intelligence. It extracts multi-level features such as attack patterns, textual information, and graph topology from CTI reports to construct feature vectors, classifies the three types of features separately using simple machine learning models, and integrates them using Dempster–Shafer (DS) evidence theory.

CATEGORY: ML",5.08,,False,2026-08-09T11:34:45
57,mistral:7b,V3,abstract,ML,"REASONING: The paper discusses the potential use of supervised machine learning models for pneumonia discrimination and optimal therapeutic dosing determination, as well as ML-CDSS for integration into clinical practice. No neural network architecture or deep learning techniques are mentioned.

CATEGORY: ML",3.14,,False,2026-08-09T11:34:48
58,mistral:7b,V3,abstract,AI,"REASONING: The paper discusses AI applications in food formulation, including AI models for recipe generation, ingredient selection, formulation optimization, and quality- and safety-driven product development. However, no specific neural network architecture or learning methodology is developed or studied.

CATEGORY: AI",3.13,,False,2026-08-09T11:34:51
59,mistral:7b,V3,abstract,ML,"REASONING: The paper employs machine learning models for predicting concrete compressive strength using a data-driven optimization strategy. The primary contribution is the application of the Arithmetic Optimization Algorithm (AOA) optimization for ensemble ML models, which improves accuracy and generalization compared to traditional optimizers such as Genetic Algorithm (GA).

CATEGORY: ML",3.91,,False,2026-08-09T11:34:55
60,mistral:7b,V3,abstract,DL,"REASONING: The paper introduces a new deep learning framework, QuantumNeuroXAI, that leverages quantum-inspired feature encoding and combines temporal convolutional and attention-based recurrent modelling for EEG-based neurological diagnosis. It also includes a multi-level explainability module for interpretable predictions.
CATEGORY: DL",3.94,,False,2026-08-09T11:34:59
61,mistral:7b,V3,abstract,ML,"REASONING: The paper discusses the role of machine intelligence (AI) in abdominal oncology, focusing on computer-aided detection (CAD) and diagnosis (CADx), radiomics, and personalized therapy. Although AI is mentioned as motivation, no specific neural network architecture or learning methodology is developed or studied.

CATEGORY: ML",3.61,,False,2026-08-09T11:35:03
62,mistral:7b,V3,abstract,ML,"REASONING: The paper describes the application of six supervised machine learning algorithms to predict postoperative hearing outcomes following tympanoplasty. The primary contribution is the evaluation of these algorithms, with the Random Forest classifier achieving the highest predictive accuracy.

CATEGORY: ML",3.06,,False,2026-08-09T11:35:06
63,mistral:7b,V3,abstract,ML,"REASONING: The paper focuses on comparing four supervised learning algorithms (Logistic Regression, Random Forest, XGBoost, and LightGBM) for credit card fraud detection. The primary contribution is the assessment of these models based on their predictive performance and interpretability using Explainable Artificial Intelligence (XAI) techniques.

CATEGORY: ML",3.62,,False,2026-08-09T11:35:10
64,mistral:7b,V3,abstract,AI,"REASONING: The paper reviews the application of AI and ML in sports medicine, discussing various studies that use these technologies for injury prediction, diagnostic image analysis, and recovery estimation. However, it does not develop or study any specific AI, ML, or DL concept, method, or architecture.

CATEGORY: AI (General)",3.37,,False,2026-08-09T11:35:13
65,mistral:7b,V3,abstract,AI,"REASONING: The paper discusses the use of three-dimensional NVU organoids, spatial transcriptomics with single-cell resolution, and artificial intelligence technology (machine learning and deep learning) for studying neurovascular unit (NVU) dysfunction during Alzheimer's disease progression. While AI is mentioned, no specific ML or DL concept, method, or architecture is developed or studied as the primary contribution.
REASONING: The primary contribution of the paper lies in reviewing and discussing the applications of spatial transcriptomics and organoid technology in NVU studies, rather than any specific ML or DL technique.
CATEGORY: AI (General)",6.12,,False,2026-08-09T11:35:19
66,mistral:7b,V3,abstract,ML,"REASONING: The paper's primary contribution is the development and comparison of machine learning models for predicting functional independence after successful endovascular thrombectomy. Although deep neural networks are used in the study, they are not the main subject of the contribution; instead, they are employed as a tool to achieve better prediction performance compared to classical machine learning models.

CATEGORY: ML",4.05,,False,2026-08-09T11:35:23
67,mistral:7b,V3,abstract,AI,"REASONING: The paper discusses various machine learning (ML), deep learning (DL), optimization algorithms, and hybrid algorithms for anemia diagnosis. However, the primary contribution of the paper is a review of these techniques rather than developing or implementing any specific method.

CATEGORY: AI",3.04,,False,2026-08-09T11:35:26
68,mistral:7b,V3,abstract,ML,"REASONING: The paper proposes LIME, a local interpretation method for any classifier, and presents a submodular optimization problem to present explanations in a non-redundant way. The methods are demonstrated on various text and image classification models.
REASONING: Although the paper discusses neural networks, the primary contribution is the explanation technique (LIME) that can be applied to any classifier, not just neural networks.
CATEGORY: ML",4.42,,False,2026-08-09T11:35:31
69,mistral:7b,V3,abstract,DL,"REASONING: The paper presents a novel fall activity recognition system for disabled persons using a Temporal Convolutional Network (TCN) classifier, which is a deep learning technique. The system involves image pre-processing with Gaussian filtering and feature extraction with NASNetMobile, DenseNet121, and MobileNetV3Large, all of which are machine learning techniques. The primary contribution lies in the TCN-based fall activity recognition system.

CATEGORY: DL",4.86,,False,2026-08-09T11:35:35
70,mistral:7b,V3,abstract,AI,"REASONING: The paper discusses AI applications for personalizing Virtual Reality Exposure Therapy (VRET), including conversational AI and machine learning for outcome prediction, but does not name any specific algorithm, architecture, or learning methodology. The treatment of AI remains at the level of general capability rather than any specific ML or DL technique.

CATEGORY: AI",3.72,,False,2026-08-09T11:35:39
71,mistral:7b,V3,abstract,AI,"REASONING: The paper discusses the importance of building trust in AI for diabetes care, outlining key attributes for a trustworthy medical AI system and providing practical methods to achieve them. Although AI is mentioned as the subject matter, no specific ML or DL technique is developed or studied.

CATEGORY: AI",3.16,,False,2026-08-09T11:35:42
72,mistral:7b,V3,abstract,DL,"REASONING: The paper discusses various AI-based algorithms for dermoscopic image analysis, with Convolutional Neural Networks (CNNs) being the most common model type. It also mentions hybrid and ensemble models that incorporate different architectures like EfficientNet, DenseNet, and ResNet. The primary contribution of the paper is the evaluation of these AI algorithms for diagnostic purposes in dermoscopy.

CATEGORY: DL",4.6,,False,2026-08-09T11:35:47
73,mistral:7b,V3,abstract,AI,"REASONING: The paper discusses the integration of Quantum Computing (QC) with Artificial Intelligence (AI), identifying key technological features, integration requirements, and sectoral applications. It does not focus on any specific QC or AI methodology or algorithm.

CATEGORY: AI",3.32,,False,2026-08-09T11:35:50
74,mistral:7b,V3,abstract,DL,"REASONING: The paper proposes a new Refined Deep Evolutionary Learning Framework (R-DELF) that combines genomic, structural, and temporal intelligence for predicting proactive viral mutations and assessing vaccine suitability. It uses an ESM-2 Transformer, dual-attention Graph Neural Networks (GNNs), evolutionary learning maximiser, and an Explainable AI layer.

CATEGORY: DL",4.52,,False,2026-08-09T11:35:55
75,mistral:7b,V3,abstract,AI,"REASONING: The paper discusses two strategies for hyper-parameter optimization, grid search and random search, and compares their efficiency. It does not mention any specific neural network architecture or learning methodology.

CATEGORY: AI (general artificial intelligence approaches)",2.8,,False,2026-08-09T11:35:58
76,mistral:7b,V3,abstract,ML,"REASONING: The paper evaluates the diagnostic performance of various imaging modalities (CT, MRI, EUS) for preoperative grading of pancreatic neuroendocrine tumors, with a focus on comparing Machine Learning/Deep Learning algorithms against conventional expert interpretation. The primary contribution lies in the meta-analysis of these different methods and their diagnostic performance.

CATEGORY: ML (Machine Learning)",4.29,,False,2026-08-09T11:36:02
77,mistral:7b,V3,abstract,DL,"REASONING: The paper introduces Variational Quantum Classifiers (VQCs), which are hybrid algorithms combining classical machine learning with quantum computing techniques for classification tasks. The primary contribution of the paper is testing the hypothesis that VQC2's quantum feature mapping can model cross-sector nonlinear dependencies more effectively than standard classical classifiers in a low-dimensional classification setting.

CATEGORY: DL (Deep Learning)",4.11,,False,2026-08-09T11:36:06
78,mistral:7b,V3,abstract,ML,"REASONING: The paper employs machine learning techniques such as K-means clustering, KNN, SVM, ANN, and XAI tools like SHAP and LIME to analyze the determinants of fiscal openness in a global context. The primary contribution lies in using these methods to determine different regimes of governance that go beyond traditional classifications.

CATEGORY: ML",3.96,,False,2026-08-09T11:36:10
79,mistral:7b,V3,abstract,ML,"REASONING: The paper presents a decision support system for stroke diagnosis using machine learning techniques, specifically a decision tree learning model. The primary contribution of the paper is the integration of EV-features with standard EHR variables to improve clinical decision-making in emergency settings.

CATEGORY: ML",3.03,,False,2026-08-09T11:36:13
80,mistral:7b,V3,abstract,DL,"REASONING: The paper proposes an extension to the encoder-decoder architecture for neural machine translation, allowing the model to automatically search for relevant parts of a source sentence without forming them as a hard segment explicitly. This is achieved through a new approach that does not use a fixed-length vector.

CATEGORY: DL",3.31,,False,2026-08-09T11:36:16
81,mistral:7b,V3,abstract,ML,"REASONING: The paper compares 14 machine learning models for estimating patient-level EQ-5D-5L index scores using sociodemographic and Minimum European Health Module (MEHM) data from seven population surveys. AdaBoost, MLP, and XGBoost are the main methods used in the study. The primary contribution is the comparison of these models to find the best one for the task.

CATEGORY: ML",4.57,,False,2026-08-09T11:36:21
82,mistral:7b,V3,abstract,ML,"REASONING: The paper discusses a least squares version for support vector machine (SVM) classifiers, which is a classical machine learning method. The primary contribution of the paper is the development of a new SVM formulation that solves linear equations instead of quadratic programming.

CATEGORY: ML",2.9,,False,2026-08-09T11:36:24
83,mistral:7b,V3,abstract,AI,"REASONING: The paper describes an AI-driven platform (BizAssistBot) that uses natural language processing, machine learning, and data analytics for immersive learning experiences in business education. The primary contribution of the paper is the creation and application of BizAssistBot in educational settings, which makes it a tool for improving comprehension of business concepts, engagement, and critical thinking abilities.

CATEGORY: AI",4.13,,False,2026-08-09T11:36:28
84,mistral:7b,V3,abstract,ML,"REASONING: The paper describes the use of various machine learning and deep learning regression models (Linear Regression, Ridge Regression, Support Vector Regression, Decision Trees, Neural Networks, LightGBM) to predict mechanical responses of different materials for rib cage reconstruction. The primary contribution is the development and evaluation of AI models based on FEM data for predicting stresses, strains, and deformations in rib cage reconstruction.

CATEGORY: ML",4.82,,False,2026-08-09T11:36:33
85,mistral:7b,V3,abstract,DL,"REASONING: The paper introduces a functional pruning approach that uses geometric deep learning to learn network representations and an Explainable Artificial Intelligence (XAI) tool to identify discriminative sub-networks from fMRI data. The primary contribution lies in the development of this functional pruning method, which focuses on collective co-activation patterns within sub-networks rather than individual statistical significance.

CATEGORY: DL",4.17,,False,2026-08-09T11:36:37
86,mistral:7b,V3,abstract,AI,"REASONING: The paper discusses the application of various AI techniques including machine learning, deep learning, and radiomics for prostate cancer diagnosis and treatment assessment across different imaging modalities. The primary contribution of the paper is not focused on a specific technical method but rather on the comprehensive review of AI applications in prostate cancer diagnostics.

CATEGORY: AI",3.44,,False,2026-08-09T11:36:40
87,mistral:7b,V3,abstract,ML,"REASONING: The paper describes a two-stage machine learning pipeline for heart failure screening using ECG data. The first stage uses logistic regression, while the second stage uses XGBoost. The primary contribution of the paper is the development and validation of this two-stage machine learning pipeline.

CATEGORY: ML",3.64,,False,2026-08-09T11:36:44
88,mistral:7b,V3,abstract,ML,"REASONING: The paper describes the development and evaluation of a machine learning model, specifically a multilayer perceptron, for predicting surgical dosage in strabismus surgery based on preoperative features. Explainable artificial intelligence techniques are used to determine feature importance.

CATEGORY: ML",3.33,,False,2026-08-09T11:36:47
89,mistral:7b,V3,abstract,ML,"REASONING: The paper presents a machine learning-based petrophysical inversion method that integrates rock physics modeling, seismic modeling, and seismic inversion techniques for reservoir characterization and seismic modeling. The primary contribution is the development of this integrated ML-based approach.

CATEGORY: ML",3.65,,False,2026-08-09T11:36:51
90,mistral:7b,V3,abstract,AI,"REASONING: The paper presents a systematic literature review of Green AI in the context of finance, identifying gaps and proposing a taxonomy for its implementation. It discusses energy-efficient techniques at various stages of the machine learning lifecycle but does not focus on any specific neural network architecture or learning methodology.

CATEGORY: AI",3.4,,False,2026-08-09T11:36:54
91,mistral:7b,V3,abstract,DL,"REASONING: The paper describes the development of an AI framework for automatic Coeliac disease (CD) detection from standard duodenal endoscopy images, using deep learning backbones and classical machine learning classifiers. The primary contribution is the hybrid pipeline combining frozen deep feature extraction, latent-space MixUp augmentation, and classical machine learning classifiers.

CATEGORY: DL (Deep Learning)",4.34,,False,2026-08-09T11:36:59
92,mistral:7b,V3,abstract,Unclear,"REASONING: The paper presents a curated dataset of numerical signature descriptors derived from fragment images of six beetle species, processed with standardized image acquisition and segmentation techniques, and four statistical descriptors are extracted for each image to support AI and machine learning workflows. The primary contribution is the creation of this dataset for entomological diagnostics and post-harvest pest detection.

CATEGORY: Unclear (The paper involves both data collection and AI/ML, making it difficult to assign a single category)",5.06,,False,2026-08-09T11:37:04
93,mistral:7b,V3,abstract,DL,"REASONING: The paper describes a multimodal AI model that combines muscle imaging properties from point-of-care ultrasound (POCUS) with physical performance data for sarcopenia diagnosis. The model uses various Machine Learning (ML) and Deep Learning (DL) algorithms, including a multilayer perceptron network and Xception architectures. Explainable AI (XAI) methods are integrated to provide transparent interpretation of the model's diagnostic decisions.

CATEGORY: DL",5.32,,False,2026-08-09T11:37:09
94,mistral:7b,V3,abstract,ML,"REASONING: The paper presents a framework called Trust-Aware Explainable Artificial Intelligence (TAXAI) that aims to operationalize explainability as a quantifiable and governance-focused concept for clinical decision support systems. It combines algorithmic transparency, interpretability alignment, compliance, and reliability to assess fairness, robustness, and reproducibility. The Trust Index is used to evaluate the trust of explanations across different models and datasets. The methods used are machine learning and deep learning models coupled with established XAI methods like SHAP, LIME, Grad-CAM, and DeepLIFT.

CATEGORY: ML (The primary contribution lies in the development of TAXAI framework that combines various classical machine learning techniques and XAI methods)",7.11,,False,2026-08-09T11:37:16
95,mistral:7b,V3,abstract,AI,"REASONING: The paper discusses various AI applications in child and adolescent psychiatry, but no specific AI, ML or DL concept, method or architecture is developed or studied. It primarily focuses on the ethical concerns and limitations of these technologies.

CATEGORY: AI",2.88,,False,2026-08-09T11:37:19
96,mistral:7b,V3,abstract,ML,"REASONING: The paper focuses on developing a machine learning model to forecast the success of camouflage orthodontic treatment, using four specific algorithms (Random Forest, CART, Neural Network, and XGBoost). The primary contribution lies in identifying XGBoost as the best-performing algorithm for this specific task.

CATEGORY: ML",3.68,,False,2026-08-09T11:37:23
97,mistral:7b,V3,abstract,ML,"REASONING: The paper discusses the application of AI algorithms, specifically Machine Learning (ML) models, in predicting remission outcomes for Cushing’s disease following transsphenoidal surgery. No neural network architecture or deep learning techniques are mentioned.

CATEGORY: ML",3.1,,False,2026-08-09T11:37:26
98,mistral:7b,V3,abstract,ML,"REASONING: The paper discusses the application of AI, specifically machine learning and deep learning, in various aspects of echocardiography for pediatric and fetal heart disease. It focuses on improving efficiency, reproducibility, and accuracy of image acquisition, view classification, measurements, disease detection, diagnosis, and clinical decision support systems.

CATEGORY: ML (Machine Learning)",3.92,,False,2026-08-09T11:37:30
99,mistral:7b,V3,abstract,AI,"REASONING: This paper reviews recent advancements in IoT, ML, and AI technologies applied to early detection of cattle diseases. The primary contribution is the review itself, which discusses various AI-based techniques for disease detection, classification, prediction, and monitoring using different types of data.

CATEGORY: AI (since the paper discusses general AI approaches and work not specific to ML/DL techniques)",4.08,,False,2026-08-09T11:37:34
100,mistral:7b,V3,abstract,AI,"REASONING: The paper discusses the integration of 2D materials into neuromorphic systems, highlighting applications in wearable electronics, brain–machine interfaces, and quantum neuromorphic platforms. It focuses on the properties of 2D materials that enable synaptic behaviours such as spike-timing-dependent plasticity and paired-pulse facilitation, which are key to neuromorphic computing.

CATEGORY: AI (specifically Neuromorphic Computing)",4.67,,False,2026-08-09T11:37:39
101,mistral:7b,V3,abstract,AI,"REASONING: The paper evaluates dental residents' knowledge and perception regarding AI's application in dentistry, but no specific technical methods are described or developed.
CATEGORY: AI",2.29,,False,2026-08-09T11:37:41
102,mistral:7b,V3,abstract,ML,"REASONING: The paper proposes a framework that integrates machine learning, deep learning, and explainable AI techniques to predict cardiovascular disease outcomes using the Framingham Heart Study dataset. The primary contribution is the comparison and selection of multiple ML and DL models, with the SVM model demonstrating superior performance for early cardiovascular risk stratification.

CATEGORY: ML (The paper's core method is a support vector machine, which is an ML algorithm, even though it also uses deep learning techniques like feedforward neural networks and multi-layer perceptron)",5.94,,False,2026-08-09T11:37:47
103,mistral:7b,V3,abstract,AI,"REASONING: The paper discusses various AI-based strategies for preserving privacy in IoV, including Federated Learning (FL), Differential Privacy (DP), Homomorphic Encryption (HE), Blockchain-enhanced AI, Adversarial Machine Learning (AML), and anomaly detection. It employs a Systematic Literature Review (SLR) to classify these methodologies into a six-domain taxonomy.

CATEGORY: AI",4.71,,False,2026-08-09T11:37:52
104,mistral:7b,V3,abstract,AI,"REASONING: The paper discusses the application of Machine Learning (ML) in Acute Respiratory Distress Syndrome (ARDS) management, focusing on predicting ARDS onset, diagnosis, phenotyping, and outcome prediction using various data sources like electronic health records, imaging, physiological waveforms, and omics data. The primary contribution of the paper is not a specific ML algorithm or architecture but rather the application of ML in ARDS management and its potential to advance precision medicine.

CATEGORY: AI (Artificial Intelligence)",5.48,,False,2026-08-09T11:37:57
105,mistral:7b,V3,abstract,ML,"REASONING: The paper discusses various methods for model selection in molecular phylogenetics, including the Akaike Information Criterion (AIC), Bayesian methods, and likelihood ratio tests. The primary contribution of the paper is the comparison and argument for the advantages of AIC and Bayesian methods over the hierarchical likelihood ratio test for model selection in phylogenetics.

CATEGORY: ML",4.22,,False,2026-08-09T11:38:01
106,mistral:7b,V3,abstract,DL,"REASONING: The paper presents a deep learning-based approach for detecting artificial intelligence-generated artwork using transformer models, specifically Distillation with No Labels (DINO) v2. The primary contribution of the paper is the development and evaluation of this deep learning model.

CATEGORY: DL",3.22,,False,2026-08-09T11:38:05
107,mistral:7b,V3,abstract,AI,"REASONING: The paper proposes a novel component, the quantitative argumentation layer, for tabular data to mine concepts from both data and data descriptions. It constructs a concept and argumentation model (CAM) that embeds human-aligned reasoning processes, providing decisions based on human-level knowledge and an intrinsically interpretable reasoning process.

CATEGORY: AI",3.72,,False,2026-08-09T11:38:08
108,mistral:7b,V3,abstract,AI,"REASONING: The paper discusses AI as a tool for assisting pathologists in analyzing complex tissue imaging data, outlines the basic workflow of model development, and highlights its utilization in head and neck pathology. However, no specific AI, ML or DL concept, method, or architecture is developed or studied.

CATEGORY: AI",3.55,,False,2026-08-09T11:38:12
109,mistral:7b,V3,abstract,DL,"REASONING: The paper proposes a hybrid deep learning framework that integrates Convolutional Neural Networks (CNN) and Recurrent Neural Networks (RNN), optimized by Genetic Algorithm (GA). The primary contribution lies in the development of this optimized CNN-RNN model.

CATEGORY: DL",3.89,,False,2026-08-09T11:38:16
110,mistral:7b,V3,abstract,,"REASONING: The paper's contribution is a Python framework for loading, visualizing, aligning, and annotating medical time series data in critical care. Although AI is mentioned as motivation, no AI, ML or DL concept, method, or architecture is developed or studied.
CATEGORY: None",3.02,,True,2026-08-09T11:38:19
111,mistral:7b,V3,abstract,ML,"REASONING: The paper discusses various AI-based approaches for improving medication adherence in patients with cardiovascular diseases. These approaches include natural language processing, reinforcement learning, and machine learning algorithms such as neural networks, random forests, support vector machines, and decision tree models.
CATEGORY: ML",3.43,,False,2026-08-09T11:38:22
112,mistral:7b,V3,abstract,DL,"REASONING: The paper describes a two-stage AI framework that integrates multimodal MRI data and clinical indicators for the noninvasive assessment of renal fibrosis in patients with chronic kidney disease. The primary contribution is the development of this two-stage model, which combines MobileNetV2-SE-based deep learning features with clinical indicators for RF classification.

CATEGORY: DL",4.48,,False,2026-08-09T11:38:27
113,mistral:7b,V3,abstract,ML,"REASONING: The paper discusses the training of deep multi-layer neural networks and proposes a new initialization scheme to improve convergence. It focuses on understanding why standard gradient descent from random initialization struggles with deep neural networks, investigates the influence of non-linear activation functions, and studies how activations and gradients vary across layers during training.

CATEGORY: ML",3.67,,False,2026-08-09T11:38:30
114,mistral:7b,V3,abstract,DL,"REASONING: The paper describes the development of a pilot study to assess the feasibility and reliability of an ultrasound scanning protocol for measuring body composition in infants, with the ultimate goal of training AI models (specifically convolutional neural networks) to predict body composition from ultrasound images. The primary contribution of the paper is the development of these AI models.

CATEGORY: DL",4.21,,False,2026-08-09T11:38:35
115,mistral:7b,V3,abstract,,"REASONING: This paper does not describe any AI, ML, or DL techniques as it is a correction of an error in the author name of a previously published article.

CATEGORY: None",2.07,,False,2026-08-09T11:38:37
116,mistral:7b,V3,abstract,DL,"REASONING: The paper evaluates the impact of annotation quality and model architecture on Arabic sentiment analysis, comparing traditional machine learning algorithms with transformer-based architectures. It proposes a balanced human–artificial intelligence annotation paradigm and investigates how annotation quality affects classification performance metrics across various classifiers. Transformer-based architectures are found to outperform all other models.

CATEGORY: DL",4.29,,False,2026-08-09T11:38:41
117,mistral:7b,V3,abstract,DL,"REASONING: The paper describes an integrated workflow that uses robot-automated experimentation, machine learning predictions, and finite element simulations to design stretchable electrodes with strain-insensitive performance. The primary contribution of the paper is the development of an ensemble of artificial neural networks through a two-stage workflow for predicting the properties of stretchable electrodes.

CATEGORY: DL",3.9,,False,2026-08-09T11:38:45
118,mistral:7b,V3,abstract,ML,"REASONING: This study focuses on the generation of synthetic data for AI algorithms, particularly tabular data, using statistical, probabilistic, and ML-based methods. The primary contribution is the analysis of existing research on synthetic data generation, with a focus on SMOTE and its variants.

CATEGORY: ML",3.34,,False,2026-08-09T11:38:48
119,mistral:7b,V3,abstract,DL,"REASONING: The paper proposes a multimodal AI system (DMDNet) for detecting digital manipulation in documents, which involves the use of a convolutional neural network (CNN), transformer-based models, adversarial models, self-supervised models, feature-selection approaches, and support vector machines (SVM). The primary contribution is the development of DMDNet that can detect four potential attacks simultaneously using these various AI techniques.

CATEGORY: DL",4.92,,False,2026-08-09T11:38:53
120,mistral:7b,V3,abstract,ML,"REASONING: The paper proposes a two-layered Accurate Surgical Time Prediction (ASTP) framework that combines feature importance, advanced machine learning models, and interpretable AI methods like Long Short Term Memory with SHapley Additive exPlanations (SHAP) values and Random Forest permutation importance. The primary contribution is the HGBR approach for surgical time prediction, which outperforms other methods in both datasets used.

CATEGORY: ML",4.89,,False,2026-08-09T11:38:58
121,mistral:7b,V3,abstract,,"REASONING: The paper discusses various mathematical and machine learning-assisted spectral generation methods for Raman spectroscopy, including quantum mechanics simulations (DFT and TD-DFT) and AI-assisted techniques like GANs and Auto-encoders. However, it does not develop or study any specific AI, ML, or DL concept, method, or architecture.

CATEGORY: None",4.05,,False,2026-08-09T11:39:02
122,mistral:7b,V3,abstract,DL,"REASONING: The paper compares the performance of classical machine learning (Naive Bayes), deep learning (LSTM, Bi-LSTM) and transformer-based models (DistilBERT) for sentiment analysis of ChatGPT-related educational discourse. The primary contribution is the comparison and identification of the best-performing approach, which is a transformer-based model (DistilBERT).

CATEGORY: DL (Deep Learning)",4.71,,True,2026-08-09T11:39:07
123,mistral:7b,V3,abstract,DL,"REASONING: The paper proposes an AI-based decision support approach for the development of upper limb exoskeletons, using a multilayer perceptron (MLP) to achieve 100% accuracy. The primary contribution lies in the application of MLP for optimizing the design and production of exoskeletons.

CATEGORY: DL",3.73,,False,2026-08-09T11:39:11
124,mistral:7b,V3,abstract,DL,"REASONING: The paper introduces a new language representation model called BERT, which is based on Transformers. It pre-trains deep bidirectional representations from unlabeled text and can be fine-tuned for various tasks like question answering and language inference without substantial modifications.

CATEGORY: DL",3.36,,False,2026-08-09T11:39:14
125,mistral:7b,V3,abstract,DL,"REASONING: The paper introduces a novel AI framework for fault detection and diagnosis (FDD) in photovoltaic (PV) systems that combines Convolutional Neural Networks (CNNs) with time–frequency analysis via the Wigner–Ville Distribution (WVD). The primary contribution is the development of this CNN-WVD model for PV FDD, which outperforms other machine learning models in both noiseless and noisy conditions.

CATEGORY: DL",5.45,,False,2026-08-09T11:39:19
126,mistral:7b,V3,abstract,DL,"REASONING: The paper discusses the use of AI and machine learning techniques, particularly deep learning and convolutional neural networks (CNNs), for early detection, diagnosis, and prediction of Alzheimer's disease using multimodal data from neuroimaging, genetics, and clinical records. The primary contribution is the application of these advanced methods to improve the prevention and management of Alzheimer's disease.

CATEGORY: DL",4.39,,False,2026-08-09T11:39:24
127,mistral:7b,V3,abstract,ML,"REASONING: The paper describes the development and comparison of multiple machine learning algorithms for IDA prediction, with CatBoost being identified as the most effective model. SHAP values are used to characterize feature importance.
CATEGORY: ML",3.07,,False,2026-08-09T11:39:27
128,mistral:7b,V3,abstract,AI,"REASONING: The paper discusses the application of artificial intelligence (AI) in precision immunotherapy, focusing on biomarker discovery, prediction of immune checkpoint inhibitor response and toxicity, neoantigen prioritization, CAR-T cell optimization, and therapeutic antibody engineering. It mentions various AI techniques but does not focus on a specific neural network architecture or learning methodology.

CATEGORY: AI",4.27,,False,2026-08-09T11:39:31
129,mistral:7b,V3,abstract,ML,"REASONING: The paper proposes a machine learning framework for proactive detection of Android ransomware using network traffic metadata, employing advanced classifiers like Light Gradient Boosting Machine, eXtreme Gradient Boosting Machine, and Random Forest, with SHapley Additive exPlanations and Local Interpretable Model-Agnostic Explanations for interpretability. The primary contribution is the ensemble-based machine learning framework, which includes classical machine learning techniques.

CATEGORY: ML",5.03,,False,2026-08-09T11:39:36
130,mistral:7b,V3,abstract,AI,"REASONING: The paper discusses the application of AI, deep learning, robotic microscopy, and other digital technologies in parasitology diagnostics. While it mentions deep learning as a subset of AI, the primary focus is on the diagnostic systems as a whole rather than any specific ML or DL technique.

CATEGORY: AI",3.32,,False,2026-08-09T11:39:39
131,mistral:7b,V3,abstract,DL,"REASONING: The paper develops three hybrid predictive models using artificial neural networks (ANN) optimized with genetic algorithm (GA), particle swarm optimization (PSO), and the Levenberg–Marquardt (LM) algorithm for predicting crack healing percentage in self-healing concrete. The primary contribution of the paper is the development of these hybrid models, making it a deep learning approach.

CATEGORY: DL",4.21,,False,2026-08-09T11:39:44
132,mistral:7b,V3,abstract,ML,"REASONING: The paper investigates the impact of adjunct VR-haptic simulator practice on undergraduate dental education and explores whether machine learning models can predict faculty-assigned letter grades. The primary contribution is the use of machine learning methods, specifically Naive Bayes, decision tree, random forest (RF), and support vector machines, to predict students' letter grades based on extracted features from their performance. SHAP is used for explainability.

CATEGORY: ML",4.84,,False,2026-08-09T11:39:49
133,mistral:7b,V3,abstract,ML,"REASONING: The paper discusses the application of AI in enhancing PPE training for healthcare workers and health professions students, primarily focusing on computer vision and machine learning techniques for real-time feedback, virtual simulation, and compliance monitoring.
CATEGORY: ML",2.86,,False,2026-08-09T11:39:51
134,mistral:7b,V3,abstract,AI,"REASONING: The paper discusses the applications of AI in orthopedic practice, focusing on machine learning for structured perioperative risk prediction, deep learning for standardized musculoskeletal imaging, and large language models for workflow and decision support. Although it mentions various AI techniques, the primary contribution lies in discussing the current state, challenges, and future directions of these applications in orthopedics, rather than developing or studying any specific ML or DL concept, method, or architecture.

CATEGORY: AI",5.04,,False,2026-08-09T11:39:56
135,mistral:7b,V3,abstract,ML,"REASONING: The paper integrates behavioral theory with machine learning techniques (LASSO regression, SHAP analysis, XGBoost, LightGBM, CatBoost) to identify psychological predictors of appropriate antibiotic prescribing among healthcare workers. The primary contribution lies in the combination of behavioral theory and explainable AI for identifying clinicians at risk of non-guideline-concordant prescribing.

CATEGORY: ML",4.45,,False,2026-08-09T11:40:01
136,mistral:7b,V3,abstract,AI,"REASONING: The paper discusses the application of AI in optimizing the design of nanobiological materials for stem cell therapy, targeted delivery, differentiation, drug release, post-transplant tracking, and prognosis management. While it mentions both ML and DL, the primary contribution is the proposal of a closed-loop system that integrates patient-specific data, AI-driven design, and real-time monitoring for personalized medicine in neurodegenerative diseases.

CATEGORY: AI",4.76,,False,2026-08-09T11:40:06
137,mistral:7b,V3,abstract,ML,"REASONING: The paper employs machine learning models (XGBoost and LightGBM) to predict three-year survival after diagnosis for different cancer types using patient data from Hospital Based Cancer Registries of São Paulo. The primary contribution is the use of these models for cross-prediction, demonstrating their potential for rare cancer types where data scarcity is a challenge.

CATEGORY: ML",3.98,,False,2026-08-09T11:40:10
138,mistral:7b,V3,abstract,ML,"REASONING: The paper's primary contribution is the application of multiple machine learning algorithms (KNN, SVC, RFC, XGBoost) to a synthetic predictive maintenance dataset for multiclass failure prediction in infrastructure management. Although neural network architectures are not explicitly mentioned, the focus is on classical machine learning techniques.

CATEGORY: ML",3.73,,False,2026-08-09T11:40:13
139,mistral:7b,V3,missing,NO_INPUT,,0.0,no abstract available,False,2026-08-09T11:40:13
140,mistral:7b,V3,abstract,ML,"REASONING: The paper discusses the use of large language models (LLMs) to automate annotation of regulatory documents in the field of medical device regulatory science. Although AI is mentioned as motivation, the core concept followed is the application and validation of LLMs.

CATEGORY: ML",3.0,,False,2026-08-09T11:40:16
141,mistral:7b,V3,abstract,ML,"REASONING: The paper discusses the application of Automated Machine Learning (AutoML) across various dental specialties for different data modalities. It evaluates the performance and translational relevance of AutoML in oral healthcare. Although the paper mentions classical machine learning techniques like cross-validation or validation splits, the primary contribution lies in the use of AutoML as a clinician-accessible approach to artificial intelligence.

CATEGORY: ML (Automated Machine Learning is a subset of Machine Learning)",4.75,,False,2026-08-09T11:40:21
142,mistral:7b,V3,abstract,ML,"REASONING: The paper presents an interpretable machine learning framework for predicting residual flexural strength (RFS) of FR-UHPC after exposure to elevated temperatures. It benchmarks nine state-of-the-art algorithms, including the novel hybrid AegisFusion architecture, and utilizes SHAP for model explainability. The primary contribution lies in the development and validation of the AegisFusion algorithm.
REASONING: Although the paper discusses various concrete families and fiber types, its core concept revolves around the machine learning methodology (AegisFusion) used to predict RFS.
CATEGORY: ML",6.34,,False,2026-08-09T11:40:27
143,mistral:7b,V3,abstract,DL,"REASONING: The paper introduces Dropout as a technique to address overfitting in deep neural nets by randomly dropping units during training, which prevents co-adaptation and significantly reduces overfitting. It also mentions the use of this method in various supervised learning tasks such as vision, speech recognition, document classification, and computational biology.

CATEGORY: DL",3.7,,False,2026-08-09T11:40:31
144,mistral:7b,V3,abstract,ML,"REASONING: The paper proposes a hybrid framework that integrates federated learning with ensemble-based machine learning models and explainable AI techniques for sepsis mortality prediction. The primary contribution lies in the development of this hybrid framework, which includes various classical ML algorithms (Random Forest, LightGBM, XGBoost, K-Nearest Neighbors, Logistic Regression) and explainability methods (SHAP, LIME, PDP).

CATEGORY: ML",4.8,,False,2026-08-09T11:40:36
145,mistral:7b,V3,abstract,ML,"REASONING: The paper discusses the application of AI, specifically machine learning and deep learning, in improving diagnostic accuracy and outcome prediction for Acute Ischemic Stroke (AIS). It focuses on lesion segmentation and functional outcome forecasting, using multimodal data integration and emphasizing clinical translation.

CATEGORY: ML (Machine Learning)",3.73,,False,2026-08-09T11:40:40
146,mistral:7b,V3,abstract,ML,"REASONING: The paper integrates AI, ML models, and Structural Equation Modelling (SEM) to predict consumer purchase intentions. It employs sentiment analysis, TF-IDF text vectorization, and predictive modelling across various ML algorithms like Logistic Regression, Random Forest, XGBoost, and Neural Networks. The SEM framework is proposed and tested, linking consumer trust, product quality perception, and sentiment polarity to buying intentions. Sentiment analysis is re-run using VADER and a transformer-based model (DistilBERT). SHAP-based interpretability and detailed error analysis are included.

CATEGORY: ML",6.47,,False,2026-08-09T11:40:46
147,mistral:7b,V3,abstract,DL,"REASONING: The paper introduces a hybrid computational framework that integrates Graph Convolutional Networks, Variational Autoencoders, and Uncertainty Aware Adaptive Multi-Objective Optimization-based Reinforcement Learning (UAAMOO-RL) for drug discovery. The primary contribution of the paper is the development of this novel hybrid method.

CATEGORY: DL",4.01,,False,2026-08-09T11:40:50
148,mistral:7b,V3,abstract,ML,"REASONING: The paper describes a method called Bagging (Bootstrap Aggregating) that generates multiple versions of a predictor using bootstrap replicates and averages or votes to get an aggregated predictor. This method is used with classification and regression trees and subset selection in linear regression.

CATEGORY: ML",3.27,,False,2026-08-09T11:40:53
149,mistral:7b,V3,abstract,ML,"REASONING: The paper discusses the diagnostic and prognostic applications of multimodal AI in retinal vascular diseases, comparing the performance of multimodal AI systems to unimodal models and expert ophthalmologists. It does not focus on a specific machine learning or deep learning algorithm, but rather on the integration of diverse imaging modalities and clinical data.

CATEGORY: ML (Machine Learning)",4.61,,False,2026-08-09T11:40:58
150,mistral:7b,V3,abstract,ML,"REASONING: The paper develops a data-driven Bayesian Network framework using Tree-Augmented Naive Bayes (TAN) structure to analyze and predict the consequences of ship collision accidents on a global scale. It is trained on a long-term dataset of collision accident investigation reports, and it investigates accident related, environmental, ship related, and bridge operator related risk influencing factors (RIFs).

CATEGORY: ML",4.27,,False,2026-08-09T11:41:02
151,mistral:7b,V3,abstract,Unclear,"REASONING: The paper discusses various topics related to the application of machine learning, deep learning, and other AI techniques in diverse fields such as wildfire risk prediction, healthcare optimization, community health work, object detection, nursing education, healthcare privacy preservation, Alzheimer's disease detection, sentiment dynamics, cybersecurity, insider threat prediction, country-level ESG modeling, risk-adjusted portfolio optimization, credit card fraud detection, fake Instagram account detection, sentiment polarity study on microwave oven reviews, text mining and unsupervised clustering in education, facial emotion recognition, point cloud autoencoder analysis, analyzing overlapping communities in heterogeneous information networks, and blockchain network modeling. However, the primary contribution of the paper is not identifiable as it contains multiple topics without a clear focus on one specific method or approach.

CATEGORY: Unclear",8.17,,False,2026-08-09T11:41:11
152,mistral:7b,V3,abstract,ML,"REASONING: The paper describes a combination of portable GC-MS and an AI model for identifying breath biomarkers for early-stage detection of viral respiratory infections. The primary contribution is the development of this diagnostic model, which employs machine learning algorithms to enhance its specificity and sensitivity.

CATEGORY: ML",3.53,,False,2026-08-09T11:41:14
153,mistral:7b,V3,abstract,ML,"REASONING: The paper describes a hybrid AI model that combines anomaly detection and behavioral analytics, using supervised (auto-encoders) and unsupervised (Isolation Forests classifiers) techniques for insider threat detection. The primary contribution is the development of this hybrid model.

CATEGORY: ML",3.24,,False,2026-08-09T11:41:17
154,mistral:7b,V3,abstract,AI,"REASONING: The paper reviews various AI techniques applied to wildfire management, including remote sensing, prediction, detection, monitoring, machine learning-driven prediction, risk assessment, behavior modeling, multimodal data integration, explainable AI, and real-time human-AI collaboration. However, the primary contribution of the paper is not developing or studying any specific AI, ML, or DL concept, method, or architecture; instead, it provides a systematic understanding of current AI approaches in wildfire research and proposes future research directions.

CATEGORY: AI",5.12,,False,2026-08-09T11:41:22
155,mistral:7b,V3,abstract,AI,"REASONING: The paper proposes an AI-enriched digital Educational Framework (AIEDF) based on a Holistic Digital Literacy Framework (HDLF), which synthesizes competencies from existing frameworks. It identifies essential AI competencies for middle-school students and maps these competencies to the subtopics of the HDLF, but does not describe any specific technical methods or algorithms.

CATEGORY: AI",4.48,,False,2026-08-09T11:41:27
156,mistral:7b,V3,missing,NO_INPUT,,0.0,no abstract available,False,2026-08-09T11:41:27
157,mistral:7b,V3,abstract,AI,"REASONING: The paper discusses various multimodal data fusion strategies for Alzheimer's Disease prediction using artificial intelligence (AI). It provides a systematic review of recent advances in AI-driven multimodal approaches, categorizes fusion strategies, and investigates the adoption of explainable AI techniques.
CATEGORY: AI",3.46,,False,2026-08-09T11:41:30
158,mistral:7b,V3,abstract,ML,"REASONING: The paper discusses the role of artificial intelligence (AI) and machine learning (ML) in optimizing resource efficiency and nutrient recovery in microalgae production systems. Although AI is mentioned as a general capability, the focus is on ML techniques for improving microalgae bioprocessing.

CATEGORY: ML",3.67,,False,2026-08-09T11:41:34
159,mistral:7b,V3,abstract,ML,"REASONING: The paper presents an AI-enabled smart farming framework that integrates Machine Learning (ML) and Internet of Things (IoT) technologies to optimize date palm cultivation. Four ML algorithms are developed and optimized using grid search with five-fold cross-validation, with the Random Forest model achieving the highest classification accuracy.

CATEGORY: ML",3.66,,False,2026-08-09T11:41:38
160,mistral:7b,V3,abstract,ML,"REASONING: The paper introduces a hybrid framework for detecting synthetic Spanish text using a tri-layer feature fusion strategy that includes structural stylometry, probabilistic surprisal via perplexity, and topical-aware semantic contrast. It uses a multi-model stacking ensemble to combine diverse learning architectures.

CATEGORY: ML (The paper's primary contribution is the development of a machine learning model for text detection, even though it involves deep learning techniques like multi-model stacking)",4.93,,False,2026-08-09T11:41:43
161,mistral:7b,V3,abstract,DL,"REASONING: The paper discusses the application of AI/ML techniques to optimize electrochemical devices such as electrolyzers and fuel cells. It mentions surrogate models, prognostic health management (PHM), adaptive control strategies, and physics-informed neural networks (PINNs). Although it touches upon deep learning (DL) and machine learning (ML), the primary contribution lies in discussing hybrid strategies that incorporate physical laws to enhance model robustness and data efficiency.

CATEGORY: DL (since PINNs are a type of neural network, but the paper's primary contribution is not limited to DL alone)",5.89,,False,2026-08-09T11:41:49
162,mistral:7b,V3,abstract,ML,"REASONING: The paper describes a hybrid approach combining computational fluid dynamics (CFD), bio-inspired riblets, active plasma control, and machine learning algorithms for aerodynamic performance enhancement of an airfoil. The primary contribution lies in the integration of CFD simulations with machine learning algorithms for optimizing flow control strategies.

CATEGORY: ML",3.71,,False,2026-08-09T11:41:52
163,mistral:7b,V3,abstract,ML,"REASONING: The paper discusses machine learning applications in functional materials design, focusing on three levels: macroscopic compositional design, microscopic electronic and structural responses, and dynamic or time-dependent processes. It mentions various methodological choices and practical tools, but no specific neural network architecture is developed or studied.

CATEGORY: ML",3.4,,False,2026-08-09T11:41:56
164,mistral:7b,V3,abstract,DL,"REASONING: The paper proposes a method to predict traffic noise levels using a convolutional neural network (CNN), which is a deep learning technique. The primary contribution of the paper lies in developing and testing this CNN model for noise prediction, making it a deep learning approach.

CATEGORY: DL",2.99,,False,2026-08-09T11:41:59
165,mistral:7b,V3,abstract,ML,"REASONING: The paper proposes an approach based on machine learning and graph analysis for diagnosing dementia, with a comprehensive evaluation of ten ML models and feature ranking using three strategies. The primary contribution is the application of these ML techniques to diagnose dementia.

CATEGORY: ML",3.15,,False,2026-08-09T11:42:02
166,mistral:7b,V3,abstract,ML,"REASONING: The paper's primary contribution is the development and evaluation of multiple machine learning models to assess the risk of depression among the elderly population. The technical methods described include data cleaning, data pre-processing, feature selection analysis, and cross-validation across eight supervised machine learning algorithms.
CATEGORY: ML",3.49,,False,2026-08-09T11:42:05
167,mistral:7b,V3,abstract,AI,"REASONING: The paper discusses AI technologies in plastic and reconstructive surgery, focusing on machine learning algorithms for automated image analysis, AI-driven virtual assistants, and large language models integrated into clinical decision making and medical education. However, no specific neural network architecture or learning methodology is developed or studied.

CATEGORY: AI",3.39,,False,2026-08-09T11:42:09
168,mistral:7b,V3,abstract,ML,"REASONING: The paper employs the double machine learning (DML) method with random forest regression as the DML learner to investigate the relationship mechanism between government-level AI policies and corporate supply chain resilience.
CATEGORY: ML",2.84,,False,2026-08-09T11:42:12
169,mistral:7b,V3,abstract,ML,"REASONING: The paper discusses AI-driven models for pattern recognition, predicting temporal trends, and detecting anomalies from wastewater data, which are all machine learning techniques. However, the primary contribution of the paper is not in developing or studying a specific ML algorithm but rather in reviewing various AI-driven models applied to wastewater-based epidemiology.

CATEGORY: ML",3.84,,False,2026-08-09T11:42:15
170,mistral:7b,V3,abstract,DL,"REASONING: The paper introduces a transformers-based architecture, RoBERTa-Large, for clickbait headline detection in digital news analysis. It outperforms existing ML and DL approaches with an accuracy of 97%. XAI methods like LIME and SHAP are used for better understanding and explainability.

CATEGORY: DL",3.63,,False,2026-08-09T11:42:19
171,mistral:7b,V3,abstract,,"REASONING: This study uses bibliometric analysis of SCOPUS data to map knowledge trends and research patterns in AI and ML applications for sustainable development. It does not develop or study any specific AI, ML, or DL concept, method, or architecture.

CATEGORY: None",3.17,,False,2026-08-09T11:42:22
172,mistral:7b,V3,abstract,ML,"REASONING: The paper presents a machine learning approach for early diagnosis of Alzheimer's disease using multimodal clinical and behavioral data. It involves feature engineering, class imbalance resolution, and comparison of several classical machine learning algorithms (Logistic Regression, Random Forest, Extreme Gradient Boosting, Light Gradient Boosting Machine, CatBoost, Stacking Ensembles) as well as a deep neural network. The primary contribution is the use of enhanced Grey Relational Grade metrics in combination with these models to improve accuracy and interpretability.

CATEGORY: ML",5.76,,False,2026-08-09T11:42:28
173,mistral:7b,V3,abstract,ML,"REASONING: The paper discusses Federated Learning (FL) and Explainable Artificial Intelligence (XAI), their intersection in the Federated Explainable Artificial Intelligence (FedXAI) paradigm, and various methods for embedding explainability into FL lifecycle. It also reviews evaluation practices and identifies open challenges. The primary contribution of the paper is the introduction of a multi-axis taxonomy that categorizes FedXAI methods and the consolidation of existing work in designing trustworthy, transparent, and privacy-preserving federated AI systems.

CATEGORY: ML (Machine Learning)",5.85,,False,2026-08-09T11:42:34
174,mistral:7b,V3,abstract,ML,"REASONING: The paper presents a machine learning framework for predicting antenatal care uptake among women in Ghana, using multiple supervised models and various techniques for explainability, bias mitigation, and causal inference. The primary contribution of the paper is the development and application of this integrated, fairness-aware machine learning framework.

CATEGORY: ML",4.53,,False,2026-08-09T11:42:38
175,mistral:7b,V3,abstract,ML,"REASONING: The paper introduces a new machine learning framework (GRACE) for interatomic potentials, which is trained on large materials datasets and demonstrated to be efficient and accurate in modeling a wide range of materials. The primary contribution lies in the development and application of this GRACE framework. The paper also discusses fine-tuning and knowledge distillation techniques, but these are used to adapt the GRACE models for specialized tasks and simpler architectures, making them secondary to the main contribution.

CATEGORY: ML",4.79,,False,2026-08-09T11:42:43
176,mistral:7b,V3,abstract,DL,"REASONING: The paper describes a two-stage system that uses Real-Time Detection Transformer (RT-DETR) for landmark localization and supervised machine learning classifiers for binary screening of horizontal strabismus versus orthotropia. The primary contribution is the combination of transformer-based landmark detection with geometric ratios for strabismus screening, making it a deep learning approach.

CATEGORY: DL",4.27,,False,2026-08-09T11:42:47
177,mistral:7b,V3,abstract,ML,"REASONING: The paper's primary contribution is in developing and evaluating machine learning models (SVM, KNN, RUSBoost) to predict recurrent ischemic stroke using real-world data. Although the study uses SMOTE for handling imbalanced data and SHAP analysis for identifying significant factors, these techniques are not the main subject of contribution.

CATEGORY: ML",4.28,,False,2026-08-09T11:42:52
178,mistral:7b,V3,abstract,ML,"REASONING: The paper describes the use of multiple machine learning algorithms for predicting hand movements using fNIRS signals. The primary contribution of the paper is the comparison and evaluation of these algorithms, with the Random Forest algorithm performing notably superior.

CATEGORY: ML",2.95,,False,2026-08-09T11:42:55
179,mistral:7b,V3,abstract,DL,"REASONING: The paper presents a Quantum-Inspired Algorithm (QIA) for sustainable machine learning, which optimizes hyperparameters, model compression, and scheduling in a single framework. It uses tunnelling-based search and amplitude reweighting to find energy-efficient configurations faster, and builds a metric comparison to evaluate trade-offs among accuracy, energy consumption, and carbon footprint using a new Quantum-Sustainable AI (Q-SAI) index.

CATEGORY: DL",4.83,,False,2026-08-09T11:43:00
180,mistral:7b,V3,abstract,ML,"REASONING: The paper discusses various machine learning models for electric vehicle design, battery systems, and charging infrastructure, with a focus on hybrid deep learning models like LSTM-DDQN, CNN-BiGRU, and transformer-based frameworks. The primary contribution of the paper is the quantitative benchmarking framework linking algorithmic groups to subsystem performance.

CATEGORY: ML",4.28,,False,2026-08-09T11:43:04
181,mistral:7b,V3,abstract,DL,"REASONING: The paper proposes an Assistive Communication System Using Deep Sparse Autoencoder with Feature Learning (ACS-DSAEFL). It employs image pre-processing, Inception-enhanced vision transformer (IEViT) for feature extraction, and stacked sparse denoising autoencoder (SSDAE) for classification. The primary contribution lies in the development of ACS-DSAEFL approach for real-time communication and assistive interactions for people with hearing disabilities.

CATEGORY: DL",5.38,,False,2026-08-09T11:43:09
182,mistral:7b,V3,abstract,ML,"REASONING: The paper develops a tool, FungiGuard, that integrates Random Forest, Long Short-Term Memory (LSTM), and attention mechanisms for the specific task of classifying plant antifungal peptides (AFPs). The primary contribution is the development of this tool, which combines multiple machine learning techniques.

CATEGORY: ML",3.51,,False,2026-08-09T11:43:13
183,mistral:7b,V3,abstract,ML,"REASONING: The paper proposes an estimation procedure based on adding small positive quantities to the diagonal of X'X, which is a classical machine learning technique for regularization. The ridge trace method is introduced as a visualization tool for showing the effects of nonorthogonality in two dimensions.

CATEGORY: ML",3.09,,False,2026-08-09T11:43:16
184,mistral:7b,V3,abstract,DL,"REASONING: The paper presents a framework called PLGDL that uses Protein Language and Geometric Deep Learning models for predicting protective antigens in pathogens. The primary contribution of the paper is the development of this integrated model.

CATEGORY: DL (Geometric Deep Learning is a subset of deep learning)",3.3,,False,2026-08-09T11:43:19
185,mistral:7b,V3,abstract,AI,"REASONING: The paper presents a bibliometric analysis using various tools (VOSviewer, CiteSpace, bibliometrix) to visualize patterns in co-authorship, institutional collaborations, citations, keyword co-occurrences, and emerging research trends in the field of AI and ML applied to renal cancer. The primary contribution is not a specific AI or ML method but rather the analysis of existing literature on this topic.

CATEGORY: AI (since the paper discusses AI technologies in the context of medical research, but it does not develop or study any specific AI, ML, or DL concept, method, or architecture)",6.14,,False,2026-08-09T11:43:25
186,mistral:7b,V3,abstract,DL,"REASONING: The paper discusses advancements in deep learning, transformer-based sequence models, graph neural networks, and multimodal architectures for microbial classification, ARG detection, and resistance prediction. It also covers explainable AI techniques and potential applications like non-invasive fecal microbiome diagnostics, laboratory automation, and environmental surveillance. The primary contribution lies in the application of these deep learning methods to microbiology, particularly AMR surveillance.

CATEGORY: DL",4.98,,False,2026-08-09T11:43:30
187,mistral:7b,V3,abstract,ML,"REASONING: The paper presents a machine learning model (NVUPreM) for predicting 30-day NVUGIB mortality, using least absolute shrinkage and selection operator regression to select predictors and evaluating multiple machine learning algorithms. The primary contribution of the paper is the development and validation of the NVUPreM model.

CATEGORY: ML",4.31,,False,2026-08-09T11:43:35
188,mistral:7b,V3,abstract,AI,"REASONING: The paper presents a comprehensive review of Quantum Machine Learning (QML) and classical Machine Learning (ML), comparing their foundations, complexity, and applications across various domains. It discusses the advantages and disadvantages of QML compared to classical ML, analyzing patterns that indicate when quantum models outperform or underperform classical baselines.

CATEGORY: AI",3.68,,False,2026-08-09T11:43:38
189,mistral:7b,V3,abstract,AI,"REASONING: The paper evaluates AI applications in ACL injury prediction and prevention, focusing on techniques, performance metrics, sports contexts, and intervention effectiveness. It includes machine learning (ML) and deep learning (DL) methods, with the primary contribution being the systematic review of these techniques applied to ACL injuries.

CATEGORY: AI",3.69,,False,2026-08-09T11:43:42
190,mistral:7b,V3,abstract,ML,"REASONING: The paper describes the development of a machine learning-based model that integrates various clinical data, cytokine levels, and environmental factors to classify bladder cancer cases from benign controls. The primary contribution is the Extreme Gradient Boosting model, which achieves high accuracy in predicting bladder cancer cases.

CATEGORY: ML",3.85,,False,2026-08-09T11:43:46
191,mistral:7b,V3,abstract,Unclear,"REASONING: The paper compares the performance of classical machine learning models, deep learning, and a pre-trained large language model in classifying bronchiolitis diagnosis from free-text diagnoses in EHRs. The primary contribution is the comparison of these three approaches.

CATEGORY: Unclear",3.73,,False,2026-08-09T11:43:50
192,mistral:7b,V3,abstract,DL,"REASONING: The paper presents a brain-inspired reinforcement learning computing architecture using ferroelectric semiconductor field-effect transistors (FETs). It leverages the multi-terminal conductance modulation in α-In2Se3 FETs to implement reward signal modulation of reinforcement learning and utilizes ferroelectric relaxation for biological eligibility trace decay. The paper demonstrates autonomous driving tasks with an RL neural network constructed by the α-In2Se3 transistor array, where in-situ reward-based weight updates and eligibility trace decay are performed without any external memory or computing units.

CATEGORY: DL (Deep Learning)",6.65,,False,2026-08-09T11:43:56
193,mistral:7b,V3,abstract,ML,"REASONING: The paper discusses the use of AI, ML, and DL in oncological drug development, with a focus on various applications such as target identification, virtual screening, de novo molecular design, and cancer applications. The primary contribution of the paper is the review of AI-based methods in drug development, which includes both classical machine learning (ML) and deep learning (DL) techniques.

CATEGORY: ML (since the primary contribution is a review that covers both ML and DL techniques, but the focus is more on ML as it discusses various applications and methodologies in detail)",5.57,,False,2026-08-09T11:44:02
194,mistral:7b,V3,abstract,DL,"REASONING: The paper presents a study comparing deep learning models (XLNET, DistilBERT, ALBERT) and traditional machine learning models for detecting depression-related texts in social media comments. XLNET with text summarization outperforms other models and gives 63.33% accuracy. Additionally, the paper tests the task-incremental learning capability of the developed transformer models in a continual learning setting.

CATEGORY: DL",4.64,,False,2026-08-09T11:44:06
195,mistral:7b,V3,abstract,ML,"REASONING: The paper describes a supervised AI/ML algorithm for automated quantification of fibrosis content and spatial distribution in histology slides. The primary contribution is the development and validation of this AI/ML framework. Although the methods used are not explicitly stated, it can be inferred that they involve machine learning techniques such as image segmentation and correlation analysis.

CATEGORY: ML",4.01,,False,2026-08-09T11:44:10
196,mistral:7b,V3,abstract,ML,"REASONING: The paper evaluates eight machine learning models for predicting ACL injuries, using four datasets and a three-class schema. The primary contribution is the identification of significant predictors of injury across multiple models, particularly early-phase force metrics.

CATEGORY: ML",3.11,,False,2026-08-09T11:44:14
197,mistral:7b,V3,abstract,ML,"REASONING: The paper introduces an innovative methodology that integrates remote sensing data and machine learning to assess risks to heritage sites. It uses high-resolution satellite imagery, advanced geospatial analytics, and five machine learning models for risk assessment. The primary contribution is the development of a novel risk assessment framework using these techniques.

CATEGORY: ML (Machine Learning)",4.14,,False,2026-08-09T11:44:18
198,mistral:7b,V3,abstract,AI,"REASONING: The paper discusses the application of AI and machine learning techniques for various aspects of HLA research, including antigen processing, T-cell recognition, HLA imputation from SNP arrays and low-coverage whole-genome sequencing, transplant decision support, and more. However, the primary contribution of the paper is in outlining a path toward reproducible and equitable clinical translation of AI-enabled immunogenomics in various diseases, which involves a combination of AI/ML techniques and biological insights.

CATEGORY: AI (Artificial Intelligence)",5.8,,False,2026-08-09T11:44:24
199,mistral:7b,V3,abstract,ML,"REASONING: The paper's primary contribution is the development of an open-access, eXplainable AI platform named ""KidneyTox_v1.0"" for nephrotoxicity prediction. Although AI is mentioned as motivation, the core methodology involves a supervised machine learning model and SHAP-based waterfall plots, which are textbook machine learning practices.

CATEGORY: ML",4.19,,False,2026-08-09T11:44:28
200,mistral:7b,V3,abstract,ML,"REASONING: The paper discusses the role of Artificial Intelligence (AI) in Carbon Capture and Utilization (CCU) technologies, focusing on machine learning, deep learning, and optimization algorithms as AI techniques applied to process optimization, performance forecasting, and emissions prediction across CCU systems.

CATEGORY: ML (since the paper primarily discusses machine learning techniques, but it also includes deep learning and optimization algorithms which make it a mix of both)",4.56,,False,2026-08-09T11:44:32
201,mistral:7b,V3,missing,NO_INPUT,,0.0,no abstract available,False,2026-08-09T11:44:32
202,mistral:7b,V3,abstract,ML,"REASONING: The paper presents a novel hybrid stacking ensemble model that combines Random Forest (RF), Extreme Gradient Boosting (XGBoost), and Artificial Neural Network (ANN) models to predict the flexural strength of aluminum fiber reinforced concrete. The primary contribution is the development of this hybrid model, which outperforms individual models in terms of predictive accuracy.

CATEGORY: ML",4.19,,False,2026-08-09T11:44:37
203,mistral:7b,V3,abstract,ML,"REASONING: The paper evaluates various machine learning algorithms (MLAs) to identify Tuberculous pericardial effusion among patients with pericardial effusion. The primary contribution is the comparison of eight different MLAs for their diagnostic accuracy, with the random tree model demonstrating the highest accuracy and area under the curve.

CATEGORY: ML",3.78,,False,2026-08-09T11:44:40
204,mistral:7b,V3,abstract,,"REASONING: The paper provides a comprehensive analysis of global research on AI and ML applications in robotic, teleoperated, and remote surgery using bibliometric methods. It does not develop or study any specific AI, ML or DL concept, method or architecture.
CATEGORY: None",3.28,,False,2026-08-09T11:44:44
205,mistral:7b,V3,abstract,ML,"REASONING: The paper introduces and extends the concept of Support Vector Networks (SVM), a machine learning algorithm for two-group classification problems, which maps input vectors to high-dimensional feature spaces and constructs a linear decision surface with special properties for high generalization ability.

CATEGORY: ML",3.05,,False,2026-08-09T11:44:47
206,mistral:7b,V3,abstract,DL,"REASONING: The paper focuses on a lightweight convolutional neural network applied to EEG data for detecting biological sex and its impact on pathological EEG diagnosis. The primary contribution lies in the application of this specific CNN model to the task of sex detection from EEG signals.

CATEGORY: DL",3.34,,False,2026-08-09T11:44:50
207,mistral:7b,V3,abstract,ML,"REASONING: The paper discusses various AI technologies including machine learning (ML), deep learning (DL), natural language processing (NLP), generative AI (GenAI), large language models (LLMs), and explainable AI (XAI). However, the primary contribution of the paper is the application of these AI techniques to suicide prevention, with a focus on NLP and DL approaches.

CATEGORY: ML (since the paper's primary contribution lies in the application of machine learning techniques, but it also includes deep learning as a subset of ML)",5.34,,False,2026-08-09T11:44:55
208,mistral:7b,V3,abstract,ML,"REASONING: The paper proposes a machine learning model for disaster management in healthcare systems, utilizing deep adversarial gaussian multilayer perceptron and firefly swarm binary grasshopper optimization. The primary contribution lies in the application of these techniques to optimize the machine learning model for disaster prediction.

CATEGORY: ML",3.48,,False,2026-08-09T11:44:59
209,mistral:7b,V3,abstract,ML,"REASONING: The paper presents a machine learning workflow that includes linear, tree-based, boosting, and neural network models for predicting hydrogen wettability in various geological conditions. The primary contribution is the optimization of CatBoost model for this specific problem, with SHAP and partial dependence analysis used for explainable interpretation.

CATEGORY: ML",3.88,,False,2026-08-09T11:45:03
210,mistral:7b,V3,abstract,ML,"REASONING: The paper examines various machine learning and deep learning algorithms to classify pulmonary diseases using spirometry features. The primary contribution lies in comparing different classical ML models (logistic regression, SVM, k-nearest neighbor, random forest, XGBoost) with deep learning models (deep neural networks, convolutional neural networks).

CATEGORY: ML (since the primary contribution is a comparison of classical machine learning algorithms and the paper does not focus on any specific deep learning architecture or technique)",5.13,,False,2026-08-09T11:45:08
211,mistral:7b,V3,abstract,ML,"REASONING: The paper discusses linear regression, a classical machine learning technique, and introduces the concept of minimum norm interpolating prediction rule, which is not directly related to deep learning or neural networks. The primary contribution lies in characterizing when a perfect fit to training data in linear regression leads to accurate predictions, and it does not involve any specific deep learning architecture or algorithm.

CATEGORY: ML",3.96,,False,2026-08-09T11:45:12
212,mistral:7b,V3,abstract,ML,"REASONING: The paper develops an Extreme Gradient Boosting (XGBoost) model for detecting dental caries using questionnaire data, and utilizes cross-validation nested resampling with a holdout test set for training. It also constructs beeswarm plots to visualize variable importance. The primary contribution of the paper is the development and validation of the XGBoost model.

CATEGORY: ML",4.6,,False,2026-08-09T11:45:16
213,mistral:7b,V3,abstract,ML,"REASONING: The paper describes the development of a scalable end-to-end tree boosting system called XGBoost, which is used for achieving state-of-the-art results on various machine learning challenges. It introduces novel algorithms like parity-aware algorithm for sparse data and weighted quantile sketch for approximate tree learning, and focuses on cache access patterns, data compression, and sharding to build a scalable tree boosting system.

CATEGORY: ML",4.47,,False,2026-08-09T11:45:21
214,mistral:7b,V3,abstract,ML,"REASONING: The paper discusses the use of various machine learning (ML) models for mood disorder classification using EEG data, with a focus on explainable artificial intelligence (XAI) techniques such as SHAP, LIME, and attention maps to improve interpretability.

CATEGORY: ML",3.57,,False,2026-08-09T11:45:24
215,mistral:7b,V3,abstract,DL,"REASONING: The paper discusses the application of AI in optimizing CRISPR-based genetic screening through machine learning (ML) and deep learning (DL), as well as large language model–agent (LLM–agent) systems. Although LLM–agent systems are mentioned, they are not the primary subject of contribution — they are used to complement ML/DL methods.

CATEGORY: DL (since the paper's primary contribution is in optimizing experimental design using machine learning and deep learning techniques)",4.88,,False,2026-08-09T11:45:29
216,mistral:7b,V3,abstract,ML,"REASONING: The paper introduces a self-supervised machine learning platform, CLOSER, that uses 3D pose skeleton data and kinematic features to characterize semantic behavioral syllables in a high-quality feature space. It is used to monitor the spontaneous behavior in a depressive disease model with enhanced precision, reliability, and efficiency.

CATEGORY: ML",3.94,,False,2026-08-09T11:45:33
217,mistral:7b,V3,abstract,ML,"REASONING: The paper applies multiple machine learning models (AdaBoost, Random Forest, Support Vector Machine, Multilayer Perceptron, Gaussian Naïve Bayes, Extreme Gradient Boosting, LightGBM, CatBoost, Gradient Boosting, Histogram-Based Gradient Boosting, and K-Nearest Neighbors) to vocal biomarkers for the early detection of Parkinson's disease. The primary contribution is the use of these classical machine learning models, with SHAP, LIME, and Partial Dependence Plot used for interpretation.

CATEGORY: ML",6.2,,False,2026-08-09T11:45:39
218,mistral:7b,V3,abstract,ML,"REASONING: The paper presents an AI-driven predictive model (KinicI) that uses machine learning approaches (LASSO, RSF), Shapley additive explanation (SHAP) analysis, single-cell and spatial transcriptomic analyses, GraphBAN deep learning framework, and molecular docking. The primary contribution of the paper is the development and validation of KinicI as a platform for prognostic modeling, molecular stratification, and multitarget drug discovery.

CATEGORY: ML (The paper's primary contribution involves machine learning techniques, but it also includes deep learning through GraphBAN framework)",6.05,,False,2026-08-09T11:45:46
219,mistral:7b,V3,abstract,AI,"REASONING: The paper discusses various AI techniques, including causal artificial intelligence modeling and reinforcement learning, but the primary contribution is the application of these techniques in the field of urology and endourology.

CATEGORY: AI",2.68,,False,2026-08-09T11:45:48
220,mistral:7b,V3,abstract,AI,"REASONING: The paper discusses various techniques used for sentiment analysis, including deep learning models, machine learning methods, and hybrid methods that integrate multiple modalities. However, the primary contribution of the paper is a review of the state of multimodal sentiment analysis approaches, rather than the development or application of any specific technique.
CATEGORY: AI (as it provides a general overview of various techniques in sentiment analysis)",4.09,,False,2026-08-09T11:45:52
221,mistral:7b,V3,abstract,Unclear,"REASONING: The paper compares two different approaches for robotic manipulation tasks - a fine-tuned VLA model and a neuro-symbolic architecture that combines PDDL-based symbolic planning with learned low-level control. The primary contribution of the paper is the comparison between these two methods, which involves both VLA (a deep learning technique) and neuro-symbolic planning (a hybrid approach combining symbolic reasoning and machine learning).

CATEGORY: Unclear",4.69,,False,2026-08-09T11:45:57
222,mistral:7b,V3,abstract,ML,"REASONING: The paper's primary contribution is the development of an explainable machine learning framework using LASSO regression for feature selection and SHAP analysis for model interpretation, along with unsupervised clustering techniques like supervised UMAP and HDBSCAN to identify distinct patient phenotypes.
CATEGORY: ML",3.56,,False,2026-08-09T11:46:01
223,mistral:7b,V3,abstract,Unclear,"REASONING: The paper discusses various AI applications in orthodontics, categorizing them into four groups: hybrid or custom systems, imaging-based applications, diagnostic tools, and treatment-planning solutions. It also provides statistics on the usage of ML, DL, and hybrid models in these applications. However, it does not develop or study any specific AI, ML, or DL concept, method, or architecture.

CATEGORY: Unclear",4.57,,False,2026-08-09T11:46:05
224,mistral:7b,V3,abstract,AI,"REASONING: The paper discusses various applications of AI (ML/DL) in climate science, but the primary contribution lies in synthesizing recent advances across different domains and methodological rigor. It also introduces a PRISMA-aligned protocol for survey studies, emphasizes transferability, operational relevance, and provides a study-quality checklist.

CATEGORY: AI (Artificial Intelligence)",4.0,,False,2026-08-09T11:46:09
225,mistral:7b,V3,abstract,ML,"REASONING: The paper focuses on using machine learning and quantum computing to predict material properties and design crystal structures of high-entropy materials, particularly MXenes, for battery and supercapacitor applications. It discusses encoding and decoding crystal structures, creating a database for high-entropy materials, and employing deep learning algorithms for material discovery before synthesis.

CATEGORY: ML",3.83,,False,2026-08-09T11:46:13
226,mistral:7b,V3,abstract,ML,"REASONING: The paper presents a comprehensive survey using DNA metabarcoding analysis and Machine Learning (ML) methods coupled with explainable Artificial Intelligence (XAI). The primary contribution lies in the development and application of this ML-based framework for predicting host health status based on fungal community profiling.

CATEGORY: ML",3.3,,False,2026-08-09T11:46:16
227,mistral:7b,V3,abstract,AI,"REASONING: The paper discusses AI applications in emergency general surgery, focusing on clinical decision-support tools for preoperative risk stratification and intraoperative assistance. It does not describe any specific technical methods or algorithms, but rather reviews the existing literature on various AI applications.

CATEGORY: AI",3.14,,False,2026-08-09T11:46:19
228,mistral:7b,V3,abstract,DL,"REASONING: The paper discusses the application of artificial intelligence (AI) in veterinary oncology, focusing on diagnostic applications using image-based diagnostics like digital pathology and radiomics. Deep learning models are mentioned as having demonstrated high performance in tasks like tumor grading and non-invasive characterization.
CATEGORY: DL",3.62,,False,2026-08-09T11:46:23
229,mistral:7b,V3,abstract,,"REASONING: The paper describes a methodology for curating clinical trial databases specifically for training or testing artificial intelligence models, which involves steps like defining inclusion/exclusion criteria, removing unnecessary data, quality control, and harmonisation. Although AI is mentioned as the motivation, no specific ML or DL technique is developed or studied.

CATEGORY: None",3.68,,False,2026-08-09T11:46:27
230,mistral:7b,V3,abstract,ML,"REASONING: The paper conducts a systematic review of AI methods applied to IRI prediction for rigid and composite pavements, focusing on ensemble learning methods (XGBoost), artificial neural networks, and hybrid architectures. The primary contribution is the synthesis and analysis of various AI models used in IRI prediction.

CATEGORY: ML",3.69,,False,2026-08-09T11:46:30
231,mistral:7b,V3,abstract,DL,"REASONING: The paper proposes an optimization framework for centrifugal compressor maintenance strategies using system-wide interdependencies, physics-informed Reliability Allocation by Heuristic Optimization, graph theory, Monte Carlo simulations, Reliability Block Diagrams, Weibull distribution modeling, and Deep Reinforcement Learning. The primary contribution of the paper is the formulation of optimal maintenance policies using deep reinforcement learning.

CATEGORY: DL",4.47,,False,2026-08-09T11:46:35
232,mistral:7b,V3,abstract,ML,"REASONING: The paper discusses machine learning techniques for diabetes prediction systems, focusing on ensemble and deep learning methods as replacements for conventional statistical methods. It also highlights the need for better dataset representation, real-world validation, model interpretability, and regulatory considerations.

CATEGORY: ML",2.93,,False,2026-08-09T11:46:38
233,mistral:7b,V3,abstract,ML,"REASONING: The paper proposes an advanced framework for Parkinson's disease diagnosis using machine learning (ML) classifiers equipped with explainable artificial intelligence (XAI) methods like SHAP, LIME, and ELI5. The primary contribution lies in the integration of XAI techniques to improve model interpretability while maintaining predictive performance.

CATEGORY: ML",3.75,,False,2026-08-09T11:46:42
234,mistral:7b,V3,abstract,ML,"REASONING: The paper introduces a machine learning platform for detecting suspicious financial activities using several supervised learning algorithms. The primary contribution is the comparison of these algorithms, with Gradient Boosting performing best overall.

CATEGORY: ML",2.57,,False,2026-08-09T11:46:44
235,mistral:7b,V3,abstract,ML,"REASONING: The paper's primary contribution is an automated machine learning (AutoML) framework that employs tree-based ensemble models enhanced with explainable artificial intelligence (XAI) techniques to predict case durations and delays in the Indian judiciary.
CATEGORY: ML",3.1,,False,2026-08-09T11:46:47
236,mistral:7b,V3,abstract,DL,"REASONING: The paper proposes a solution for SCD detection using deep learning (DL) models, specifically ResNet-50, DenseNet-121, and EfficientNet-B0, which are fine-tuned with transfer learning. It also introduces a contrastive-learning-based approach using triplet loss and focal loss to handle class imbalance. XAI methodologies are integrated for interpretation and explanation of the model's predictions.
CATEGORY: DL",4.66,,False,2026-08-09T11:46:52
237,mistral:7b,V3,abstract,ML,"REASONING: The paper applies a machine learning-based prediction model (AI-IR) to predict diabetes and cancer incidence using nine clinical parameters. The primary contribution is the development and validation of AI-IR as a predictor for both diabetes and composite cancers.

CATEGORY: ML",3.1,,False,2026-08-09T11:46:55
238,mistral:7b,V3,abstract,AI,"REASONING: The paper discusses various AI methods including machine learning, deep learning, large language models, and digital twins, but the primary contribution is a practical 6P-AI implementation blueprint that links common use cases to data requirements, workflow integration steps, evaluation designs, and post-deployment monitoring. This blueprint is not specific to any particular AI method, making it more of a general AI approach rather than ML or DL.

CATEGORY: AI",4.45,,False,2026-08-09T11:47:00
239,mistral:7b,V3,abstract,ML,"REASONING: The paper compares various machine learning models (base classifiers, ensemble models) for predicting tumor type from morphometric data, with a focus on CatBoost, Voting Classifier, and Stacking Classifier. SHAP is used to enhance interpretability.

CATEGORY: ML",3.17,,False,2026-08-09T11:47:03
240,mistral:7b,V3,abstract,DL,"REASONING: The paper discusses the use of deep learning models (ResNet-50 variants with attention mechanisms) for automated semen analysis, specifically for sperm morphology classification and motility assessment. It also mentions CNN-based methods for motility assessment and emerging AI applications for DNA fragmentation prediction and ZP binding capability prediction. The primary contribution of the paper is the evaluation of deep learning models for automated semen analysis.

CATEGORY: DL",4.93,,False,2026-08-09T11:47:08
241,mistral:7b,V3,abstract,ML,"REASONING: The paper describes the use of Support Vector Machine (SVM) models, a classical machine learning technique, to predict student satisfaction with university choices based on socio-economic, environmental, and cultural factors. The primary contribution of the paper is the development of an SVM-based predictive model for student satisfaction.

CATEGORY: ML",3.55,,False,2026-08-09T11:47:11
242,mistral:7b,V3,abstract,AI,"REASONING: The paper provides a literature review of AI applications in disaster management, using bibliometric analysis and visual graphics to identify thematic clusters and compare the performance of various AI methods. Although it discusses deep learning solutions, the primary contribution lies in the review approach rather than any specific ML or DL technique.

CATEGORY: AI",3.23,,False,2026-08-09T11:47:14
243,mistral:7b,V3,abstract,ML,"REASONING: The paper describes various machine learning models such as XGBoost, SVM, KNN, LR, DT, RF, MLP, and employs techniques like SMOTE, US, MFE, MSFE, and cost-sensitive learning approaches. The primary contribution of the paper is the development and fine-tuning of these machine learning models for blood donor recruitment, with MLP and RF being the best performers.

CATEGORY: ML",5.11,,False,2026-08-09T11:47:20
244,mistral:7b,V3,abstract,AI,"REASONING: The paper focuses on conducting a scoping review of health economic evaluations (HEEs) of artificial intelligence applications in oncology, which is not specific to any ML/DL technique. It does not describe any technical methods or algorithms used for this review.

CATEGORY: AI",3.33,,False,2026-08-09T11:47:23
245,mistral:7b,V3,abstract,ML,"REASONING: The paper describes the use of machine learning (ML) techniques, specifically natural language processing (NLP), with an innovative Python topic modelling technique called BERTopic, for categorizing and labeling development projects based on their narrative descriptions. The primary contribution of the paper is the application of this ML-based approach to analyze development finance.

CATEGORY: ML",3.7,,False,2026-08-09T11:47:27
246,mistral:7b,V3,abstract,ML,"REASONING: The paper uses traditional statistical methods (such as evaluating the relationship between IPSS and sexual dissatisfaction) and machine learning techniques (Extra-Trees classifier for predicting post-operative sexual impairment). The primary contribution is the development and validation of a machine learning model for predicting post-operative sexual impairment.

CATEGORY: ML",3.98,,False,2026-08-09T11:47:31
247,mistral:7b,V3,abstract,AI,"REASONING: The paper discusses the progress of cognitive science and artificial intelligence, the impact of large language models (LLMs), and proposes a new route for intelligent machines grounded in theories and models of thinking and learning before language. No specific AI, ML or DL technique is developed or studied.

CATEGORY: AI",3.3,,False,2026-08-09T11:47:34
248,mistral:7b,V3,abstract,ML,"REASONING: The paper introduces a generalized version of DBSCAN clustering algorithm that can handle both point objects and spatially extended objects with both spatial and nonspatial attributes. It also presents applications in various fields such as astronomy, biology, earth science, and geography.

CATEGORY: ML",3.08,,False,2026-08-09T11:47:37
249,mistral:7b,V3,abstract,AI,"REASONING: The paper's primary contribution lies in conducting a systematic review, meta-analysis, and bibliometric visualization analysis on the roles and effects of AI in nursing simulation education. No specific AI, ML or DL technique is developed or studied.
CATEGORY: AI",3.24,,False,2026-08-09T11:47:40
250,mistral:7b,V3,abstract,DL,"REASONING: The paper describes the development of an AI-driven CAD prediction model using Transformer-based multi-scale style learning algorithm, LASSO regression, restricted cubic splines, and XGBoost classifier. The primary contribution is the integration of OCTA-derived retinal features with EHR data to predict CAD, which involves a Transformer-based method (Transformer) and an ML method (XGBoost).

CATEGORY: DL (Transformer)",5.19,,False,2026-08-09T11:47:45
251,mistral:7b,V3,abstract,ML,"REASONING: The paper discusses various machine learning and deep learning models applied in oncology for cancer phenotyping, drug discovery, and optimization. It also highlights cross-cutting limitations and emerging directions in AI for precision oncology. The primary contribution of the paper is the discussion of AI-enabled methods in oncology, which places it within the machine learning category.

CATEGORY: ML",3.96,,False,2026-08-09T11:47:49
252,mistral:7b,V3,abstract,ML,"REASONING: The paper evaluates several machine learning models for predicting the shear strength of steel-fiber-reinforced concrete beams. The primary contribution is the comparison and selection of the ELM-PSO model as the most accurate estimator among ANN, SVM, GTB, CATB, ELM, and other models.

CATEGORY: ML",3.9,,False,2026-08-09T11:47:53
253,mistral:7b,V3,abstract,AI,"REASONING: The paper discusses the application of AI and ML algorithms in liquid biopsy for various types of cancers, focusing on early detection, prognosis prediction, treatment monitoring, recurrence forecasting, and patient stratification. Although neural network architectures are not explicitly mentioned, the primary contribution lies in the exploration of AI-powered liquid biopsy, which is a concept that encompasses multiple ML techniques.

CATEGORY: AI",4.44,,False,2026-08-09T11:47:58
254,mistral:7b,V3,abstract,ML,"REASONING: The paper discusses the application of machine learning (ML) and radiomics approaches for diagnosing and predicting outcomes in Ankylosing Spondylitis, using MRI or X-ray data. It performs a meta-analysis on various studies that used ML or radiomics algorithms, and provides quantitative metrics such as AUC, sensitivity, specificity, or 2x2 tables. The paper does not mention any neural network architecture or deep learning techniques.

CATEGORY: ML",5.24,,False,2026-08-09T11:48:03
255,mistral:7b,V3,abstract,ML,"REASONING: The paper presents an AI-based UV–Vis spectrophotometric method that uses machine learning models (Support Vector Regression, Linear Regression, Lasso Regression, Ridge Regression, and Elastic Net) to predict the concentrations of naringin and naringenin from their spectral data. The primary contribution is the use of these machine learning models for spectral differentiation in plant metabolite analysis.

CATEGORY: ML",4.76,,False,2026-08-09T11:48:08
256,mistral:7b,V3,abstract,ML,"REASONING: The paper introduces a multi-modal dataset (WxC-Bench) designed to support the development of AI models for various weather and climate research tasks. It provides a comprehensive description of the dataset and technical validation for baseline analysis, making it available on Hugging Face.

CATEGORY: ML (The primary contribution is the creation of a machine learning-ready dataset, although deep learning techniques may be applied to the data in future studies)",4.42,,False,2026-08-09T11:48:12
257,mistral:7b,V3,abstract,ML,"REASONING: The paper describes the use of eight supervised machine learning algorithms for sex determination using mandibular symphysis measurements from lateral cephalometric images. The primary contribution is the development and evaluation of these models.

CATEGORY: ML",2.88,,False,2026-08-09T11:48:15
258,mistral:7b,V3,abstract,ML,"REASONING: The paper proposes an XAI architecture that combines explainable models with the Enhanced Squirrel Search Optimization (ESSO) method for feature selection. The primary contribution is the integration of ESSO-based feature selection with Random Forest classification and explainable AI techniques (SHAP and LIME).
CATEGORY: ML",3.61,,False,2026-08-09T11:48:19
259,mistral:7b,V3,abstract,AI,"REASONING: The paper reviews the role of artificial intelligence (AI) in psychiatry across four domains, but does not develop or study any specific AI, ML, or DL concept, method, or architecture. It discusses machine learning models and chatbots, but these are mentioned only as tools used in various applications, not as the primary contribution of the paper.

CATEGORY: AI",3.81,,False,2026-08-09T11:48:22
260,mistral:7b,V3,abstract,DL,"REASONING: The paper presents an Artificial Neural Network (ANN)-based machine learning technique for analyzing bubble dynamics and cavitation behavior under sinusoidal waves, using the Levenberg–Marquardt Scheme (LMS) and the Adam optimizer function. The primary contribution of the paper is the development and testing of this ANN-based approach for predicting nonlinear oscillations of microbubbles in various applications such as biomedical ultrasound, underwater acoustics, naval engineering, energy systems, and medical imaging.

CATEGORY: DL",5.7,,False,2026-08-09T11:48:28
261,mistral:7b,V3,abstract,AI,"REASONING: The paper discusses the application of AI in healthcare, specifically in pediatric rehabilitation, focusing on various AI methods such as supervised machine learning, neural networks, and deep learning approaches. However, the primary contribution lies in the scoping review of these applications, rather than the development or implementation of a specific AI model.

CATEGORY: AI",4.01,,False,2026-08-09T11:48:32
262,mistral:7b,V3,abstract,ML,"REASONING: The paper presents a comprehensive assessment framework for Physical Education teaching effectiveness using Multimodal Machine Learning (MML). It employs preprocessing methods like wavelet denoising and z-score normalization, feature extraction using Histogram of Oriented Gradients (HOG), and introduces an Enhanced Marine Predators-driven Explainable Boosting Machine (EMP-EBM) as the core model.

CATEGORY: ML",4.67,,False,2026-08-09T11:48:37
263,mistral:7b,V3,abstract,ML,"REASONING: The paper primarily focuses on the Support Vector (SV) method, a classical machine learning technique used for regression, multidimensional spline estimation, and solving linear operator equations.

CATEGORY: ML",2.23,,False,2026-08-09T11:48:39
264,mistral:7b,V3,abstract,ML,"REASONING: The paper describes an interpretable machine learning (ML) model for predicting MDR/RR-TB in patients with TB-DM multimorbidity using seven ML algorithms, with the random forest (RF) model achieving optimal performance. SHAP is used to identify critical predictive factors.
CATEGORY: ML",3.61,,False,2026-08-09T11:48:43
265,mistral:7b,V3,abstract,ML,"REASONING: The paper proposes a media analytics framework that combines traditional statistical modeling, natural language processing tools, and explainable machine learning to predict audience engagement with posts made by TV channels on social media platforms. The primary contribution is the use of Extreme Gradient Boosting for Facebook and Support Vector Regression for Instagram to predict engagement levels.

CATEGORY: ML",3.62,,False,2026-08-09T11:48:46
266,mistral:7b,V3,abstract,DL,"REASONING: The paper proposes a cognitive computing framework that combines physics-based petrophysical calculations, Random Forest regression (ML), and Deepseek-R1 cognitive perception (DL). The primary contribution of the paper is the development of this integrated workflow for reservoir characterization and exploration optimisation.

CATEGORY: DL",3.66,,False,2026-08-09T11:48:50
267,mistral:7b,V3,abstract,DL,"REASONING: The paper focuses on the application of deep learning (DL) techniques in bladder cancer diagnosis, including cystoscopic tumor detection, urine cytology analysis, radiomics-based staging, computational pathology, multimodal fusion architectures, and intraoperative guidance. The primary contribution is the review of AI applications in bladder cancer diagnosis, with a focus on DL methods.

CATEGORY: DL",4.68,,False,2026-08-09T11:48:55
268,mistral:7b,V3,abstract,ML,"REASONING: The paper develops an interpretable machine learning framework for the joint modeling of CO2 and N2O emissions using country-level socio-economic indicators. It benchmarks five regression-based algorithms, optimizes the best-performing model using Random Search, and provides interpretability analyses based on SHAP, LIME, and ablation testing.

CATEGORY: ML",4.19,,False,2026-08-09T11:48:59
269,mistral:7b,V3,abstract,AI,"REASONING: The paper reviews various AI models applied to Mitral Regurgitation diagnosis, severity assessment, and prognostication using imaging, ECG, or clinical data. The primary contribution is the review of these AI models, their architectures, and performance metrics.

CATEGORY: AI",3.28,,False,2026-08-09T11:49:02
270,mistral:7b,V3,abstract,ML,"REASONING: The paper discusses the application of artificial intelligence (AI) to ultrasound imaging for diagnosing endometriosis, using machine learning and deep learning algorithms. The primary contribution lies in evaluating the role of AI in improving the diagnosis and prediction of endometriosis using ultrasound images.

CATEGORY: ML (Machine Learning)",4.0,,False,2026-08-09T11:49:06
271,mistral:7b,V3,abstract,ML,"REASONING: The paper discusses both machine learning (ML) and deep learning (DL) techniques applied to time series ECG data for predicting life-threatening cardiac events. While DL models are highlighted for their ability to learn intricate patterns from raw data, the primary contribution of the study is the comparison between ML and DL methods, with a focus on the Random Forest classifier as the best performing machine learning model.

CATEGORY: ML",4.46,,False,2026-08-09T11:49:11
272,mistral:7b,V3,abstract,ML,"REASONING: The paper focuses on analyzing the optimal number of trees in a Random Forest, a classical machine learning technique. It does not involve any neural network architecture or deep learning concepts.

CATEGORY: ML",2.4,,False,2026-08-09T11:49:13
273,mistral:7b,V3,abstract,ML,"REASONING: The paper describes the development of an AI-based model for predicting myopia progression among children using machine learning algorithms (linear regression, support vector machines, XGBoost) and deep learning models (convolutional neural networks). The primary contribution is the development of the AI-based mobile application.

CATEGORY: ML",3.62,,False,2026-08-09T11:49:17
274,mistral:7b,V3,abstract,ML,"REASONING: The paper investigates the load-settlement behavior of micro-piled raft foundations in clay using supervised machine learning algorithms. Among these, Gaussian process regression (GPR) is identified as the superior method for this specific application due to its ability to capture nonlinear soil-structure interaction and robustness.

CATEGORY: ML",3.69,,False,2026-08-09T11:49:20
275,mistral:7b,V3,abstract,ML,"REASONING: The paper's primary contribution lies in the application of various machine learning algorithms (Logistic Regression, Decision Tree, K-nearest Neighbor, Support Vector Machine, Multinomial Naïve Bayes, and Random Forest) to forecast player partnership formations in football matches.
CATEGORY: ML",3.74,,False,2026-08-09T11:49:24
276,mistral:7b,V3,abstract,ML,"REASONING: The paper presents a bibliometric analysis of AI applications in eating behavior and food choice using machine learning, deep learning, and image recognition techniques for dietary assessment and behavioral prediction. The primary contribution is the comprehensive analysis of publication trends, citation patterns, collaboration networks, and keyword co-occurrence.

CATEGORY: ML (The paper's core method is machine learning, specifically bibliometric analysis, even though it also involves deep learning techniques)",4.49,,False,2026-08-09T11:49:29
277,mistral:7b,V3,abstract,ML,"REASONING: The paper's primary contribution lies in implementing and comparing seven different machine learning algorithms to predict academic achievement from student data. Although neural networks are not explicitly mentioned, the focus is on classical ML techniques.

CATEGORY: ML",2.49,,False,2026-08-09T11:49:31
278,mistral:7b,V3,abstract,ML,"REASONING: The paper uses a machine learning tool (OpenFace 2.0) for quantifying subtle facial movements of medical students and examining their relationship with lecture satisfaction. The primary contribution of the paper is the analysis of the association between facial expressions, specifically eye blinks, and lecture satisfaction using regression analysis.

CATEGORY: ML",3.55,,False,2026-08-09T11:49:35
279,mistral:7b,V3,abstract,AI,"REASONING: The paper provides an overview of AI technologies in medical devices, discussing their integration into healthcare, technological advancements, and regulatory frameworks. It explores various case studies showcasing AI applications in diagnostic imaging, personalized medicine, and predictive analytics. However, the primary contribution is not the development or study of a specific AI, ML, or DL concept, method, or architecture.

CATEGORY: AI",4.28,,False,2026-08-09T11:49:39
280,mistral:7b,V3,abstract,AI,"REASONING: The paper discusses the relationship between physics principles and the efficiency of deep learning, focusing on properties such as symmetry, locality, compositionality, and polynomial log-probability. It uses information theory to formalize these claims and prove ""no-flattening theorems."" Although machine learning is mentioned, the primary contribution lies in the exploration of physics principles and their impact on deep neural networks.

CATEGORY: AI",4.15,,False,2026-08-09T11:49:43
281,mistral:7b,V3,abstract,DL,"REASONING: The paper employs radiomics, logistic regression, support vector machines, multiple neural network architectures, and a fusion neural network for distinguishing HCC from ICC using CECT images. The primary contribution of the paper is the development and validation of a fusion neural network that combines the outputs from radiomics, clinical, and deep learning branches to improve the accuracy in differentiating HCC from ICC.

CATEGORY: DL (Deep Learning)",4.88,,False,2026-08-09T11:49:48
282,mistral:7b,V3,abstract,,"REASONING: This study aims to systematically review and critically appraise the performance of AI models for GDM prediction. It does not develop or study any specific AI, ML, or DL concept, method, or architecture.
CATEGORY: None",2.82,,False,2026-08-09T11:49:51
283,mistral:7b,V3,abstract,AI,"REASONING: The paper discusses AI applications in breast cancer management across various stages, but no specific algorithm, architecture, or learning methodology is developed or studied. It primarily focuses on the role of AI in improving detection, diagnosis, prognosis, treatment, and recovery, without naming a single ML or DL technique.

CATEGORY: AI",3.43,,False,2026-08-09T11:49:54
284,mistral:7b,V3,abstract,ML,"REASONING: The paper proposes Federated Clustering-Based Centralized Classification (Fed3C), which involves K-means for generating centroids, Bayesian optimization for determining the optimal number of centroids, and K-nearest neighbors (KNN) for classification.

CATEGORY: ML",3.28,,False,2026-08-09T11:49:58
285,mistral:7b,V3,abstract,AI,"REASONING: The paper discusses the application of AI in local flap surgery, but no specific AI, ML or DL concept, method, or architecture is developed or studied. Instead, it reviews existing literature on the topic.

CATEGORY: AI",2.61,,False,2026-08-09T11:50:00
286,mistral:7b,V3,abstract,ML,"REASONING: The paper describes the development and validation of machine learning models to predict preeclampsia-associated outcomes using a reduced feature set. The primary contribution lies in refining the feature set for clinical use, with three different ML models developed for predicting adverse outcomes, delivery timing, and identifying clinically relevant endpoints.

CATEGORY: ML",3.9,,False,2026-08-09T11:50:04
287,mistral:7b,V3,abstract,DL,"REASONING: The paper proposes a digital twin solution that utilizes various machine learning models for predictive maintenance of logistics equipment. The primary contribution lies in the integration of these ML models into an IoT environment for real-time monitoring and synchronization of physical assets with their digital twins.
CATEGORY: DL (The paper uses LSTM networks, which are a type of deep learning model)",4.18,,False,2026-08-09T11:50:08
288,mistral:7b,V3,abstract,AI,"REASONING: The paper discusses the potential application of machine learning (ML) and artificial intelligence (AI) for improving outcomes in cardiogenic shock, a rapidly evolving syndrome. Although no specific ML or AI technique is developed or studied, the primary contribution lies in proposing data-driven approaches that adapt to patient trajectories and support real-time clinical decision-making.
CATEGORY: AI",3.76,,False,2026-08-09T11:50:12
289,mistral:7b,V3,abstract,ML,"REASONING: The paper develops a theoretical learning model for Support Vector Machines (SVMs) in text classification, explaining their effectiveness in handling large feature spaces in text classification. It does not involve neural network architectures or other ML/DL techniques.

CATEGORY: ML",2.77,,False,2026-08-09T11:50:15
290,mistral:7b,V3,abstract,ML,"REASONING: The paper discusses the use of machine learning (ML) for predicting food-drug interactions, comparing it with traditional methods. It covers various ML techniques such as supervised and unsupervised learning, reinforcement learning, and their applications in ADME forecasting and drug development. However, no specific neural network architecture is mentioned as the primary contribution.

CATEGORY: ML",3.92,,False,2026-08-09T11:50:19
291,mistral:7b,V3,abstract,AI,"REASONING: The paper discusses the application of AI and ML techniques to improve diagnosis, risk stratification, prediction, and treatment of Fibromuscular dysplasia (FMD). While it mentions various methods such as convolutional neural networks, clinical data integration, and pharmacogenomic insights, the primary contribution lies in the exploration of how these technologies can transform FMD care.

CATEGORY: AI",4.14,,False,2026-08-09T11:50:23
292,mistral:7b,V3,abstract,ML,"REASONING: The paper discusses various machine learning techniques, deep learning architectures, and data preprocessing strategies applied to cancer imaging. It focuses on the applications of ML in tumor detection, radiomics, multi-modal imaging, and therapy monitoring. The primary contribution lies in exploring these applications and discussing their potential impact on cancer diagnosis and treatment.

CATEGORY: ML",3.67,,False,2026-08-09T11:50:27
293,mistral:7b,V3,abstract,DL,"REASONING: The paper describes a combination of psychophysics, fMRI, and intracranial recordings for identifying the neural substrate of one-shot perceptual learning in the human brain, as well as developing a deep neural network model that recapitulates and predicts human behavior. The primary contribution lies in the development of the deep neural network model.

CATEGORY: DL",3.91,,False,2026-08-09T11:50:30
294,mistral:7b,V3,abstract,ML,"REASONING: The paper presents a systematic study comparing linear and nonlinear models for country-level ESG modeling using publicly available World Bank indicators. It formulates ESG analysis as four computational tasks: representation learning, level forecasting, directional change classification, and explainability. The primary contribution is the comparison of various models for these specific ESG-related tasks.

CATEGORY: ML",3.99,,False,2026-08-09T11:50:34
295,mistral:7b,V3,abstract,Unclear,"REASONING: The paper investigates relationships among undergraduate students' awareness, perception, and preparedness to use AI tools for decision-making during health emergencies. It uses statistical analysis methods like one-sample t-tests, simple linear regression analyses, and random forest regression (RFR) but does not involve any specific AI, ML or DL techniques as its primary contribution.

CATEGORY: Unclear",4.36,,False,2026-08-09T11:50:39
296,mistral:7b,V3,abstract,AI,"REASONING: The paper discusses the application of AI-guided models in the diagnosis of structural heart disease and valvular heart disease, mentioning ECGs, chest X-rays, and coronary artery calcium scans as diagnostic methods. Although AI is mentioned as a tool for improving diagnostics, no specific ML or DL concept, method, or architecture is developed or studied.
CATEGORY: AI",3.96,,False,2026-08-09T11:50:43
297,mistral:7b,V3,abstract,ML,"REASONING: The paper describes the Random Forest algorithm as a combination of tree predictors, which is a classical machine learning method. The primary contribution of the paper is the analysis and understanding of the generalization error for forests, the strength of individual trees in the forest, and the correlation between them.

CATEGORY: ML",3.15,,False,2026-08-09T11:50:46
298,mistral:7b,V3,abstract,AI,"REASONING: The paper discusses AI's impact on education through adaptive learning systems that utilize NLP, ML, and DL technologies. Although the paper mentions various AI techniques, it does not focus on developing or studying any specific algorithm, architecture, or learning methodology. Instead, it emphasizes the overall transformation of educational practices by these technologies.

CATEGORY: AI",3.64,,False,2026-08-09T11:50:50
299,mistral:7b,V3,abstract,AI,"REASONING: The paper reviews various timekeeping methods, dissemination methods, and applications, with a focus on atomic clocks and their uses. It also discusses emerging trends in global timekeeping, including the use of AI/ML for predictive control and resilience in timekeeping systems. However, the primary contribution of the paper is not in developing or studying any specific AI/ML technique, but rather in reviewing its application to timekeeping systems.

CATEGORY: AI (General)",4.67,,False,2026-08-09T11:50:54
