paper_id,model_version,prompt_version,input_source,manual_label,predicted_label,raw_output,elapsed_sec,error,is_fewshot_example,run_timestamp
0,mistral:7b,V1,abstract,DL,DL,DL,25.29,,False,2026-08-15T23:40:28
1,mistral:7b,V1,abstract,ML,DL,DL,0.28,,False,2026-08-15T23:40:28
2,mistral:7b,V1,abstract,DL,DL,DL,0.36,,False,2026-08-15T23:40:29
3,mistral:7b,V1,abstract,AI,ML,ML,0.58,,False,2026-08-15T23:40:29
4,mistral:7b,V1,abstract,DL,DL,DL,0.67,,False,2026-08-15T23:40:30
5,mistral:7b,V1,abstract,ML,ML,ML,0.56,,False,2026-08-15T23:40:31
6,mistral:7b,V1,abstract,Unclear,ML,ML,0.41,,False,2026-08-15T23:40:31
7,mistral:7b,V1,abstract,ML,ML,ML,0.31,,False,2026-08-15T23:40:31
8,mistral:7b,V1,abstract,Unclear,Unclear,Unclear,0.37,,False,2026-08-15T23:40:32
9,mistral:7b,V1,abstract,ML,ML,ML,0.73,,False,2026-08-15T23:40:32
10,mistral:7b,V1,abstract,Unclear,DL,DL,0.44,,False,2026-08-15T23:40:33
11,mistral:7b,V1,abstract,DL,ML,ML,0.59,,False,2026-08-15T23:40:33
12,mistral:7b,V1,abstract,ML,ML,ML,0.59,,False,2026-08-15T23:40:34
13,mistral:7b,V1,abstract,ML,ML,ML,0.33,,False,2026-08-15T23:40:34
14,mistral:7b,V1,abstract,Unclear,ML,ML,0.28,,False,2026-08-15T23:40:35
15,mistral:7b,V1,abstract,Unclear,DL,DL,0.38,,False,2026-08-15T23:40:35
16,mistral:7b,V1,abstract,ML,ML,ML,0.53,,False,2026-08-15T23:40:36
17,mistral:7b,V1,abstract,Unclear,DL,DL,0.59,,False,2026-08-15T23:40:36
18,mistral:7b,V1,abstract,Unclear,ML,ML,0.49,,False,2026-08-15T23:40:37
19,mistral:7b,V1,abstract,AI,DL,DL,0.47,,False,2026-08-15T23:40:37
20,mistral:7b,V1,abstract,ML,ML,ML,0.4,,False,2026-08-15T23:40:38
21,mistral:7b,V1,abstract,DL,DL,DL,0.58,,False,2026-08-15T23:40:38
22,mistral:7b,V1,abstract,AI,ML,ML,0.56,,False,2026-08-15T23:40:39
23,mistral:7b,V1,abstract,DL,DL,DL,0.51,,False,2026-08-15T23:40:39
24,mistral:7b,V1,abstract,ML,ML,ML,0.7,,False,2026-08-15T23:40:40
25,mistral:7b,V1,abstract,Unclear,DL,DL,0.63,,False,2026-08-15T23:40:41
26,mistral:7b,V1,abstract,AI,ML,ML,0.57,,False,2026-08-15T23:40:41
27,mistral:7b,V1,abstract,ML,ML,ML,0.61,,False,2026-08-15T23:40:42
28,mistral:7b,V1,abstract,Unclear,ML,ML,0.56,,False,2026-08-15T23:40:42
29,mistral:7b,V1,abstract,ML,ML,ML,0.54,,False,2026-08-15T23:40:43
30,mistral:7b,V1,abstract,AI,ML,ML,0.45,,False,2026-08-15T23:40:43
31,mistral:7b,V1,abstract,Unclear,DL,DL,0.87,,False,2026-08-15T23:40:44
32,mistral:7b,V1,abstract,Unclear,ML,ML,0.59,,False,2026-08-15T23:40:45
33,mistral:7b,V1,abstract,Unclear,DL,DL,0.77,,False,2026-08-15T23:40:46
34,mistral:7b,V1,abstract,DL,DL,DL,0.83,,False,2026-08-15T23:40:46
35,mistral:7b,V1,abstract,ML,ML,ML,0.62,,False,2026-08-15T23:40:47
36,mistral:7b,V1,abstract,DL,DL,DL,0.54,,False,2026-08-15T23:40:48
37,mistral:7b,V1,abstract,Unclear,ML,ML,0.63,,False,2026-08-15T23:40:48
38,mistral:7b,V1,abstract,DL,DL,DL,0.58,,False,2026-08-15T23:40:49
39,mistral:7b,V1,abstract,Unclear,ML,ML,0.51,,False,2026-08-15T23:40:49
40,mistral:7b,V1,abstract,ML,ML,ML,0.44,,False,2026-08-15T23:40:50
41,mistral:7b,V1,abstract,ML,ML,ML,0.53,,False,2026-08-15T23:40:50
42,mistral:7b,V1,abstract,ML,ML,ML,0.6,,False,2026-08-15T23:40:51
43,mistral:7b,V1,abstract,Unclear,ML,ML,0.72,,False,2026-08-15T23:40:52
44,mistral:7b,V1,abstract,ML,ML,ML,0.49,,False,2026-08-15T23:40:52
45,mistral:7b,V1,abstract,DL,DL,DL,0.48,,False,2026-08-15T23:40:53
46,mistral:7b,V1,abstract,ML,ML,ML,0.61,,False,2026-08-15T23:40:53
47,mistral:7b,V1,abstract,AI,ML,ML,0.72,,False,2026-08-15T23:40:54
48,mistral:7b,V1,abstract,ML,ML,ML,0.68,,False,2026-08-15T23:40:55
49,mistral:7b,V1,abstract,ML,ML,ML,0.42,,False,2026-08-15T23:40:55
50,mistral:7b,V1,abstract,ML,DL,DL,0.4,,False,2026-08-15T23:40:55
51,mistral:7b,V1,abstract,Unclear,ML,ML,12.11,,False,2026-08-15T23:41:08
52,mistral:7b,V1,abstract,DL,ML,ML,0.73,,False,2026-08-15T23:41:08
53,mistral:7b,V1,abstract,Unclear,DL,DL,0.59,,False,2026-08-15T23:41:09
54,mistral:7b,V1,abstract,DL,DL,DL,0.46,,False,2026-08-15T23:41:09
55,mistral:7b,V1,abstract,Unclear,ML,ML,0.56,,False,2026-08-15T23:41:10
56,mistral:7b,V1,abstract,ML,ML,ML,0.54,,False,2026-08-15T23:41:10
57,mistral:7b,V1,abstract,ML,ML,ML,0.56,,False,2026-08-15T23:41:11
58,mistral:7b,V1,abstract,AI,ML,ML,0.52,,False,2026-08-15T23:41:11
59,mistral:7b,V1,abstract,ML,ML,ML,0.63,,False,2026-08-15T23:41:12
60,mistral:7b,V1,abstract,DL,DL,DL,0.71,,False,2026-08-15T23:41:13
61,mistral:7b,V1,abstract,AI,ML,ML,0.47,,False,2026-08-15T23:41:13
62,mistral:7b,V1,abstract,ML,ML,ML,0.53,,False,2026-08-15T23:41:14
63,mistral:7b,V1,abstract,ML,ML,ML,0.45,,False,2026-08-15T23:41:14
64,mistral:7b,V1,abstract,Unclear,ML,ML,0.48,,False,2026-08-15T23:41:15
65,mistral:7b,V1,abstract,nan,ML,ML,0.38,,False,2026-08-15T23:41:15
66,mistral:7b,V1,abstract,DL,ML,ML,0.58,,False,2026-08-15T23:41:16
67,mistral:7b,V1,abstract,Unclear,ML,ML,0.51,,False,2026-08-15T23:41:16
68,mistral:7b,V1,abstract,ML,ML,ML,0.38,,False,2026-08-15T23:41:17
69,mistral:7b,V1,abstract,DL,DL,DL,0.48,,False,2026-08-15T23:41:17
70,mistral:7b,V1,abstract,Unclear,ML,ML,0.49,,False,2026-08-15T23:41:18
71,mistral:7b,V1,abstract,AI,ML,ML,0.44,,False,2026-08-15T23:41:18
72,mistral:7b,V1,abstract,Unclear,ML,ML,0.54,,False,2026-08-15T23:41:19
73,mistral:7b,V1,abstract,Unclear,DL,DL (Quantum Machine Learning is a subfield of Deep Learning),0.98,,False,2026-08-15T23:41:20
74,mistral:7b,V1,abstract,DL,DL,DL,0.52,,False,2026-08-15T23:41:20
75,mistral:7b,V1,abstract,ML,DL,DL,0.48,,False,2026-08-15T23:41:21
76,mistral:7b,V1,abstract,Unclear,ML,ML,0.58,,False,2026-08-15T23:41:21
77,mistral:7b,V1,abstract,ML,ML,ML,0.33,,False,2026-08-15T23:41:22
78,mistral:7b,V1,abstract,ML,ML,ML,0.4,,False,2026-08-15T23:41:22
79,mistral:7b,V1,abstract,ML,ML,ML,0.45,,False,2026-08-15T23:41:22
80,mistral:7b,V1,abstract,DL,DL,DL,0.37,,False,2026-08-15T23:41:23
81,mistral:7b,V1,abstract,ML,ML,ML,0.44,,False,2026-08-15T23:41:23
82,mistral:7b,V1,abstract,ML,ML,ML,0.22,,False,2026-08-15T23:41:23
83,mistral:7b,V1,abstract,AI,ML,ML,0.39,,False,2026-08-15T23:41:24
84,mistral:7b,V1,abstract,Unclear,ML,ML,0.65,,False,2026-08-15T23:41:24
85,mistral:7b,V1,abstract,DL,AI,AI,0.53,,False,2026-08-15T23:41:25
86,mistral:7b,V1,abstract,Unclear,ML,ML,0.36,,False,2026-08-15T23:41:25
87,mistral:7b,V1,abstract,ML,DL,DL (Deep Learning),0.79,,False,2026-08-15T23:41:26
88,mistral:7b,V1,abstract,DL,DL,DL,0.62,,False,2026-08-15T23:41:27
89,mistral:7b,V1,abstract,ML,ML,ML,0.77,,False,2026-08-15T23:41:28
90,mistral:7b,V1,abstract,AI,ML,ML,0.62,,False,2026-08-15T23:41:28
91,mistral:7b,V1,abstract,ML,ML,ML,0.75,,False,2026-08-15T23:41:29
92,mistral:7b,V1,abstract,Unclear,ML,ML,0.58,,False,2026-08-15T23:41:30
93,mistral:7b,V1,abstract,Unclear,DL,DL,0.82,,False,2026-08-15T23:41:30
94,mistral:7b,V1,abstract,Unclear,ML,ML,0.49,,False,2026-08-15T23:41:31
95,mistral:7b,V1,abstract,AI,ML,ML,0.49,,False,2026-08-15T23:41:31
96,mistral:7b,V1,abstract,ML,ML,ML,0.48,,False,2026-08-15T23:41:32
97,mistral:7b,V1,abstract,AI,ML,ML,0.55,,False,2026-08-15T23:41:32
98,mistral:7b,V1,abstract,AI,ML,ML,0.49,,False,2026-08-15T23:41:33
99,mistral:7b,V1,abstract,Unclear,ML,ML,0.55,,False,2026-08-15T23:41:33
100,mistral:7b,V1,abstract,AI,DL,DL,0.52,,False,2026-08-15T23:41:34
101,mistral:7b,V1,abstract,AI,ML,ML,0.6,,False,2026-08-15T23:41:35
102,mistral:7b,V1,abstract,Unclear,ML,ML,0.83,,False,2026-08-15T23:41:35
103,mistral:7b,V1,abstract,AI,DL,DL,0.68,,False,2026-08-15T23:41:36
104,mistral:7b,V1,abstract,Unclear,ML,ML,0.61,,False,2026-08-15T23:41:37
105,mistral:7b,V1,abstract,ML,ML,ML,0.51,,False,2026-08-15T23:41:37
106,mistral:7b,V1,abstract,DL,DL,DL,0.48,,False,2026-08-15T23:41:38
107,mistral:7b,V1,abstract,ML,ML,ML,0.46,,False,2026-08-15T23:41:38
108,mistral:7b,V1,abstract,AI,ML,ML,0.44,,False,2026-08-15T23:41:39
109,mistral:7b,V1,abstract,ML,DL,DL,0.68,,False,2026-08-15T23:41:39
110,mistral:7b,V1,abstract,nan,ML,ML,0.43,,True,2026-08-15T23:41:40
111,mistral:7b,V1,abstract,AI,ML,ML,0.75,,False,2026-08-15T23:41:40
112,mistral:7b,V1,abstract,ML,ML,ML,0.82,,False,2026-08-15T23:41:41
113,mistral:7b,V1,abstract,DL,DL,DL,0.61,,False,2026-08-15T23:41:42
114,mistral:7b,V1,abstract,ML,DL,DL,0.85,,False,2026-08-15T23:41:43
115,mistral:7b,V1,abstract,nan,None,None,0.43,,False,2026-08-15T23:41:43
116,mistral:7b,V1,abstract,Unclear,ML,ML,0.65,,False,2026-08-15T23:41:44
117,mistral:7b,V1,abstract,Unclear,DL,DL,0.67,,False,2026-08-15T23:41:44
118,mistral:7b,V1,abstract,ML,ML,ML,0.84,,False,2026-08-15T23:41:45
119,mistral:7b,V1,abstract,ML,DL,DL,0.97,,False,2026-08-15T23:41:46
120,mistral:7b,V1,abstract,ML,ML,ML,0.58,,False,2026-08-15T23:41:47
121,mistral:7b,V1,abstract,ML,ML,ML,0.49,,False,2026-08-15T23:41:47
122,mistral:7b,V1,abstract,Unclear,DL,DL,0.72,,True,2026-08-15T23:41:48
123,mistral:7b,V1,abstract,AI,DL,DL,0.44,,False,2026-08-15T23:41:49
124,mistral:7b,V1,abstract,nan,DL,DL,0.41,,False,2026-08-15T23:41:49
125,mistral:7b,V1,abstract,ML,DL,DL,0.86,,False,2026-08-15T23:41:50
126,mistral:7b,V1,abstract,Unclear,DL,DL,0.59,,False,2026-08-15T23:41:50
127,mistral:7b,V1,abstract,ML,ML,ML,0.86,,False,2026-08-15T23:41:51
128,mistral:7b,V1,abstract,AI,DL,DL,0.58,,False,2026-08-15T23:41:52
129,mistral:7b,V1,abstract,ML,ML,ML,0.58,,False,2026-08-15T23:41:52
130,mistral:7b,V1,abstract,AI,DL,DL,0.4,,False,2026-08-15T23:41:53
131,mistral:7b,V1,abstract,ML,DL,DL (for using Artificial Neural Networks),0.69,,False,2026-08-15T23:41:54
132,mistral:7b,V1,abstract,ML,ML,ML,0.67,,False,2026-08-15T23:41:54
133,mistral:7b,V1,abstract,AI,ML,ML,0.6,,False,2026-08-15T23:41:55
134,mistral:7b,V1,abstract,AI,ML,ML,0.48,,False,2026-08-15T23:41:55
135,mistral:7b,V1,abstract,ML,ML,ML,0.52,,False,2026-08-15T23:41:56
136,mistral:7b,V1,abstract,Unclear,ML,ML,0.54,,False,2026-08-15T23:41:56
137,mistral:7b,V1,abstract,ML,ML,ML,0.5,,False,2026-08-15T23:41:57
138,mistral:7b,V1,abstract,ML,ML,ML,0.65,,False,2026-08-15T23:41:57
139,mistral:7b,V1,missing,nan,NO_INPUT,,0.0,no abstract available,False,2026-08-15T23:41:57
140,mistral:7b,V1,abstract,AI,ML,ML,0.56,,False,2026-08-15T23:41:58
141,mistral:7b,V1,abstract,ML,ML,ML,0.55,,False,2026-08-15T23:41:59
142,mistral:7b,V1,abstract,Unclear,ML,ML,0.72,,False,2026-08-15T23:41:59
143,mistral:7b,V1,abstract,ML,DL,DL,0.48,,False,2026-08-15T23:42:00
144,mistral:7b,V1,abstract,ML,ML,ML,0.61,,False,2026-08-15T23:42:00
145,mistral:7b,V1,abstract,Unclear,ML,ML,0.58,,False,2026-08-15T23:42:01
146,mistral:7b,V1,abstract,Unclear,ML,ML,0.72,,False,2026-08-15T23:42:02
147,mistral:7b,V1,abstract,Unclear,DL,DL,0.59,,False,2026-08-15T23:42:02
148,mistral:7b,V1,abstract,ML,ML,ML,0.35,,False,2026-08-15T23:42:03
149,mistral:7b,V1,abstract,AI,ML,ML,0.65,,False,2026-08-15T23:42:03
150,mistral:7b,V1,abstract,ML,ML,ML,0.48,,False,2026-08-15T23:42:04
151,mistral:7b,V1,abstract,ML,ML,ML,0.71,,False,2026-08-15T23:42:05
152,mistral:7b,V1,abstract,ML,ML,ML,0.61,,False,2026-08-15T23:42:05
153,mistral:7b,V1,abstract,Unclear,ML,ML,0.4,,False,2026-08-15T23:42:06
154,mistral:7b,V1,abstract,Unclear,ML,ML,0.39,,False,2026-08-15T23:42:06
155,mistral:7b,V1,abstract,AI,ML,ML,0.5,,False,2026-08-15T23:42:06
156,mistral:7b,V1,missing,nan,NO_INPUT,,0.0,no abstract available,False,2026-08-15T23:42:06
157,mistral:7b,V1,abstract,AI,ML,ML,0.51,,False,2026-08-15T23:42:07
158,mistral:7b,V1,abstract,Unclear,ML,ML,0.62,,False,2026-08-15T23:42:08
159,mistral:7b,V1,abstract,Unclear,ML,ML,0.5,,False,2026-08-15T23:42:08
160,mistral:7b,V1,abstract,ML,DL,DL,0.5,,False,2026-08-15T23:42:09
161,mistral:7b,V1,abstract,Unclear,DL,DL,0.39,,False,2026-08-15T23:42:09
162,mistral:7b,V1,abstract,Unclear,DL,DL,0.51,,False,2026-08-15T23:42:10
163,mistral:7b,V1,abstract,ML,ML,ML,0.39,,False,2026-08-15T23:42:10
164,mistral:7b,V1,abstract,DL,DL,DL,0.32,,False,2026-08-15T23:42:10
165,mistral:7b,V1,abstract,ML,ML,ML,0.44,,False,2026-08-15T23:42:11
166,mistral:7b,V1,abstract,ML,ML,ML,0.65,,False,2026-08-15T23:42:11
167,mistral:7b,V1,abstract,AI,ML,ML,0.43,,False,2026-08-15T23:42:12
168,mistral:7b,V1,abstract,ML,ML,ML,0.55,,False,2026-08-15T23:42:12
169,mistral:7b,V1,abstract,AI,ML,ML,0.43,,False,2026-08-15T23:42:13
170,mistral:7b,V1,abstract,Unclear,ML,ML,0.51,,False,2026-08-15T23:42:13
171,mistral:7b,V1,abstract,nan,ML,ML,0.63,,False,2026-08-15T23:42:14
172,mistral:7b,V1,abstract,ML,ML,ML,0.69,,False,2026-08-15T23:42:15
173,mistral:7b,V1,abstract,Unclear,ML,ML,0.65,,False,2026-08-15T23:42:15
174,mistral:7b,V1,abstract,ML,ML,ML,1.28,,False,2026-08-15T23:42:17
175,mistral:7b,V1,abstract,ML,DL,DL,0.49,,False,2026-08-15T23:42:17
176,mistral:7b,V1,abstract,ML,ML,ML,0.5,,False,2026-08-15T23:42:18
177,mistral:7b,V1,abstract,ML,ML,ML,0.77,,False,2026-08-15T23:42:18
178,mistral:7b,V1,abstract,ML,ML,ML,0.67,,False,2026-08-15T23:42:19
179,mistral:7b,V1,abstract,nan,DL,DL,0.5,,False,2026-08-15T23:42:19
180,mistral:7b,V1,abstract,nan,DL,DL,0.66,,False,2026-08-15T23:42:20
181,mistral:7b,V1,abstract,DL,DL,DL,0.53,,False,2026-08-15T23:42:21
182,mistral:7b,V1,abstract,Unclear,ML,ML,0.37,,False,2026-08-15T23:42:21
183,mistral:7b,V1,abstract,ML,ML,ML,0.2,,False,2026-08-15T23:42:21
184,mistral:7b,V1,abstract,DL,ML,ML,0.33,,False,2026-08-15T23:42:22
185,mistral:7b,V1,abstract,Unclear,ML,ML,0.57,,False,2026-08-15T23:42:22
186,mistral:7b,V1,abstract,DL,DL,DL,0.61,,False,2026-08-15T23:42:23
187,mistral:7b,V1,abstract,nan,Unclear,Unclear,0.89,,False,2026-08-15T23:42:24
188,mistral:7b,V1,abstract,ML,DL,DL,0.46,,False,2026-08-15T23:42:24
189,mistral:7b,V1,abstract,AI,ML,ML,0.66,,False,2026-08-15T23:42:25
190,mistral:7b,V1,abstract,ML,ML,ML,0.56,,False,2026-08-15T23:42:25
191,mistral:7b,V1,abstract,Unclear,DL,DL,0.87,,False,2026-08-15T23:42:26
192,mistral:7b,V1,abstract,DL,DL,DL,0.47,,False,2026-08-15T23:42:27
193,mistral:7b,V1,abstract,AI,DL,DL,0.42,,False,2026-08-15T23:42:27
194,mistral:7b,V1,abstract,ML,DL,DL,0.49,,False,2026-08-15T23:42:28
195,mistral:7b,V1,abstract,Unclear,ML,ML,0.62,,False,2026-08-15T23:42:28
196,mistral:7b,V1,abstract,ML,DL,DL,0.66,,False,2026-08-15T23:42:29
197,mistral:7b,V1,abstract,nan,ML,ML,0.7,,False,2026-08-15T23:42:30
198,mistral:7b,V1,abstract,nan,ML,ML,0.69,,False,2026-08-15T23:42:30
199,mistral:7b,V1,abstract,Unclear,ML,ML,0.55,,False,2026-08-15T23:42:31
200,mistral:7b,V1,abstract,Unclear,ML,ML,0.54,,False,2026-08-15T23:42:31
201,mistral:7b,V1,missing,nan,NO_INPUT,,0.0,no abstract available,False,2026-08-15T23:42:31
202,mistral:7b,V1,abstract,Unclear,ML,ML,0.52,,False,2026-08-15T23:42:32
203,mistral:7b,V1,abstract,ML,ML,ML,0.64,,False,2026-08-15T23:42:33
204,mistral:7b,V1,abstract,Unclear,ML,ML,0.85,,False,2026-08-15T23:42:33
205,mistral:7b,V1,abstract,ML,ML,ML,0.45,,False,2026-08-15T23:42:34
206,mistral:7b,V1,abstract,Unclear,DL,DL,0.48,,False,2026-08-15T23:42:34
207,mistral:7b,V1,abstract,Unclear,ML,ML,0.65,,False,2026-08-15T23:42:35
208,mistral:7b,V1,abstract,Unclear,ML,ML,0.55,,False,2026-08-15T23:42:36
209,mistral:7b,V1,abstract,Unclear,ML,ML,0.62,,False,2026-08-15T23:42:36
210,mistral:7b,V1,abstract,Unclear,ML,ML,0.63,,False,2026-08-15T23:42:37
211,mistral:7b,V1,abstract,DL,ML,ML,0.43,,False,2026-08-15T23:42:37
212,mistral:7b,V1,abstract,Unclear,ML,ML,0.62,,False,2026-08-15T23:42:38
213,mistral:7b,V1,abstract,ML,ML,ML,0.32,,False,2026-08-15T23:42:38
214,mistral:7b,V1,abstract,Unclear,ML,ML,0.81,,False,2026-08-15T23:42:39
215,mistral:7b,V1,abstract,Unclear,DL,DL,0.47,,False,2026-08-15T23:42:39
216,mistral:7b,V1,abstract,Unclear,ML,ML,0.48,,False,2026-08-15T23:42:40
217,mistral:7b,V1,abstract,Unclear,ML,ML,0.63,,False,2026-08-15T23:42:41
218,mistral:7b,V1,abstract,Unclear,DL,DL,0.55,,False,2026-08-15T23:42:41
219,mistral:7b,V1,abstract,Unclear,DL,DL,0.49,,False,2026-08-15T23:42:42
220,mistral:7b,V1,abstract,Unclear,ML,ML,0.54,,False,2026-08-15T23:42:42
221,mistral:7b,V1,abstract,AI,DL,DL (Deep Learning),0.6,,False,2026-08-15T23:42:43
222,mistral:7b,V1,abstract,Unclear,ML,ML,0.66,,False,2026-08-15T23:42:43
223,mistral:7b,V1,abstract,Unclear,ML,ML,0.71,,False,2026-08-15T23:42:44
224,mistral:7b,V1,abstract,Unclear,ML,ML,0.52,,False,2026-08-15T23:42:45
225,mistral:7b,V1,abstract,Unclear,DL,DL,0.39,,False,2026-08-15T23:42:45
226,mistral:7b,V1,abstract,ML,ML,ML,0.47,,False,2026-08-15T23:42:46
227,mistral:7b,V1,abstract,AI,ML,ML,0.55,,False,2026-08-15T23:42:46
228,mistral:7b,V1,abstract,AI,ML,ML,0.65,,False,2026-08-15T23:42:47
229,mistral:7b,V1,abstract,AI,DL,DL,0.67,,False,2026-08-15T23:42:47
230,mistral:7b,V1,abstract,Unclear,ML,ML,0.81,,False,2026-08-15T23:42:48
231,mistral:7b,V1,abstract,Unclear,DL,DL,0.56,,False,2026-08-15T23:42:49
232,mistral:7b,V1,abstract,nan,ML,ML,0.46,,False,2026-08-15T23:42:49
233,mistral:7b,V1,abstract,Unclear,ML,ML,0.58,,False,2026-08-15T23:42:50
234,mistral:7b,V1,abstract,ML,ML,ML,0.52,,False,2026-08-15T23:42:50
235,mistral:7b,V1,abstract,ML,ML,ML,0.65,,False,2026-08-15T23:42:51
236,mistral:7b,V1,abstract,DL,DL,DL,0.55,,False,2026-08-15T23:42:52
237,mistral:7b,V1,abstract,AI,ML,ML,0.53,,False,2026-08-15T23:42:52
238,mistral:7b,V1,abstract,AI,ML,ML,0.4,,False,2026-08-15T23:42:52
239,mistral:7b,V1,abstract,Unclear,ML,ML,0.47,,False,2026-08-15T23:42:53
240,mistral:7b,V1,abstract,Unclear,ML,ML,0.85,,False,2026-08-15T23:42:54
241,mistral:7b,V1,abstract,Unclear,ML,ML,0.46,,False,2026-08-15T23:42:54
242,mistral:7b,V1,abstract,Unclear,AI,AI,0.39,,False,2026-08-15T23:42:55
243,mistral:7b,V1,abstract,ML,DL,DL,0.83,,False,2026-08-15T23:42:55
244,mistral:7b,V1,abstract,AI,ML,ML,0.77,,False,2026-08-15T23:42:56
245,mistral:7b,V1,abstract,Unclear,ML,ML,0.45,,False,2026-08-15T23:42:57
246,mistral:7b,V1,abstract,ML,ML,ML,0.62,,False,2026-08-15T23:42:57
247,mistral:7b,V1,abstract,AI,AI,AI,0.48,,False,2026-08-15T23:42:58
248,mistral:7b,V1,abstract,ML,ML,ML,0.34,,False,2026-08-15T23:42:58
249,mistral:7b,V1,abstract,AI,ML,ML,0.66,,False,2026-08-15T23:42:59
250,mistral:7b,V1,abstract,Unclear,DL,DL,0.78,,False,2026-08-15T23:43:00
251,mistral:7b,V1,abstract,AI,ML,ML,0.45,,False,2026-08-15T23:43:00
252,mistral:7b,V1,abstract,ML,ML,ML,0.51,,False,2026-08-15T23:43:01
253,mistral:7b,V1,abstract,Unclear,ML,ML,0.48,,False,2026-08-15T23:43:01
254,mistral:7b,V1,abstract,Unclear,ML,ML,0.78,,False,2026-08-15T23:43:02
255,mistral:7b,V1,abstract,ML,ML,ML,0.8,,False,2026-08-15T23:43:03
256,mistral:7b,V1,abstract,Unclear,DL,DL,0.55,,False,2026-08-15T23:43:03
257,mistral:7b,V1,abstract,ML,ML,ML,0.63,,False,2026-08-15T23:43:04
258,mistral:7b,V1,abstract,Unclear,ML,ML,0.59,,False,2026-08-15T23:43:04
259,mistral:7b,V1,abstract,Unclear,ML,ML,0.51,,False,2026-08-15T23:43:05
260,mistral:7b,V1,abstract,Unclear,ML,ML,0.57,,False,2026-08-15T23:43:05
261,mistral:7b,V1,abstract,Unclear,ML,ML,0.85,,False,2026-08-15T23:43:06
262,mistral:7b,V1,abstract,Unclear,DL,DL,0.74,,False,2026-08-15T23:43:07
263,mistral:7b,V1,abstract,ML,ML,ML,0.3,,False,2026-08-15T23:43:07
264,mistral:7b,V1,abstract,Unclear,ML,ML,0.64,,False,2026-08-15T23:43:08
265,mistral:7b,V1,abstract,Unclear,ML,ML,0.41,,False,2026-08-15T23:43:08
266,mistral:7b,V1,abstract,Unclear,ML,ML,0.63,,False,2026-08-15T23:43:09
267,mistral:7b,V1,abstract,Unclear,DL,DL,0.57,,False,2026-08-15T23:43:10
268,mistral:7b,V1,abstract,ML,ML,ML,0.68,,False,2026-08-15T23:43:10
269,mistral:7b,V1,abstract,AI,ML,ML,0.62,,False,2026-08-15T23:43:11
270,mistral:7b,V1,abstract,Unclear,ML,ML,0.78,,False,2026-08-15T23:43:12
271,mistral:7b,V1,abstract,AI,ML,ML,0.49,,False,2026-08-15T23:43:12
272,mistral:7b,V1,abstract,ML,ML,ML,0.47,,False,2026-08-15T23:43:13
273,mistral:7b,V1,abstract,AI,DL,DL,0.54,,False,2026-08-15T23:43:13
274,mistral:7b,V1,abstract,ML,ML,ML,0.54,,False,2026-08-15T23:43:14
275,mistral:7b,V1,abstract,ML,DL,DL,0.75,,False,2026-08-15T23:43:15
276,mistral:7b,V1,abstract,AI,ML,ML,0.49,,False,2026-08-15T23:43:15
277,mistral:7b,V1,abstract,ML,ML,ML,0.39,,False,2026-08-15T23:43:15
278,mistral:7b,V1,abstract,Unclear,ML,ML,0.51,,False,2026-08-15T23:43:16
279,mistral:7b,V1,abstract,AI,ML,ML,0.53,,False,2026-08-15T23:43:16
280,mistral:7b,V1,abstract,DL,DL,DL,0.37,,False,2026-08-15T23:43:17
281,mistral:7b,V1,abstract,Unclear,DL,DL,0.66,,False,2026-08-15T23:43:18
282,mistral:7b,V1,abstract,AI,ML,ML,0.62,,False,2026-08-15T23:43:18
283,mistral:7b,V1,abstract,AI,ML,ML,0.46,,False,2026-08-15T23:43:19
284,mistral:7b,V1,abstract,Unclear,DL,DL,0.53,,False,2026-08-15T23:43:19
285,mistral:7b,V1,abstract,AI,ML,ML,0.47,,False,2026-08-15T23:43:20
286,mistral:7b,V1,abstract,ML,ML,ML,0.75,,False,2026-08-15T23:43:20
287,mistral:7b,V1,abstract,Unclear,DL,DL,0.78,,False,2026-08-15T23:43:21
288,mistral:7b,V1,abstract,Unclear,ML,ML,0.43,,False,2026-08-15T23:43:22
289,mistral:7b,V1,abstract,ML,ML,ML,0.31,,False,2026-08-15T23:43:22
290,mistral:7b,V1,abstract,Unclear,ML,ML,0.47,,False,2026-08-15T23:43:22
291,mistral:7b,V1,abstract,Unclear,ML,ML,0.52,,False,2026-08-15T23:43:23
292,mistral:7b,V1,abstract,ML,ML,ML,0.46,,False,2026-08-15T23:43:23
293,mistral:7b,V1,abstract,Unclear,DL,DL,0.39,,False,2026-08-15T23:43:24
294,mistral:7b,V1,abstract,ML,ML,ML,0.43,,False,2026-08-15T23:43:24
295,mistral:7b,V1,abstract,Unclear,AI,AI,0.64,,False,2026-08-15T23:43:25
296,mistral:7b,V1,abstract,AI,ML,ML,0.41,,False,2026-08-15T23:43:25
297,mistral:7b,V1,abstract,ML,ML,ML,0.36,,False,2026-08-15T23:43:26
298,mistral:7b,V1,abstract,Unclear,ML,ML,0.32,,False,2026-08-15T23:43:26
299,mistral:7b,V1,abstract,AI,ML,ML,0.31,,False,2026-08-15T23:43:26
0,mistral:7b,V2.1,abstract,DL,DL,"REASONING: The paper focuses on studying scaling laws for language model performance using power-law relationships with model size, dataset size, and compute used for training. It also discusses the effects of architectural details like network width and depth, and the determination of optimal compute allocation. The primary contribution lies in the empirical analysis of these scaling laws and the determination of optimal training strategies.

CATEGORY: DL (Deep Learning)",4.24,,False,2026-08-15T23:43:30
1,mistral:7b,V2.1,abstract,ML,DL,"REASONING: The paper primarily focuses on the comparison and analysis of classical and quantum neural networks, their response to data corruption, and the introduction of a quantum machine unlearning framework. The primary contribution lies in the comparison and contrast of classical and quantum models' resilience to data corruption and their ability to forget bad influences.

CATEGORY: DL (Deep Learning)",3.44,,False,2026-08-15T23:43:34
2,mistral:7b,V2.1,abstract,DL,DL,"REASONING: The paper describes the training of a deep convolutional neural network (CNN) for image classification, using techniques such as non-saturating neurons, efficient GPU implementation, dropout regularization, and entering the model in a competition. The primary contribution of the paper is the development and training of the specific CNN architecture.

CATEGORY: DL",3.6,,False,2026-08-15T23:43:38
3,mistral:7b,V2.1,abstract,AI,DL,"REASONING: The paper evaluates the performance of four AI chatbots in addressing questions related to adrenal incidentalomas. The primary contribution of the paper lies in comparing the performance of these chatbots in terms of accuracy, quality, hallucination tendency, and readability.

CATEGORY: DL (Deep Learning)

The chatbots used in the study are likely neural network-based models, and the paper's primary contribution is based on the comparison of these models, so it is classified as Deep Learning (DL). Although the paper also involves machine learning (ML) concepts such as Likert scale and standard readability metrics, the core method is a neural network, so the paper is classified as DL even though it is also ML and AI.",7.27,,False,2026-08-15T23:43:45
4,mistral:7b,V2.1,abstract,DL,DL,"REASONING: The paper describes the use of a deep learning-based computer vision system, specifically the YOLO v11x network, for automatic recognition of key anatomical structures during laparoscopic donor nephrectomy. The system uses a sophisticated loss function for optimization and calculates performance metrics such as precision, recall, and F1 score.

CATEGORY: DL",4.27,,False,2026-08-15T23:43:49
5,mistral:7b,V2.1,abstract,ML,ML,"REASONING: The paper primarily focuses on the application of various machine learning models for the classification of cardiotocography (CTG) signals in fetal distress detection. The paper's contribution lies in evaluating the performance of these models, data partitioning strategies, and input feature selection on a publicly available dataset.

CATEGORY: ML",3.66,,False,2026-08-15T23:43:53
6,mistral:7b,V2.1,abstract,Unclear,DL,"REASONING: The paper discusses the integration of digital technologies and AI, with a focus on deep neural networks and Machine Learning (ML) in the context of Forensic Odontology (FO). The primary contribution of the paper lies in the application of these AI techniques to improve human identification.

CATEGORY: DL (Deep Learning)",3.57,,False,2026-08-15T23:43:56
7,mistral:7b,V2.1,abstract,ML,ML,"REASONING: The paper presents a new perspective on the EM algorithm, focusing on its function that resembles negative free energy, and proposes an incremental variant of the EM algorithm. The primary contribution seems to be the incremental variant of the EM algorithm.

CATEGORY: ML",2.83,,False,2026-08-15T23:43:59
8,mistral:7b,V2.1,abstract,Unclear,AI,"REASONING: The paper discusses the concept of intelligence in a broader sense, including biological and machine intelligence. It also mentions the developments in deep learning (DL) AI as an example of machine intelligence. However, the primary contribution of the paper lies in proposing a new view of intelligence, not in the specific techniques of DL.

CATEGORY: AI",3.61,,False,2026-08-15T23:44:03
9,mistral:7b,V2.1,abstract,ML,ML,"REASONING: The paper describes the use of a hybrid Particle Swarm Optimization-Grey Wolf Optimization (PSO-GWO) algorithm for feature selection, the application of SVMSMOTE for addressing class imbalance, the comparison of four ensemble learning algorithms, and the use of CatBoost as the final model. XAI techniques such as SHAP, LIME, Partial Dependence Plot (PDP), and Individual Conditional Expectation (ICE) analyses are performed for model interpretability. A nomogram is developed using logistic regression and a web application is created using Python Dash. The primary contribution of the paper is the development of a high-accuracy prediction model using the CatBoost algorithm and XAI techniques.

CATEGORY: ML",7.81,,False,2026-08-15T23:44:11
10,mistral:7b,V2.1,abstract,Unclear,DL,"REASONING: The paper describes the use of several forecasting algorithms, including Neural Networks (NN), K-Nearest Neighbors (KNN), and XGBoost, for energy prediction tasks. It also introduces a decision tree for identifying unique contexts, and a Multi-Armed Bandit algorithm with reinforcement learning capabilities for selecting the most effective forecasting algorithm. The primary contribution of the paper seems to be the combination of these methods for energy consumption prediction.

CATEGORY: DL (Deep Learning)",5.35,,False,2026-08-15T23:44:16
11,mistral:7b,V2.1,abstract,DL,DL,"REASONING: The paper primarily focuses on the use of a convolutional neural network (CNN) for classifying cancer versus normal tissue and predicting drug response in high-grade serous ovarian cancer. Additionally, it uses machine learning algorithms like Lasso, AdaBoost, Naive Bayes, XGBoost, and Random Forest for feature selection and model building.

CATEGORY: DL (Deep Learning)",4.63,,False,2026-08-15T23:44:21
12,mistral:7b,V2.1,abstract,ML,ML,"REASONING: The paper discusses the use of machine learning algorithms for predicting intraoperative hypotension, with specific mention of electrocardiography, basal systolic, and diastolic blood pressure. The primary contribution of the paper lies in evaluating the clinical performance of these machine learning algorithms.

CATEGORY: ML",3.97,,False,2026-08-15T23:44:25
13,mistral:7b,V2.1,abstract,ML,ML,"REASONING: The paper discusses the problem of selective inference, which involves assessing the strength of potential associations found in a large dataset using sophisticated statistical learning methods such as forward stepwise regression, the lasso, and principal components analysis. The primary contribution of the paper seems to be the application of these statistical learning methods to the problem of selective inference.

CATEGORY: ML",4.14,,False,2026-08-15T23:44:29
14,mistral:7b,V2.1,abstract,Unclear,ML,"REASONING: The paper discusses the application of machine learning, deep learning, and natural language processing in sustainable green finance. The primary contribution of the paper is the synthesis of recent literature on the use of these techniques for credit-risk modeling, portfolio optimization, and ESG evaluation.

CATEGORY: ML (Machine Learning)",3.55,,False,2026-08-15T23:44:32
15,mistral:7b,V2.1,abstract,Unclear,DL,"REASONING: The paper utilizes deep learning models for the analysis of intraoral photographs to detect oral cancer, with DenseNet-121, EfficientNet-B0, and ResNet-50 being the specific models mentioned. The primary contribution of the paper lies in demonstrating the superior performance of DenseNet-121 in oral cancer detection compared to an experienced oral specialist.

CATEGORY: DL",4.62,,False,2026-08-15T23:44:37
16,mistral:7b,V2.1,abstract,ML,ML,"REASONING: The paper utilizes a machine learning model (LightGBM) for predicting contraceptive continuation among women in West Africa, and employs SHAP analysis to identify influential features. The primary contribution of the paper lies in the application of the machine learning model and SHAP analysis to address a specific problem in the field of public health.

CATEGORY: ML",4.61,,False,2026-08-15T23:44:41
17,mistral:7b,V2.1,abstract,Unclear,ML,"REASONING: The paper discusses the application of various machine learning and deep learning models, such as artificial neural networks, support vector machines, random forests, convolutional neural networks, and deep learning models, in bioanalytical methodologies. The primary contribution of the paper lies in the evaluation of AI-assisted bioanalytical workflows, with a focus on LC–MS/MS applications, intelligent sample preparation, signal processing, chromatographic optimization, and process analytical technology (PAT).

CATEGORY: ML",6.16,,False,2026-08-15T23:44:48
18,mistral:7b,V2.1,abstract,Unclear,DL,"REASONING: The paper discusses the use of artificial intelligence (AI), particularly deep learning and machine learning, for integrating multi-omics data in cancer diagnosis and prognosis. It also highlights specific AI methodologies like graph neural networks, transformers, and explainable AI (XAI).

CATEGORY: DL (Deep Learning)",4.11,,False,2026-08-15T23:44:52
19,mistral:7b,V2.1,abstract,AI,DL,"REASONING: The paper discusses the application of AI methods, specifically machine learning, deep learning, reinforcement learning, and generative models, in the development and optimization of theranostic nanoparticles for cancer treatment. The primary contribution of the paper lies in the analysis of AI applications in this specific context.

CATEGORY: DL (Deep Learning)",4.31,,False,2026-08-15T23:44:56
20,mistral:7b,V2.1,abstract,ML,ML,"REASONING: The paper presents a new technique called ""t-SNE"" for visualizing high-dimensional data by reducing it to a two or three-dimensional map. The technique is a variation of Stochastic Neighbor Embedding and is compared with other non-parametric visualization techniques. The primary contribution of the paper is the introduction of the t-SNE technique.

CATEGORY: ML (Classical Machine Learning)",4.83,,False,2026-08-15T23:45:01
21,mistral:7b,V2.1,abstract,DL,DL,"REASONING: The paper presents a novel method for detecting and mitigating ransomware cyber threats using a Two-Tier Metaheuristic Algorithm for Cyberattack Defense Analysis (TTMCDA) based on Explainable Artificial Intelligence (XAI) and Bayesian Deep Learning (BDL). The method uses Z-score normalization for data preprocessing, ISCSO for feature selection, BNN for classification, WOA for hyperparameter optimization, and SHAP for explainability.

CATEGORY: DL (Deep Learning)

The primary contribution of the paper is the development of the TTMCDA-XAIBDL method, which employs a Bayesian neural network (BNN), a type of deep neural network, for classification. Although the paper also uses machine learning techniques like ISCSO for feature selection and WOA for hyperparameter optimization, the core method is a neural network, so it is classified as DL.",10.13,,False,2026-08-15T23:45:11
22,mistral:7b,V2.1,abstract,AI,ML,"REASONING: The paper discusses the use of machine learning techniques for conducting regression analyses and exploring value heterogeneity in cost-utility analyses of AI-PM.

CATEGORY: ML",2.7,,False,2026-08-15T23:45:14
23,mistral:7b,V2.1,abstract,DL,DL,"REASONING: The paper describes the use of deep learning (3D nnU-Net) for ACL segmentation, extraction of radiomics features, and the construction of a diagnosis model using SVM, RF, and SGD. The primary contribution of the paper is the development of an AI system for ACL tear diagnosis using deep learning and radiomics.

CATEGORY: DL",4.27,,False,2026-08-15T23:45:18
24,mistral:7b,V2.1,abstract,ML,ML,"REASONING: The paper primarily focuses on the implementation and comparison of various machine learning models for predicting food addiction among university students, using a combination of demographic, anthropometric, and personality data. The SHAP method is used for feature analysis and model interpretation.

CATEGORY: ML",3.61,,False,2026-08-15T23:45:22
25,mistral:7b,V2.1,abstract,Unclear,DL,"REASONING: The paper presents a hybrid AI model that integrates optimization algorithms (PSO and COO), deep learning (GRU), and fuzzy inference system (ANFIS) for predicting groundwater levels. The primary contribution of the paper is the development of the PSO-COO-GRU-ANFIS model, which makes it a Deep Learning (DL) approach.

CATEGORY: DL",4.85,,False,2026-08-15T23:45:26
26,mistral:7b,V2.1,abstract,AI,ML,"REASONING: The paper discusses the application of Explainable AI (XAI) methods in sports science, specifically focusing on SHapley Additive Explanations, Gradient-weighted Class Activation Mapping, Individual Conditional Expectation Plots, and other visual and rule-based explanation methods. The primary contribution of the paper is the systematic examination of how XAI and interpretable ML techniques have been applied in sports science.

CATEGORY: ML (Machine Learning)",5.18,,False,2026-08-15T23:45:32
27,mistral:7b,V2.1,abstract,ML,ML,"REASONING: The paper describes the use of multiple machine learning models (extreme gradient boosting, multilayer perceptron, and logistic regression) to predict functional outcome after acute ischemic stroke. The primary contribution of the paper is the comparison of these machine learning models and the identification of key drivers of performance using explainable artificial intelligence.

CATEGORY: ML",4.33,,False,2026-08-15T23:45:36
28,mistral:7b,V2.1,abstract,Unclear,ML,"REASONING: The paper describes the use of several machine learning algorithms (SVM, GBR, ANN, CatBoost, XGBoost, and RF) to develop a mathematical predictive model for rainfall isotopic values. The primary contribution of the paper is the development and comparison of these machine learning models.

CATEGORY: ML",4.07,,False,2026-08-15T23:45:40
29,mistral:7b,V2.1,abstract,ML,ML,"REASONING: The paper describes the application of machine learning algorithms, specifically random forest, gradient boosting, and extreme gradient boosting, to predict cognitive outcomes after traumatic brain injury. The primary contribution of the paper is the development of these predictive models.

CATEGORY: ML",3.3,,False,2026-08-15T23:45:43
30,mistral:7b,V2.1,abstract,AI,DL,"REASONING: The paper discusses the use of artificial intelligence (AI) in transforming phytochemical-based drug discovery, with a focus on machine learning and deep learning approaches for metabolite identification, virtual screening, target prediction, and toxicity assessment. The primary contribution of the paper lies in the application of AI techniques to accelerate the development of next-generation cancer therapies.

CATEGORY: DL (Deep Learning)",4.67,,False,2026-08-15T23:45:48
31,mistral:7b,V2.1,abstract,Unclear,DL,"REASONING: The paper describes the development and benchmarking of a novel ensemble of hybrid models, including both machine learning (ML) and deep learning (DL) models, for forecasting nocturnal Surface Urban Heat Island (SUHI) in Tehran. The primary contribution lies in the creation of a hybrid AI architecture that integrates spatial and temporal learning, with the optimal model being a combination of U-Net and Long Short-Term Memory (LSTM) networks.

CATEGORY: DL",5.76,,False,2026-08-15T23:45:54
32,mistral:7b,V2.1,abstract,Unclear,DL,"REASONING: The paper discusses the application of artificial intelligence (AI) and machine learning (ML) in the field of Non-small cell lung cancer (NSCLC), focusing on deep learning and ensemble methods for imaging, genomics, and multimodal integration.

CATEGORY: DL",3.39,,False,2026-08-15T23:45:57
33,mistral:7b,V2.1,abstract,Unclear,ML,"REASONING: The paper discusses the role of AI and ML in drug repurposing for HBV, focusing on strategies such as supervised learning, deep neural networks, natural language processing, and reinforcement learning. The primary contribution of the paper lies in the application of these ML techniques to predict interventions between drugs and their targets, and to identify repurposed candidates for HBV treatment.

CATEGORY: ML",4.65,,False,2026-08-15T23:46:02
34,mistral:7b,V2.1,abstract,DL,DL,"REASONING: The paper primarily focuses on the development and implementation of a deep learning approach for kidney cancer analysis, utilizing Convolutional Neural Networks (CNNs), Gaussian filter (GF) for image pre-processing, and fusion of feature extraction models like VGG16, MobileNetV1, and EfficientNetB5. It also employs an attention mechanism-based CNN and bi-directional long short-term memory (CNN-BiLSTM-AM) classifier.

CATEGORY: DL",6.0,,False,2026-08-15T23:46:08
35,mistral:7b,V2.1,abstract,ML,ML,"REASONING: The paper employs supervised machine learning classifiers for the automated detection of Adverse Drug Reactions (ADRs) from text data, specifically from tweets and drug reviews. The primary contribution of the paper lies in the application of these machine learning classifiers.

CATEGORY: ML",3.55,,False,2026-08-15T23:46:11
36,mistral:7b,V2.1,abstract,DL,DL,"REASONING: The paper proposes an AI-based intrusion detection and secure communication technique for 6G IoT networks. It uses min-max normalization, an improved sparrow search algorithm for feature selection, a long short-term memory (MIX_LSTM) model for classification, and the rabbit optimization algorithm for hyperparameter selection. The primary contribution of the paper lies in the proposed AIBID-SCSA technique, which is a combination of these methods.

CATEGORY: DL",5.43,,False,2026-08-15T23:46:17
37,mistral:7b,V2.1,abstract,Unclear,ML,"REASONING: The paper describes the use of two different methods for automating and standardizing the interpretation of urodynamic studies: CNN-VGG16 deep learning and wavelet-based machine learning (ML). While the deep learning approach is mentioned first, the paper's primary contribution seems to be the wavelet-based ML method, which provides detailed contraction descriptors, improves accuracy, and supports robust CMG event recognition.

CATEGORY: ML",5.3,,False,2026-08-15T23:46:22
38,mistral:7b,V2.1,abstract,DL,DL,"REASONING: The paper describes the use of a sparse convolutional neural network for predicting key amino acid mutations to enhance the thermostability of microbial transglutaminase, and molecular dynamics simulations to investigate the molecular basis of this enhanced stability. The primary contribution of the paper lies in the development and application of the sparse convolutional neural network.

CATEGORY: DL",4.64,,False,2026-08-15T23:46:27
39,mistral:7b,V2.1,abstract,Unclear,DL,"REASONING: The paper discusses the application of various artificial intelligence techniques, including Convolutional Neural Networks (CNNs), Random Forest, Support Vector Machine (SVM), and Extreme Gradient Boosting, in the assessment, monitoring, and management of skin injuries. The primary contribution of the paper lies in the application of these AI techniques.

CATEGORY: DL (Deep Learning)",4.6,,False,2026-08-15T23:46:31
40,mistral:7b,V2.1,abstract,ML,ML,"REASONING: The paper presents a novel machine learning framework that integrates artificial neural networks (ANNs) with explainable artificial intelligence (XAI) for accurate and interpretable device modeling of WBG semiconductors. The ANN is trained on TCAD-generated datasets, and SHAP is employed to quantify the influence of each design parameter on electrical characteristics.

CATEGORY: ML",4.49,,False,2026-08-15T23:46:36
41,mistral:7b,V2.1,abstract,ML,ML,"REASONING: The paper describes the use of machine learning algorithms (random forest, support vector regression, and K-nearest neighbors) for predicting yarn properties based on cotton fiber properties. The paper also employs Shapley additive explanations (SHAP), an explainable artificial intelligence (XAI) technique, to provide interpretability to the models’ predictions.

CATEGORY: ML",4.53,,False,2026-08-15T23:46:40
42,mistral:7b,V2.1,abstract,ML,ML,"REASONING: The paper describes the development and evaluation of machine learning models, specifically a Neural Network (MLP) model, for oral cancer diagnosis. The primary contribution of the paper lies in the creation and testing of these machine learning models.

CATEGORY: ML",3.4,,False,2026-08-15T23:46:44
43,mistral:7b,V2.1,abstract,Unclear,DL,"REASONING: The paper discusses the use of artificial intelligence (AI) and machine learning (ML) for predicting knee osteoarthritis progression. The primary contribution of the paper is the bibliometric analysis of AI-based knee OA progression prediction research from 2010 to November 2025, focusing on methodological trends, international collaboration, and evolving research hotspots. The paper uses various AI techniques, but the primary focus is on deep learning, particularly convolutional neural networks (CNNs).

CATEGORY: DL",6.54,,False,2026-08-15T23:46:50
44,mistral:7b,V2.1,abstract,ML,ML,"REASONING: The paper employs machine learning regression techniques, metaheuristic algorithms, SHAP and CAM sensitivity analyses, and integrates optimization algorithms with advanced models for global energy forecasting. The primary contribution of the paper lies in the development and application of this analytical framework for global energy forecasting.

CATEGORY: ML",3.98,,False,2026-08-15T23:46:54
45,mistral:7b,V2.1,abstract,DL,DL,"REASONING: The paper presents an artificial intelligence-based diagnostic approach that combines an improved Exponential Triangular Optimization algorithm (IETO) with a Convolutional Neural Network (CNN) model for computer numerical control (CNC) machine tool bearing fault diagnosis. The primary contribution lies in the development of a more efficient IETO algorithm and a joint hyperparameter optimization plan for the CNN model.

CATEGORY: DL (Deep Learning)",5.0,,False,2026-08-15T23:46:59
46,mistral:7b,V2.1,abstract,ML,ML,"REASONING: The paper describes the use of machine learning algorithms (ExtraTrees, XGBoost, LightGBM) for predicting early recurrence of hepatocellular carcinoma. The primary contribution of the paper is the development and validation of these machine learning models.

CATEGORY: ML",3.88,,False,2026-08-15T23:47:03
47,mistral:7b,V2.1,abstract,AI,ML,"REASONING: The paper discusses the application of AI in education, specifically in discussion forums, and identifies various AI-based tools such as intelligent tutoring systems, chatbots, and AI teaching assistants. The primary contribution of the paper is the analysis of the role of AI in learning, focusing on three types of man-machine partnerships and the interplay between technology, pedagogy, and the learning environment.

CATEGORY: ML (Machine Learning)",5.64,,False,2026-08-15T23:47:09
48,mistral:7b,V2.1,abstract,ML,ML,"REASONING: The paper describes the development of a machine learning-assisted biosensing platform for prostate cancer screening, which utilizes iron-doped carbon quantum dots (Fe0.45-CDs) and sarcosine oxidase (SOX) for the detection of sarcosine. The Fe0.45-CDs are synthesized via a microwave-assisted strategy and possess unique structural and optical advantages, including abundant surface functional groups, strong blue fluorescence, and robust peroxidase-like catalytic activity. The proposed platform integrates colorimetric and ratiometric fluorescent readouts, and machine learning algorithms, particularly the k-nearest neighbors (KNN) model, are used for analyzing RGB features extracted from smartphone-captured images to achieve optimal prediction accuracy toward Sar concentration.

CATEGORY: ML",9.6,,False,2026-08-15T23:47:18
49,mistral:7b,V2.1,abstract,ML,ML,"REASONING: The paper proposes a data-driven predictive model for estimating mean pulmonary artery pressure (mPAP) based on individual patient clinical diagnostic features, and it incorporates CMR-related features into the disease evaluation framework. The primary contribution of the paper seems to be the development of this predictive model.

CATEGORY: ML",4.02,,False,2026-08-15T23:47:22
50,mistral:7b,V2.1,abstract,ML,ML,"REASONING: The paper introduces a formal reduction between two machine learning algorithms, the Elastic Net (and Lasso as a special case) to the Support Vector Machine. It presents a parallel solver for the Elastic Net (and Lasso) that utilizes GPU and multi-core CPUs, and evaluates the algorithm on twelve real-world data sets. The primary contribution of the paper is the development of a parallel solver for the Elastic Net and Lasso.

CATEGORY: ML",5.24,,False,2026-08-15T23:47:28
51,mistral:7b,V2.1,abstract,Unclear,DL,"REASONING: The paper focuses on the application of AI models, specifically machine learning and deep learning, for predicting hematoma expansion in patients with intracerebral hemorrhage. The primary contribution of the paper is the analysis of the predictive capabilities of these AI models, with a focus on deep learning.

CATEGORY: DL",4.19,,False,2026-08-15T23:47:32
52,mistral:7b,V2.1,abstract,DL,DL,"REASONING: The paper describes a machine learning model based on a multilayer artificial neural network, which is the primary technical method used for forecasting COVID-19 cases, deaths, and the case fatality ratio. The model uses various forms of land use and population density as input data.

CATEGORY: DL",4.07,,False,2026-08-15T23:47:36
53,mistral:7b,V2.1,abstract,Unclear,DL,"REASONING: The paper discusses the use of various AI and ML techniques, such as Deep Learning, Natural Language Processing, Radiomics, and multi-omics analysis, in the field of oncology. The primary contribution of the paper seems to be the discussion of the application of Deep Learning in medical image diagnosis and genomic data analysis.

CATEGORY: DL",4.36,,False,2026-08-15T23:47:40
54,mistral:7b,V2.1,abstract,DL,DL,"REASONING: The paper presents a large-scale, data-driven, concentric deep learning model for forecasting financial risks. It uses historical financial data and optimizes financial allocations based on the identified most important risk factors. The model continues to improve its predictions by uncovering subtle and complex patterns.

CATEGORY: DL",3.67,,False,2026-08-15T23:47:44
55,mistral:7b,V2.1,abstract,Unclear,DL,"REASONING: The paper discusses the integration of artificial intelligence (AI) and machine learning (ML) with multi-omics technologies to improve the predictive accuracy of risk stratification models in plasma cell disorders. The primary contribution of the paper lies in the application of AI and ML to multi-omics data for identifying novel biomarkers and predicting disease outcomes.

CATEGORY: DL (Deep Learning)

The paper mentions the potential of AI-based approaches, which implies the use of neural networks, making it a deep learning application, even though it also involves classical machine learning and AI. Since the primary contribution is related to the application of deep learning, it is classified as DL.",7.35,,False,2026-08-15T23:47:51
56,mistral:7b,V2.1,abstract,ML,ML,"REASONING: The paper proposes a multi-level feature Dempster–Shafer joint (MLDSJ) attribution method for Advanced Persistent Threat (APT) groups based on threat intelligence. It extracts multi-level features such as attack patterns, textual information, and graph topology from CTI reports, classifies these features using simple machine learning models, and integrates them using Dempster–Shafer (DS) evidence theory.

CATEGORY: ML",5.38,,False,2026-08-15T23:47:57
57,mistral:7b,V2.1,abstract,ML,ML,"REASONING: The paper discusses the use of supervised machine learning models for pneumonia discrimination and optimal therapeutic dosing determination, as well as ML-CDSS for potential integration into clinical practice. The primary contribution of the paper lies in the application of these machine learning techniques for the diagnosis and treatment of MRSA pneumonia.

CATEGORY: ML",4.21,,False,2026-08-15T23:48:01
58,mistral:7b,V2.1,abstract,AI,ML,"REASONING: The paper discusses the use of AI models for food formulation, recipe generation, ingredient selection, formulation optimization, and quality- and safety-driven food product development. It also mentions the need for standardized food formulation datasets, explainable models, external validation, and integration with expert sensory, analytical, and industrial-scale testing. The primary contribution of the paper seems to be the application of AI models to food formulation.

CATEGORY: ML (Machine Learning)",5.53,,False,2026-08-15T23:48:06
59,mistral:7b,V2.1,abstract,ML,ML,"REASONING: The paper employs machine learning models, specifically CatBoost, for predicting concrete compressive strength. The primary contribution of the paper is the application of the Arithmetic Optimization Algorithm (AOA) optimization for the best predictive performance of ensemble ML models.

CATEGORY: ML",3.74,,False,2026-08-15T23:48:10
60,mistral:7b,V2.1,abstract,DL,DL,"REASONING: The paper introduces a quantum-inspired deep learning framework for EEG-based neurological analysis, which combines quantum-inspired feature encoding with a deep-learning architecture that includes temporal convolutional and attention-based recurrent modelling. The framework also includes a multi-level explainability module. The primary contribution of the paper is the development of the QuantumNeuroXAI framework, which makes it a deep learning (DL) approach.

CATEGORY: DL",5.76,,False,2026-08-15T23:48:16
61,mistral:7b,V2.1,abstract,AI,ML,"REASONING: The paper discusses the application of AI, specifically machine intelligence, in abdominal oncology, focusing on computer-aided detection (CAD) and diagnosis (CADx), radiomics, and their roles in tumor identification, characterization, and personalized therapy.

CATEGORY: ML",3.83,,False,2026-08-15T23:48:20
62,mistral:7b,V2.1,abstract,ML,ML,"REASONING: The paper describes the use of six supervised machine-learning algorithms to predict postoperative hearing outcomes following tympanoplasty. The Random Forest classifier is identified as achieving the highest predictive accuracy.

CATEGORY: ML",2.95,,False,2026-08-15T23:48:23
63,mistral:7b,V2.1,abstract,ML,ML,"REASONING: The paper focuses on employing machine learning techniques for credit card fraud detection, specifically comparing the performance of four supervised learning algorithms (Logistic Regression, Random Forest, XGBoost, and LightGBM). It also uses the SHAP framework for feature importance and interpretability. The primary contribution of the paper lies in the comparison and evaluation of these algorithms for their predictive performance and explainability.

CATEGORY: ML",4.71,,False,2026-08-15T23:48:28
64,mistral:7b,V2.1,abstract,Unclear,ML,"REASONING: The paper discusses the application of AI and ML in sports medicine, outlining their use in injury risk assessment, diagnosis, rehabilitation, and clinical decision-making. The primary contribution of the paper is a review of existing studies that apply AI and ML in sports medicine.

CATEGORY: ML",3.7,,False,2026-08-15T23:48:31
65,mistral:7b,V2.1,abstract,nan,DL,"REASONING: The paper discusses the use of three-dimensional NVU organoids, spatial transcriptomics with single-cell resolution, and artificial intelligence technology, with a focus on machine learning and deep learning. The primary contribution of the paper seems to be the application of these AI technologies in the study of NVU dysfunction during Alzheimer's disease progression.

CATEGORY: DL (Deep Learning)",4.52,,False,2026-08-15T23:48:36
66,mistral:7b,V2.1,abstract,DL,DL,"REASONING: The paper describes the use of machine learning models, specifically deep neural networks, to predict functional independence after successful endovascular thrombectomy. The primary contribution of the paper is the development and comparison of machine learning models, with the deep neural network model being the best performer.

CATEGORY: DL",3.84,,False,2026-08-15T23:48:40
67,mistral:7b,V2.1,abstract,Unclear,ML,"REASONING: The paper discusses the use of machine learning, deep learning, optimization algorithms, hybrid algorithms, and other techniques for anemia detection, with a focus on comparing their accuracy and usability. The primary contribution of the paper seems to be the comparison of various AI techniques for anemia diagnosis.

CATEGORY: ML (Classical Machine Learning)",4.16,,False,2026-08-15T23:48:44
68,mistral:7b,V2.1,abstract,ML,DL,"REASONING: The paper proposes a novel explanation technique, LIME, for interpreting the predictions of any classifier, including neural networks and random forests. It focuses on making these predictions interpretable and faithful, and presents a method to explain models by optimizing a submodular problem.

CATEGORY: DL (Deep Learning)

The primary contribution of the paper is to provide an explanation technique that can be applied to various models, including neural networks, which are a part of the deep learning category. Although the paper also mentions random forests, a classical machine learning technique, the focus on interpretability and optimization suggests a deeper connection to the neural network architectures within deep learning.",7.11,,False,2026-08-15T23:48:51
69,mistral:7b,V2.1,abstract,DL,DL,"REASONING: The paper presents a novel fall activity recognition system for disabled persons using a Temporal Convolutional Network (TCN) classifier, which is a deep learning technique. The system involves image pre-processing, feature extraction using NASNetMobile, DenseNet121, and MobileNetV3Large, and fine-tuning using Adamax.

CATEGORY: DL",4.47,,False,2026-08-15T23:48:55
70,mistral:7b,V2.1,abstract,Unclear,ML,"REASONING: The paper discusses the use of artificial intelligence (AI) in personalizing virtual reality exposure therapy (VRET), with specific mentions of conversational AI, machine learning for outcome prediction, and methods to personalize cues and contexts. However, the primary contribution of the paper lies in the systematic review of AI applications for VRET, which includes identifying best practices and suggesting future directions for integration of stakeholder perspectives.

CATEGORY: ML (The paper primarily discusses machine learning applications for outcome prediction, although it also touches upon conversational AI and personalization of VRET, which are subsets of DL and AI respectively)",6.82,,False,2026-08-15T23:49:02
71,mistral:7b,V2.1,abstract,AI,ML,"REASONING: The paper discusses the use of AI in diabetes care, focusing on establishing trust in medical AI, presenting priorities for various stakeholders, and outlining six key attributes for a trustworthy medical AI system. The primary contribution of the paper lies in presenting practical methods to achieve the six attributes of trustworthy medical AI, prioritizing diabetes.

CATEGORY: ML (Classical Machine Learning)

The paper does not explicitly mention deep learning or specific neural network architectures, but it does discuss the use of probabilistic outputs, which can be associated with machine learning techniques. The primary focus is on the practical methods for achieving trustworthy AI, which can be considered a machine learning problem. However, since the paper also discusses general AI approaches and the need for transparency, it could also be classified as AI. Given the primary contribution is the practical methods for achieving trustworthy AI, I have classified it as ML.",9.42,,False,2026-08-15T23:49:12
72,mistral:7b,V2.1,abstract,Unclear,DL,"REASONING: The paper primarily focuses on the application of AI-based algorithms, specifically Convolutional Neural Networks (CNNs) and ensemble models, for dermoscopic image analysis. It also compares these models with classical machine learning approaches.

CATEGORY: DL (Deep Learning)",3.9,,False,2026-08-15T23:49:15
73,mistral:7b,V2.1,abstract,Unclear,ML,"REASONING: The paper discusses the integration of Quantum Computing (QC) and Artificial Intelligence (AI), focusing on the applications and variables associated with this integration, and the main advances in QC applied to AI, which are quantum optimization, Quantum Machine Learning (QML), and post-quantum cryptography. The study also proposes an integrative framework that categorizes key AI QC convergence dimensions and proposes a classification of application areas.

CATEGORY: ML (Quantum Machine Learning is a subset of Machine Learning)",6.1,,False,2026-08-15T23:49:22
74,mistral:7b,V2.1,abstract,DL,DL,"REASONING: The paper proposes a new method, the Refined Deep Evolutionary Learning Framework (R-DELF), which uses an ESM-2 Transformer, dual-attention Graph Neural Networks (GNNs), evolutionary learning maximiser, and an Explainable AI layer to predict viral mutations and assess vaccine suitability. The primary contribution of the paper is the development of this novel framework.

CATEGORY: DL",5.24,,False,2026-08-15T23:49:27
75,mistral:7b,V2.1,abstract,ML,DL,"REASONING: The paper discusses the use of random search for hyper-parameter optimization in the context of neural networks and deep belief networks. It compares the efficiency of random search with grid search and manual search, and provides empirical evidence of the superiority of random search in terms of finding better models within a shorter computation time.

CATEGORY: DL",4.15,,False,2026-08-15T23:49:31
76,mistral:7b,V2.1,abstract,Unclear,ML,"REASONING: The paper discusses the use of Machine Learning/Deep Learning (ML/DL) algorithms for the diagnosis of pancreatic neuroendocrine tumors, comparing their performance to conventional expert interpretation. The primary contribution of the paper lies in the comparison of ML/DL algorithms with conventional methods.

CATEGORY: ML",4.02,,False,2026-08-15T23:49:35
77,mistral:7b,V2.1,abstract,ML,DL,"REASONING: The paper describes the use of Variational Quantum Classifiers (VQCs), a hybrid algorithm that combines classical machine learning with quantum computing techniques, for cross-sector stock price prediction. The primary contribution of the paper is the application of VQCs for modeling nonlinear dependencies more effectively than standard classical classifiers.

CATEGORY: DL (Deep Learning)

The paper's core method is a Variational Quantum Classifier, which is a type of neural network architecture. Although the paper also involves classical machine learning, the primary contribution is in the application of a quantum-inspired neural network, which classifies it as a Deep Learning (DL) paper.",7.23,,False,2026-08-15T23:49:42
78,mistral:7b,V2.1,abstract,ML,ML,"REASONING: The paper employs machine learning techniques, specifically K-means clustering, KNN, SVM, ANN, SHAP, and LIME, to analyze fiscal openness in a global context. The primary contribution of the paper lies in the application of these machine learning tools to determine different regimes of governance.

CATEGORY: ML",4.2,,False,2026-08-15T23:49:46
79,mistral:7b,V2.1,abstract,ML,ML,"REASONING: The paper presents a decision support system for stroke diagnosis using machine learning techniques, specifically a decision tree learning model. The system integrates standard EHR variables with information derived from extracellular vesicles (EVs) in blood plasma.

CATEGORY: ML",3.35,,False,2026-08-15T23:49:50
80,mistral:7b,V2.1,abstract,DL,DL,"REASONING: The paper proposes a new approach for neural machine translation, which involves a single neural network that can be jointly tuned to maximize translation performance. The model is based on encoder-decoder architecture, and the primary contribution is to allow the model to automatically search for relevant parts of a source sentence to predict a target word.

CATEGORY: DL",4.02,,False,2026-08-15T23:49:54
81,mistral:7b,V2.1,abstract,ML,ML,"REASONING: The paper describes the comparison of 14 machine learning (ML) models, with AdaBoost, Multilayer Perceptron (MLP), and XGBoost being the primary focus. The study aims to estimate EQ-5D-5L index scores using ML methods and existing statistical data.

CATEGORY: ML",4.07,,False,2026-08-15T23:49:58
82,mistral:7b,V2.1,abstract,ML,ML,"REASONING: The paper discusses a least squares version for SVM classifiers, which involves solving linear equations instead of quadratic programming for classical SVMs. The primary contribution of the paper is the introduction of a new SVM formulation.

CATEGORY: ML",3.01,,False,2026-08-15T23:50:01
83,mistral:7b,V2.1,abstract,AI,AI,"REASONING: The paper describes an AI-driven platform, BizAssistBot, that uses natural language processing, machine learning, and data analytics to provide immersive learning experiences for business students. The primary contribution of the paper is the creation and application of BizAssistBot in educational settings.

CATEGORY: AI",3.7,,False,2026-08-15T23:50:05
84,mistral:7b,V2.1,abstract,Unclear,DL,"REASONING: The paper describes the use of the finite element method (FEM) for stress analysis of different materials for rib cage reconstruction, and the development of machine learning and deep learning regression models to predict mechanical responses. The primary contribution of the paper lies in the integration of FEM with AI-based regression models.

CATEGORY: DL (Deep Learning)

The neural network is the primary technical method described in the text, and it represents the paper's primary contribution. Although the paper also mentions other machine learning techniques like Linear Regression, Ridge Regression, Support Vector Regression, Decision Trees, and LightGBM, the neural network is the most specific method mentioned and is the focus of the paper's primary contribution. Therefore, the paper falls under the category of Deep Learning.",8.49,,False,2026-08-15T23:50:13
85,mistral:7b,V2.1,abstract,DL,DL,"REASONING: The paper introduces a functional pruning approach that uses geometric deep learning and XAI to identify discriminative sub-networks in fMRI data for distinguishing healthy from affected individuals. The primary contribution lies in the functional pruning method that focuses on collective, rather than individual, co-activation patterns.

CATEGORY: DL (Geometric deep learning is a type of neural network architecture)",4.54,,False,2026-08-15T23:50:18
86,mistral:7b,V2.1,abstract,Unclear,DL,"REASONING: The paper discusses the application of various AI techniques, including machine learning, deep learning, and radiomics, for prostate cancer diagnosis and treatment. The primary contribution of the paper seems to be the use of AI models for improving prostate cancer diagnosis and treatment, with a focus on multi-modal imaging (TRUS, mp-MRI, and PSMA PET/CT).

CATEGORY: DL (Deep Learning)",4.64,,False,2026-08-15T23:50:22
87,mistral:7b,V2.1,abstract,ML,ML,"REASONING: The paper describes a two-stage machine learning pipeline for heart failure screening using logistic regression and XGBoost classifier on ECG data, which is a neural network-based algorithm. However, the primary contribution of the paper is the development and validation of the two-stage AI-ECG workflow, which makes it a machine learning (ML) application.

CATEGORY: ML",4.81,,False,2026-08-15T23:50:27
88,mistral:7b,V2.1,abstract,DL,DL,"REASONING: The paper describes the use of a multilayer perceptron (a type of neural network) for predicting dosage in strabismus surgery, and employs explainable AI techniques to determine feature importance. The primary contribution of the paper lies in the development of the neural network model for predicting dosage in strabismus surgery.

CATEGORY: DL",4.44,,False,2026-08-15T23:50:32
89,mistral:7b,V2.1,abstract,ML,ML,"REASONING: The paper presents a machine learning (ML)-based petrophysical inversion method for reservoir characterization and seismic modeling, which is the primary contribution. It also discusses rock physics modeling, seismic modeling, and seismic inversion techniques, but these are secondary to the ML-based method.

CATEGORY: ML",4.38,,False,2026-08-15T23:50:36
90,mistral:7b,V2.1,abstract,AI,ML,"REASONING: The paper discusses the implementation of Green AI models in finance, focusing on reducing energy consumption and carbon emissions. It presents a systematic literature review and proposes a new approach for implementing Green AI, identifying major gaps and a trade-off between reducing computational costs and maintaining high predictive accuracy. It also presents a taxonomy of Green AI techniques mapped to the machine learning lifecycle. The primary contribution of the paper is the proposed framework that integrates Green AI principles with energy-monitoring tools to guide sustainable AI adoption in finance.

CATEGORY: ML (Machine Learning)",6.25,,False,2026-08-15T23:50:42
91,mistral:7b,V2.1,abstract,ML,DL,"REASONING: The paper describes the development of an AI framework for automatic Coeliac disease detection from standard duodenal endoscopy images. The framework uses deep learning techniques (ConvNeXt-Tiny, ResNet-18, etc.) for image classification, and classical machine learning (RBF SVM) for the final classification step. The primary contribution of the paper is the hybrid framework combining deep learning and classical machine learning.

CATEGORY: DL (Deep Learning)",5.6,,False,2026-08-15T23:50:48
92,mistral:7b,V2.1,abstract,Unclear,ML,"REASONING: The paper presents a dataset of numerical signature descriptors derived from fragment images of beetles, processed with standardized image acquisition and segmentation techniques, and four statistical descriptors are extracted to support AI and machine learning workflows. The primary contribution of the paper is the creation of this dataset for entomological AI research and machine learning-driven insect fragment identification workflows.

CATEGORY: ML",4.64,,False,2026-08-15T23:50:52
93,mistral:7b,V2.1,abstract,Unclear,DL,"REASONING: The paper describes a multimodal AI model that combines clinical data and POCUS images for sarcopenia diagnosis. The model uses various Machine Learning (ML) and Deep Learning (DL) algorithms, with the final model being a multilayer perceptron network classifier and Xception architectures for image feature extraction. The paper also integrates Explainable AI (XAI) methods for transparent interpretation of the model's diagnostic decisions.

CATEGORY: DL",5.93,,False,2026-08-15T23:50:58
94,mistral:7b,V2.1,abstract,Unclear,ML,"REASONING: The paper presents a new framework, TAXAI, for Trust-Aware Explainable Artificial Intelligence (XAI) in clinical decision support systems. It combines algorithmic transparency, interpretability alignment, compliance, and reliability to evaluate trust, fairness, robustness, and reproducibility. The framework is demonstrated using machine-learning and deep-learning models coupled with established XAI methods.

CATEGORY: ML (Machine Learning)",5.21,,False,2026-08-15T23:51:04
95,mistral:7b,V2.1,abstract,AI,AI,"REASONING: The paper discusses various AI applications in child and adolescent psychiatry, including AI scribes, multimodal diagnostic tools, AI-assisted therapeutics, AI-enabled video and eye-tracking approaches, chatbots, and robot companions. However, the primary contribution of the paper is a review of the ethical concerns and limitations of these AI applications in this field.

CATEGORY: AI (general artificial intelligence approaches)",5.08,,False,2026-08-15T23:51:09
96,mistral:7b,V2.1,abstract,ML,ML,"REASONING: The paper focuses on developing a machine learning model for predicting the success of camouflage orthodontic treatment, using four specific machine learning algorithms (Random Forest, CART, Neural Network, and XGBoost). The primary contribution of the paper lies in the development and evaluation of these ML models.

CATEGORY: ML",4.13,,False,2026-08-15T23:51:13
97,mistral:7b,V2.1,abstract,AI,ML,"REASONING: The paper primarily focuses on the application of Machine Learning (ML) algorithms for predicting remission in Cushing’s disease, with specific performance metrics provided for these models.

CATEGORY: ML",2.73,,False,2026-08-15T23:51:16
98,mistral:7b,V2.1,abstract,AI,DL,"REASONING: The paper discusses the application of AI, specifically machine learning and deep learning, in revolutionizing various steps of the echocardiography imaging pipeline. The primary contribution of the paper lies in exploring the integration of AI in image acquisition, optimization, automated view classification, structure segmentation, and diagnosis, as well as clinical decision support systems.

CATEGORY: DL (Deep Learning)",4.48,,False,2026-08-15T23:51:20
99,mistral:7b,V2.1,abstract,Unclear,ML,"REASONING: The paper discusses the use of IoT, machine learning, and artificial intelligence technologies for early detection of cattle diseases. The primary contribution of the paper is the review of AI-based techniques for the detection, classification, prediction, and monitoring of cattle diseases.

CATEGORY: ML",3.51,,False,2026-08-15T23:51:24
100,mistral:7b,V2.1,abstract,AI,DL,"REASONING: The paper discusses the integration of 2D materials into neuromorphic systems, highlighting applications in various fields such as wearable electronics, brain-machine interfaces, and quantum neuromorphic platforms. The primary contribution of the paper lies in the exploration of 2D materials for neuromorphic computing, which is a specific application of deep learning (DL).

CATEGORY: DL",4.58,,False,2026-08-15T23:51:28
101,mistral:7b,V2.1,abstract,AI,AI,"REASONING: The paper discusses the evaluation of dental residents' knowledge and perception regarding AI's application in dentistry, using a questionnaire. The primary contribution of the paper is the evaluation of dental residents' knowledge and perception, not the AI techniques themselves.

CATEGORY: AI",3.6,,False,2026-08-15T23:51:32
102,mistral:7b,V2.1,abstract,Unclear,ML,"REASONING: The paper proposes a novel framework that integrates advanced machine learning (ML) and deep learning (DL) techniques, specifically support vector machine (SVM), random forest, XGBoost, logistic regression, feed forward neural network (FFNN), and multi-layer perceptron (MLP), to predict cardiovascular disease outcomes. The primary contribution of the paper is the comparison and evaluation of these ML and DL models using the Framingham Heart Study dataset, with the SVM model demonstrating superior performance.

CATEGORY: ML",6.54,,False,2026-08-15T23:51:38
103,mistral:7b,V2.1,abstract,AI,ML,"REASONING: The paper discusses various AI-based privacy-preserving strategies in the Internet of Vehicles (IoV), employing Systematic Literature Review (SLR) to examine and classify essential methodologies such as Federated Learning (FL), Differential Privacy (DP), Homomorphic Encryption (HE), Blockchain-enhanced AI, Adversarial Machine Learning (AML), and anomaly detection. The primary contribution of the paper is the creation of a six-domain taxonomy for evaluating these methodologies.

CATEGORY: ML (since the paper's primary contribution is the classification and evaluation of various machine learning techniques, even though it also involves AI and DL methodologies)",7.95,,False,2026-08-15T23:51:46
104,mistral:7b,V2.1,abstract,Unclear,ML,"REASONING: The paper discusses the application of Artificial Intelligence (AI) in Acute Respiratory Distress Syndrome (ARDS) management, with a focus on Machine Learning (ML) models for early risk prediction, diagnosis, phenotyping, management, and outcome prediction.

CATEGORY: ML",3.94,,False,2026-08-15T23:51:50
105,mistral:7b,V2.1,abstract,ML,ML,"REASONING: The paper discusses various model selection techniques in the context of molecular phylogenetics, with a focus on the Akaike Information Criterion (AIC), Bayesian methods, and model averaging. These techniques are used for comparing and selecting substitution models in phylogenetics.

CATEGORY: ML (Classical Machine Learning)",4.23,,False,2026-08-15T23:51:54
106,mistral:7b,V2.1,abstract,DL,DL,"REASONING: The paper presents a framework for detecting AI-generated artwork using deep learning-based transformer models, specifically DINO v2. The primary contribution of the paper is the application of this transformer model for art authenticity detection.

CATEGORY: DL",3.3,,False,2026-08-15T23:51:58
107,mistral:7b,V2.1,abstract,ML,ML,"REASONING: The paper proposes a novel component, the quantitative argumentation layer, for tabular data that mines concepts from both data and data descriptions. It constructs a concept and argumentation model (CAM) that embeds human-aligned reasoning processes and provides interpretable decisions based on human-level knowledge.

CATEGORY: ML (Classical Machine Learning)",4.07,,False,2026-08-15T23:52:02
108,mistral:7b,V2.1,abstract,AI,AI,"REASONING: The paper discusses the application of AI in pathology, outlining its fundamental concepts, workflow, and utilization in head and neck pathology. It also emphasizes the role of pathologists in AI development and deployment, and the challenges in integrating AI into routine practice. However, the primary focus is not on the technical methods of AI, but rather on its application and implications in pathology.

CATEGORY: AI",4.8,,False,2026-08-15T23:52:07
109,mistral:7b,V2.1,abstract,ML,DL,"REASONING: The paper proposes an optimized hybrid deep learning framework that integrates Convolutional Neural Networks (CNN) and Recurrent Neural Networks (RNN), and uses Genetic Algorithm (GA) for hyperparameter optimization. It also employs Binary Particle Swarm Optimization (BPSO) for feature selection and compares its performance with other optimization algorithms. The paper's primary contribution lies in the proposed optimized GA-CNN-RNN model for energy production prediction.

CATEGORY: DL",6.33,,False,2026-08-15T23:52:13
110,mistral:7b,V2.1,abstract,nan,ML,"REASONING: The paper presents an open-source Python framework for managing and annotating medical time series data, which is a specific application of machine learning. The framework is designed to handle noisy and high-volume data, which is a common challenge in machine learning.

CATEGORY: ML",3.46,,True,2026-08-15T23:52:16
111,mistral:7b,V2.1,abstract,AI,ML,"REASONING: The paper discusses various AI-based approaches for improving medication adherence in patients with cardiovascular diseases. The primary contribution of the paper is the analysis of these AI-based approaches, which include natural language processing, reinforcement learning, and machine learning algorithms such as neural networks, random forests, support vector machines, and decision tree models.

CATEGORY: ML",4.55,,False,2026-08-15T23:52:21
112,mistral:7b,V2.1,abstract,ML,DL,"REASONING: The paper describes a two-stage artificial intelligence framework that integrates multimodal MRI and clinical indicators for the noninvasive assessment of renal fibrosis in patients with CKD. The primary contribution of the paper is the development of a two-stage model combining MobileNetV2-SE-based deep learning features with clinical indicators for RF classification.

CATEGORY: DL (Deep Learning)",5.29,,False,2026-08-15T23:52:26
113,mistral:7b,V2.1,abstract,DL,DL,"REASONING: The paper discusses the training of deep neural networks, the influence of non-linear activation functions, and proposes a new initialization scheme for faster convergence. The primary contribution of the paper seems to be the new initialization scheme.

CATEGORY: DL",3.13,,False,2026-08-15T23:52:29
114,mistral:7b,V2.1,abstract,ML,DL,"REASONING: The paper describes the use of ultrasound as a portable, low-cost tool for measuring body composition in infants, and the development of AI-enabled analysis to enable whole-body composition estimation from ultrasound images. The primary contribution of the paper is the development and evaluation of preliminary machine learning models, including convolutional neural networks (CNN), to predict body composition.

CATEGORY: DL",4.91,,False,2026-08-15T23:52:34
115,mistral:7b,V2.1,abstract,nan,None,"REASONING: This abstract does not describe any technical methods related to AI, ML, or DL. It is merely correcting a typographical error in an author's name in a previously published article.
CATEGORY: None",2.73,,False,2026-08-15T23:52:37
116,mistral:7b,V2.1,abstract,Unclear,DL,"REASONING: The paper primarily focuses on comparing the performance of various machine learning and transformer-based deep learning models for Arabic sentiment analysis. The study also discusses the development of a novel dataset using AI-assisted labelling and the impact of annotation quality on model performance.

CATEGORY: DL (Deep Learning)",3.86,,False,2026-08-15T23:52:41
117,mistral:7b,V2.1,abstract,Unclear,DL,"REASONING: The paper describes the development of a workflow that integrates robot-automated experimentation, machine learning predictions, and finite element simulations to design stretchable electrodes. The primary contribution lies in the use of an ensemble of artificial neural networks for predicting strain-insensitive performance in stretchable electrodes.

CATEGORY: DL",4.0,,False,2026-08-15T23:52:45
118,mistral:7b,V2.1,abstract,ML,ML,"REASONING: The paper discusses the use of Machine Learning (ML) based tabular data generation methods, specifically the Synthetic Minority Oversampling Technique (SMOTE) and its variants, for generating synthetic data to improve the quality and diversity of datasets, particularly in the medical field where large datasets are scarce due to privacy regulations.

CATEGORY: ML",4.32,,False,2026-08-15T23:52:49
119,mistral:7b,V2.1,abstract,ML,DL,"REASONING: The paper presents a multimodal AI system, DMDNet, that uses a convolutional neural network (CNN) for feature extraction and employs four advanced classification strategies, including transformer-based, adversarial, self-supervised, and feature-selection approaches. The primary contribution of the paper is the development and evaluation of the DMDNet, which makes it a deep learning (DL) approach.

CATEGORY: DL",5.41,,False,2026-08-15T23:52:55
120,mistral:7b,V2.1,abstract,ML,ML,"REASONING: The paper proposes an Accurate Surgical Time Prediction (ASTP) framework that uses machine learning models, specifically Histogram Gradient Boosting Regression (HGBR), artificial neural networks (ANNs), and recurrent models like Long Short Term Memory (LSTM), Gated Recurrent Unit (GRU), and hybrid LSTM+GRU. The primary contribution lies in the ASTP framework, which combines feature importance methods (SHAP values and Random Forest permutation importance) and HGBR for surgical time prediction.

CATEGORY: ML",6.55,,False,2026-08-15T23:53:01
121,mistral:7b,V2.1,abstract,ML,DL,"REASONING: The paper discusses the use of machine learning, specifically GANs and Auto-encoders, for AI-assisted spectral generation in Raman spectroscopy. The primary contribution of the paper is the critical review and evaluation of these AI-assisted spectral generation techniques.

CATEGORY: DL (Deep Learning)",3.9,,False,2026-08-15T23:53:05
122,mistral:7b,V2.1,abstract,Unclear,DL,"REASONING: The paper describes the use of various machine learning and deep learning models for sentiment analysis of ChatGPT-related educational discourse. The primary contribution of the paper is the comparison and evaluation of transformer-based models (DistilBERT), deep learning models (LSTM and Bi-LSTM), and classical machine learning (Naive Bayes with TF-IDF vectorization) on a large dataset of tweets related to ChatGPT in education.

CATEGORY: DL (Deep Learning)",5.73,,True,2026-08-15T23:53:11
123,mistral:7b,V2.1,abstract,AI,DL,"REASONING: The paper proposes an AI-based decision support approach for the development of upper limb exoskeletons, which primarily utilizes a multilayer perceptron neural network for achieving 100% accuracy. The paper also presents new models for classifying hand dysfunctions, exoskeleton design, and estimating manufacturing costs.

CATEGORY: DL",4.32,,False,2026-08-15T23:53:15
124,mistral:7b,V2.1,abstract,nan,DL,"REASONING: The paper introduces a new language representation model called BERT, which is based on transformers and pre-trained on unlabeled text. It can be fine-tuned for various tasks like question answering and language inference without substantial modifications.

CATEGORY: DL (Deep Learning)",3.41,,False,2026-08-15T23:53:19
125,mistral:7b,V2.1,abstract,ML,DL,"REASONING: The paper introduces a novel AI framework for fault detection and diagnosis in photovoltaic systems that combines Convolutional Neural Networks (CNNs) with time–frequency analysis via the Wigner–Ville Distribution (WVD). The primary contribution of the paper is the development and application of this CNN-WVD model for PV fault classification.

CATEGORY: DL",5.09,,False,2026-08-15T23:53:24
126,mistral:7b,V2.1,abstract,Unclear,DL,"REASONING: The paper discusses the use of AI and ML, particularly deep learning and convolutional neural networks (CNNs), for early detection, risk assessment, and prevention of Alzheimer's disease. The primary contribution of the paper seems to be the application of these deep learning methods, specifically CNNs, for high-performance AD diagnosis using multimodal MRI and PET data.

CATEGORY: DL",4.84,,False,2026-08-15T23:53:28
127,mistral:7b,V2.1,abstract,ML,ML,"REASONING: The paper describes the use of multiple machine learning algorithms (Random Forest, Support Vector Machine, Decision Tree, Naive Bayes, and CatBoost) for predicting Iron-deficiency anaemia using hematological parameters. The primary contribution of the paper is the development and comparison of these ML algorithms.

CATEGORY: ML",4.45,,False,2026-08-15T23:53:33
128,mistral:7b,V2.1,abstract,AI,AI,"REASONING: The paper discusses the application of AI in precision immunotherapy, focusing on biomarker discovery, prediction of immune checkpoint inhibitor response and toxicity, neoantigen prioritization, CAR-T cell optimization, and therapeutic antibody engineering. The primary contribution of the paper lies in the application of AI in immunotherapy across oncology and autoimmune medicine.

CATEGORY: AI",4.94,,False,2026-08-15T23:53:38
129,mistral:7b,V2.1,abstract,ML,ML,"REASONING: The paper proposes a machine learning framework for proactive detection of Android ransomware using network traffic metadata. It employs advanced classifiers like Light Gradient Boosting Machine, eXtreme Gradient Boosting Machine, and Random Forest, and uses explainable AI methods for interpretability. The framework also incorporates online learning to adapt to evolving threat patterns in real-time.

CATEGORY: ML",4.92,,False,2026-08-15T23:53:43
130,mistral:7b,V2.1,abstract,AI,DL,"REASONING: The paper discusses the use of AI, deep learning, and robotic microscopy for parasitology diagnostics, with a focus on improving diagnostic equity in regions affected by parasitic diseases. The primary contribution of the paper seems to be the evaluation of AI-driven diagnostic systems and robotic microscopy platforms for parasitology diagnostics.

CATEGORY: DL (Deep Learning)",4.35,,False,2026-08-15T23:53:47
131,mistral:7b,V2.1,abstract,ML,DL,"REASONING: The paper describes the development and comparison of three hybrid predictive models for self-healing concrete, which are based on artificial neural networks (ANN) and optimized with genetic algorithm (GA), particle swarm optimization (PSO), and the Levenberg–Marquardt (LM) algorithm. The primary contribution of the paper is the development and comparison of these hybrid models.

CATEGORY: DL (Deep Learning)",4.72,,False,2026-08-15T23:53:52
132,mistral:7b,V2.1,abstract,ML,ML,"REASONING: The paper describes the use of a VR-haptic simulator in dental education and the application of four machine learning methods (Naive Bayes, decision tree, random forest, and support vector machines) to predict faculty-assigned grades. The primary contribution of the paper lies in the use of machine learning to predict grades, specifically the finding that the random forest method performs best.

CATEGORY: ML",4.76,,False,2026-08-15T23:53:57
133,mistral:7b,V2.1,abstract,AI,ML,"REASONING: The paper discusses the application of AI in enhancing PPE training, with the primary focus on computer vision and machine learning techniques for real-time feedback, virtual simulation, and compliance monitoring.

CATEGORY: ML",2.98,,False,2026-08-15T23:54:00
134,mistral:7b,V2.1,abstract,AI,ML,"REASONING: The paper primarily focuses on the application of machine learning and deep learning in orthopedics, with a specific emphasis on the use of machine learning for structured perioperative risk prediction, deep learning for standardized musculoskeletal imaging, and large language models for workflow and decision support.

CATEGORY: ML (Classical Machine Learning)",4.21,,False,2026-08-15T23:54:04
135,mistral:7b,V2.1,abstract,ML,ML,"REASONING: The paper uses machine learning techniques (LASSO regression, SHAP analysis, XGBoost, LightGBM, CatBoost) to identify psychological predictors of intention to use antimicrobials appropriately among clinicians. The primary contribution of the paper is the integration of behavioral theory with explainable machine learning.

CATEGORY: ML",4.16,,False,2026-08-15T23:54:08
136,mistral:7b,V2.1,abstract,Unclear,ML,"REASONING: The paper discusses the application of AI, specifically machine learning (ML) and deep learning (DL), in optimizing the design of nanobiological materials for stem cell therapy, targeted delivery, differentiation, drug release, post-transplant tracking, and prognosis management. The primary contribution of the paper lies in proposing a systematic framework for integrating AI across the entire nano-enhanced stem cell therapy.

CATEGORY: ML",5.01,,False,2026-08-15T23:54:13
137,mistral:7b,V2.1,abstract,ML,ML,"REASONING: The paper employs machine learning models, specifically XGBoost and LightGBM algorithms, for predicting three-year survival after diagnosis for various cancer types. The primary contribution of the paper is the demonstration of cross-prediction using a combined dataset of oral cavity, esophageal, and stomach cancers.

CATEGORY: ML",4.1,,False,2026-08-15T23:54:17
138,mistral:7b,V2.1,abstract,ML,ML,"REASONING: The paper primarily focuses on the application of multiple machine learning algorithms (KNN, SVC, RFC, and XGBoost) to a predictive maintenance dataset, with XGBoost being the model that substantially outperforms the others. The paper's contribution lies in the comparative analysis and the application of these models to the specific domain of predictive maintenance.

CATEGORY: ML",4.71,,False,2026-08-15T23:54:22
139,mistral:7b,V2.1,missing,nan,NO_INPUT,,0.0,no abstract available,False,2026-08-15T23:54:22
140,mistral:7b,V2.1,abstract,AI,ML,"REASONING: This work focuses on the application of large language models (LLMs) to automate data analysis in the field of medical device regulatory science, specifically for extracting attributes from regulatory documents. The primary contribution lies in the validation and demonstration of the scalability of LLMs for three applications.

CATEGORY: ML (Classical Machine Learning)",3.98,,False,2026-08-15T23:54:26
141,mistral:7b,V2.1,abstract,ML,AI,"REASONING: The paper discusses the application of Automated Machine Learning (AutoML) in oral healthcare, which is a method of artificial intelligence that automates key stages of model development. The primary contribution of the paper is the evaluation of AutoML in oral healthcare.

CATEGORY: AI",3.32,,False,2026-08-15T23:54:29
142,mistral:7b,V2.1,abstract,Unclear,ML,"REASONING: The paper presents a machine learning-based framework for predicting the residual flexural strength of FR-UHPC after exposure to elevated temperatures. It benchmarks nine state-of-the-art algorithms, including the novel hybrid AegisFusion architecture, which is a dual-track neural/tree fusion with MetaSwarm tuning and Bayesian calibration. The primary contribution of the paper is the development and validation of the AegisFusion algorithm.

CATEGORY: ML",5.64,,False,2026-08-15T23:54:35
143,mistral:7b,V2.1,abstract,ML,DL,"REASONING: The paper describes the use of deep neural networks, specifically dropout as a technique to address overfitting in large networks. The primary contribution of the paper is the introduction and application of dropout.

CATEGORY: DL",2.83,,False,2026-08-15T23:54:38
144,mistral:7b,V2.1,abstract,ML,ML,"REASONING: The paper proposes a hybrid framework that integrates federated learning with ensemble-based machine learning models and explainable AI techniques for sepsis mortality prediction. The primary contribution lies in the development of this hybrid framework that employs various machine learning models (Random Forest, LightGBM, XGBoost, K-Nearest Neighbors, and Logistic Regression) and explainability techniques (SHapley Additive exPlanations (SHAP), Local Interpretable Model-agnostic Explanations (LIME), and Partial Dependence Plots (PDP)).

CATEGORY: ML",6.68,,False,2026-08-15T23:54:44
145,mistral:7b,V2.1,abstract,Unclear,ML,"REASONING: The paper discusses the application of AI, specifically machine learning and deep learning, in improving diagnostic accuracy and outcome prediction for acute ischemic stroke (AIS). It focuses on AI-assisted approaches in lesion segmentation and functional outcome forecasting, and emphasizes the integration of multimodal data.

CATEGORY: ML",4.19,,False,2026-08-15T23:54:48
146,mistral:7b,V2.1,abstract,Unclear,ML,"REASONING: The paper describes the use of various machine learning models (Logistic Regression, Random Forest, XGBoost, Neural Networks) and advanced statistical methods (Structural Equation Modelling, sentiment analysis, TF-IDF text vectorization) for predicting consumer purchase intentions in e-commerce. The primary contribution of the paper is the development and testing of a hybrid SEM-ML framework that combines Structural Equation Modelling and machine learning models.

CATEGORY: ML",5.68,,False,2026-08-15T23:54:54
147,mistral:7b,V2.1,abstract,Unclear,DL,"REASONING: The paper proposes a novel computational framework that integrates Graph Convolutional Networks, Variational Autoencoders, and Uncertainty Aware Adaptive Multi-Objective Optimization-based Reinforcement Learning (UAAMOO-RL) for drug discovery. The primary contribution of the paper is the development and application of this hybrid framework.

CATEGORY: DL (Deep Learning)",4.84,,False,2026-08-15T23:54:59
148,mistral:7b,V2.1,abstract,ML,ML,"REASONING: The paper describes a method for generating multiple versions of a predictor using bootstrap replicates and averaging or voting to get an aggregated predictor. The primary contribution lies in the application of this method, known as bagging, to classification and regression trees and subset selection in linear regression.

CATEGORY: ML",3.81,,False,2026-08-15T23:55:03
149,mistral:7b,V2.1,abstract,AI,ML,"REASONING: The paper discusses the application of multimodal AI systems in diagnosing and predicting outcomes for various retinal diseases. The primary contribution of the paper is the synthesis of evidence on the diagnostic and prognostic applications of multimodal AI in retinal vascular diseases, which involves the integration of diverse imaging modalities and clinical data.

CATEGORY: ML (Machine Learning)",4.93,,False,2026-08-15T23:55:08
150,mistral:7b,V2.1,abstract,ML,ML,"REASONING: The paper develops a data-driven Bayesian Network framework using a Tree-Augmented Naive Bayes (TAN) structure, trained on a long-term dataset of collision accident investigation reports. The primary contribution of the paper is the creation of this data-driven model for analyzing and predicting the consequences of ship collision accidents on a global scale.

CATEGORY: ML",4.51,,False,2026-08-15T23:55:12
151,mistral:7b,V2.1,abstract,ML,ML,"REASONING: The paper discusses various applications of machine learning (ML) and deep learning (DL) in different domains such as wildfire risk prediction, healthcare optimization, object detection, nursing education, healthcare privacy, Alzheimer's disease detection, sentiment dynamics, cybersecurity, insider threat prediction, country-level ESG modeling, risk-adjusted portfolio optimization, credit card fraud detection, fake Instagram account detection, sentiment polarity study, text mining, facial emotion recognition, point cloud autoencoder, analyzing overlapping communities, and blockchain network construction. However, the primary contribution of the paper seems to be the application of ML and DL techniques in these diverse areas.

CATEGORY: ML (Classical Machine Learning)",7.85,,False,2026-08-15T23:55:20
152,mistral:7b,V2.1,abstract,ML,DL,"REASONING: The paper describes the development of a diagnostic model using portable GC-MS and an AI model that employs machine learning algorithms. The primary contribution of the paper is the development of this diagnostic model, which is a deep learning approach as it uses machine learning algorithms.

CATEGORY: DL",3.74,,False,2026-08-15T23:55:24
153,mistral:7b,V2.1,abstract,Unclear,ML,"REASONING: The paper discusses the use of AI and ML for creating a more flexible framework for detecting insider threats, with a focus on Explainable AI (XAI) methods, hybrid models combining anomaly detection and behavioral analytics, and the use of supervised and unsupervised techniques like auto-encoders and Isolation Forests classifiers. The primary contribution of the paper is the proposed hybrid model for insider threat detection.

CATEGORY: ML",5.11,,False,2026-08-15T23:55:29
154,mistral:7b,V2.1,abstract,Unclear,ML,"REASONING: The paper primarily focuses on machine learning-driven wildfire prediction, risk assessment, and behavior modeling. It also discusses technological and algorithmic advancements for wildfire detection and monitoring, which can be considered a part of machine learning as well.

CATEGORY: ML",3.22,,False,2026-08-15T23:55:32
155,mistral:7b,V2.1,abstract,AI,AI,"REASONING: The paper proposes an AI-enriched digital Educational Framework (AIEDF) based on a Holistic Digital Literacy Framework (HDLF), which synthesizes competencies from existing frameworks. The primary contribution of the paper is the development of the AIEDF, which aligns AI competencies with Bloom's taxonomy, from fundamental understanding to advanced tasks.

CATEGORY: AI",4.81,,False,2026-08-15T23:55:37
156,mistral:7b,V2.1,missing,nan,NO_INPUT,,0.0,no abstract available,False,2026-08-15T23:55:37
157,mistral:7b,V2.1,abstract,AI,ML,"REASONING: The paper discusses the integration of multimodal data for enhancing AI models in Alzheimer's Disease diagnosis and prognosis. It presents a systematic review of AI-driven multimodal fusion approaches, analyzes data harmonization and preprocessing techniques, classifies fusion strategies, and investigates the adoption of explainable AI (XAI) techniques.

CATEGORY: ML (Classical Machine Learning)",4.97,,False,2026-08-15T23:55:42
158,mistral:7b,V2.1,abstract,Unclear,DL,"REASONING: The paper discusses the use of artificial intelligence (AI) and machine learning (ML) in optimizing microalgae production for sustainable protein alternatives, with a focus on resource-use efficiency and nutrient recovery. The primary contribution of the paper lies in the application of AI and ML in microalgae production.

CATEGORY: DL (Deep Learning)

The paper mentions the use of AI, which is a broad term, but the specific techniques it discusses are related to machine learning, particularly machine learning algorithms for optimizing microalgae production. Since the paper's core method is a machine learning approach, it is classified as ML, but given that it discusses the use of AI, it is classified as DL, the most specific applicable category.",8.4,,False,2026-08-15T23:55:50
159,mistral:7b,V2.1,abstract,Unclear,ML,"REASONING: The paper presents an AI-enabled smart farming framework that integrates Machine Learning (ML) and IoT technologies for optimizing date palm cultivation. Four ML algorithms (Random Forest, Gradient Boosting Machine, Artificial Neural Network, and Support Vector Machine) were developed and optimized for classifying palm health and supporting data-driven irrigation management.

CATEGORY: ML",4.52,,False,2026-08-15T23:55:55
160,mistral:7b,V2.1,abstract,ML,DL,"REASONING: The paper introduces a hybrid framework for detecting synthetic Spanish text using a tri-layer feature fusion strategy, which includes structural stylometry (symbolic layer), probabilistic surprisal via perplexity (statistical layer), and topical-aware semantic contrast (contextual layer). The primary contribution lies in the multi-model stacking ensemble that combines diverse learning architectures to maximize classification robustness.

CATEGORY: DL (Deep Learning)",5.3,,False,2026-08-15T23:56:00
161,mistral:7b,V2.1,abstract,Unclear,DL,"REASONING: The paper discusses the application of AI and ML frameworks, including surrogate models, prognostic health management, adaptive control strategies, and physics-informed neural networks (PINNs), for optimizing electrochemical devices like electrolyzers and fuel cells in the hydrogen economy. The primary contribution of the paper lies in the analysis and application of these AI/ML architectures, with a focus on PINNs.

CATEGORY: DL (Physics-informed neural networks are a type of deep learning architecture)",5.92,,False,2026-08-15T23:56:06
162,mistral:7b,V2.1,abstract,Unclear,ML,"REASONING: The paper describes the use of a hybrid computational and AI approach for aerodynamic performance enhancement using bio-inspired riblets and active plasma control. Machine learning algorithms, specifically artificial neural networks and support vector machine regressions, are used for model prediction and simulation.

CATEGORY: ML",3.64,,False,2026-08-15T23:56:10
163,mistral:7b,V2.1,abstract,ML,ML,"REASONING: The paper discusses the application of machine learning in functional materials design, focusing on three levels: macroscopic compositional design, microscopic electronic and structural responses, and dynamic or time-dependent processes. It mentions various methodological choices and practical tools, including data-driven screening and optimization, physics-aware surrogates, and pathway-based or sequential learning.

CATEGORY: ML",4.56,,False,2026-08-15T23:56:14
164,mistral:7b,V2.1,abstract,DL,DL,"REASONING: The paper proposes a method for traffic noise map reconstruction using a convolutional neural network (CNN) regression model, which is a deep learning technique. The primary contribution of the paper is the development and application of this CNN model for noise prediction.

CATEGORY: DL",3.27,,False,2026-08-15T23:56:18
165,mistral:7b,V2.1,abstract,ML,ML,"REASONING: The paper proposes an approach based on machine learning and graph analysis for identifying important patterns and diagnostic markers for dementia. It evaluates ten machine learning models, performs feature ranking, and validates the results using graphical analysis. The primary contribution of the paper lies in the application of machine learning models for improving dementia diagnosis.

CATEGORY: ML",4.22,,False,2026-08-15T23:56:22
166,mistral:7b,V2.1,abstract,ML,ML,"REASONING: The paper describes the development of a machine learning-based screening model for depression risk assessment among the elderly population, using multiple supervised machine learning models for data analysis. The primary contribution of the paper lies in the development and evaluation of the machine learning model.

CATEGORY: ML",3.6,,False,2026-08-15T23:56:25
167,mistral:7b,V2.1,abstract,AI,ML,"REASONING: The paper discusses the application of AI technologies in plastic and reconstructive surgery, with a focus on machine learning algorithms for automated image analysis, AI-driven virtual assistants for patient education and preoperative communication, and the integration of large language models into clinical decision making and medical education. The primary contribution of the paper lies in the exploration and analysis of these AI applications in the field of surgery.

CATEGORY: ML",4.76,,False,2026-08-15T23:56:30
168,mistral:7b,V2.1,abstract,ML,DL,"REASONING: The paper employs the double machine learning (DML) method with random forest regression as the DML learner, which is a deep learning technique. The primary contribution of the paper is the investigation of the relationship mechanism between government-level AI policies and corporate supply chain resilience using DML.

CATEGORY: DL",4.02,,False,2026-08-15T23:56:34
169,mistral:7b,V2.1,abstract,AI,ML,"REASONING: The paper discusses the integration of AI and wastewater-based epidemiology (WBE) for real-time disease detection, focusing on AI-driven models that support pattern recognition, predict temporal trends, and detect anomalies from wastewater data. The primary contribution of the paper lies in the application of AI to WBE for disease detection.

CATEGORY: ML (Machine Learning)",4.46,,False,2026-08-15T23:56:39
170,mistral:7b,V2.1,abstract,Unclear,DL,"REASONING: The paper introduces a transformers-based architecture, RoBERTa-Large, for the automated detection of clickbait news headlines. It employs various textual features and advanced word embeddings for encoding linguistic information from the dataset, and is evaluated against state-of-the-art ML and DL approaches. The primary contribution of the paper lies in the application of RoBERTa-Large, a DL model, for clickbait headline detection.

CATEGORY: DL",5.46,,False,2026-08-15T23:56:44
171,mistral:7b,V2.1,abstract,nan,AI,"REASONING: The paper discusses the application of artificial intelligence (AI) and machine learning (ML) in sustainable development strategies, focusing on mapping knowledge trends and research patterns. The primary contribution of the paper is the bibliometric analysis of SCOPUS data to understand the evolution of research topics, influential authors, and institutions in this area.

CATEGORY: AI (general artificial intelligence approaches)",4.44,,False,2026-08-15T23:56:49
172,mistral:7b,V2.1,abstract,ML,ML,"REASONING: The paper presents an interpretable machine learning architecture for early diagnosis of Alzheimer's disease, performs extensive feature engineering, addresses class imbalance, and introduces a new Grey Relational Grade index. It also compares seven mainstream classifiers, including Deep Neural Networks, and uses Shapley Additive Explanations for model interpretation. The primary contribution lies in the development of the interpretable machine learning architecture and the enhanced Grey Relational Grade index.

CATEGORY: ML",5.53,,False,2026-08-15T23:56:54
173,mistral:7b,V2.1,abstract,Unclear,DL,"REASONING: The paper discusses Federated Learning (FL) and Explainable Artificial Intelligence (XAI), and their intersection to create Federated Explainable Artificial Intelligence (FedXAI). It focuses on the integration of explainability as an active component of the FL lifecycle, and the development of a multi-axis taxonomy to categorize FedXAI methods.

CATEGORY: DL (Deep Learning)

Explanation: Although the paper discusses various machine learning concepts, the primary contribution lies in the development of the Federated Explainable Artificial Intelligence (FedXAI) paradigm, which is a deep learning concept that aims to jointly satisfy privacy and explainability requirements in federated learning settings. The paper also discusses various deep learning techniques such as model-agnostic explanations, interpretable-by-design federated models, and explainability-aware aggregation mechanisms.",9.52,,False,2026-08-15T23:57:04
174,mistral:7b,V2.1,abstract,ML,ML,"REASONING: The paper presents a machine learning framework for predicting antenatal care uptake among women in Ghana, using multiple imputation, categorical encoding, SMOTE, and several supervised learning models (logistic regression, random forest, XGBoost, support vector machine). It also integrates explainability, bias mitigation, and causal inference techniques.

CATEGORY: ML",5.47,,False,2026-08-15T23:57:09
175,mistral:7b,V2.1,abstract,ML,ML,"REASONING: The paper introduces a new machine learning method called graph atomic cluster expansion (GRACE) for modeling materials. It trains GRACE models on large datasets and demonstrates their high accuracy and efficiency. The paper also discusses fine-tuning and knowledge distillation techniques to adapt GRACE models to specialized tasks.

CATEGORY: ML",3.9,,False,2026-08-15T23:57:13
176,mistral:7b,V2.1,abstract,ML,DL,"REASONING: The paper describes a two-stage system that uses the Real-Time Detection Transformer (RT-DETR) for landmark localization and supervised machine learning classifiers for binary screening of strabismus. The primary contribution of the paper is the combination of transformer-based landmark detection with geometric ratios for strabismus screening, which falls under the DL category.

CATEGORY: DL",4.54,,False,2026-08-15T23:57:18
177,mistral:7b,V2.1,abstract,ML,ML,"REASONING: The paper describes the use of machine learning models (SVM, KNN, and RUSBoost) for predicting recurrent ischemic stroke using real-world data. The Synthetic Minority Over-Sampling Technique (SMOTE) is also applied to handle imbalanced data.

CATEGORY: ML",4.25,,False,2026-08-15T23:57:22
178,mistral:7b,V2.1,abstract,ML,ML,"REASONING: The paper employs various machine learning algorithms for predicting hand movements using fNIRS signals. The primary contribution of the paper is the comparison of multiple machine learning algorithms, with the Random Forest algorithm showing superior performance.

CATEGORY: ML",3.26,,False,2026-08-15T23:57:25
179,mistral:7b,V2.1,abstract,nan,DL,"REASONING: The paper presents a Quantum-Inspired Algorithm (QIA) for sustainable machine learning, which optimizes hyperparameters, model compression, and scheduling in a single framework. The algorithm uses tunnelling-based search and amplitude reweighting to find energy-efficient configurations faster, and builds a metric comparison to evaluate trade-offs among accuracy, energy consumption, and carbon footprint using a new Quantum-Sustainable AI (Q-SAI) index.

CATEGORY: DL (Deep Learning)

The primary contribution of the paper is the development of a Quantum-Inspired Algorithm (QIA) for sustainable machine learning, which is a neural network-based approach. Although the paper also discusses machine learning and artificial intelligence, the core method and the paper's primary contribution are neural network-based, so it falls under the DL category.",9.13,,False,2026-08-15T23:57:34
180,mistral:7b,V2.1,abstract,nan,DL,"REASONING: The paper primarily focuses on the application and comparison of various machine learning models, particularly deep learning models like LSTM-DDQN, CNN-BiGRU, and transformer-based frameworks, for electric vehicle design, battery systems, and charging infrastructure. The paper's contribution lies in providing a quantitative benchmarking framework and revealing the superior accuracy of these hybrid deep learning models.

CATEGORY: DL",4.99,,False,2026-08-15T23:57:39
181,mistral:7b,V2.1,abstract,DL,DL,"REASONING: The paper proposes an Assistive Communication System using Deep Sparse Autoencoder with Feature Learning (ACS-DSAEFL). It employs image pre-processing, Inception-enhanced vision transformer (IEViT) for feature extraction, and stacked sparse denoising autoencoder (SSDAE) for classification. The primary contribution lies in the development of the ACS-DSAEFL approach for improving communication for the deaf community.

CATEGORY: DL",5.82,,False,2026-08-15T23:57:45
182,mistral:7b,V2.1,abstract,Unclear,DL,"REASONING: The paper describes the development of FungiGuard, a tool that uses Random Forest, Long Short-Term Memory (LSTM), and attention mechanisms, which are all neural network-based techniques. The primary contribution of the paper is the development of FungiGuard, which makes it a deep learning (DL) application.

CATEGORY: DL",3.98,,False,2026-08-15T23:57:49
183,mistral:7b,V2.1,abstract,ML,ML,"REASONING: The paper discusses a method for improving parameter estimates in multiple regression by adding small positive quantities to the diagonal of X'X, and introduces the ridge trace as a visualization method. The primary contribution of the paper seems to be the proposed estimation procedure and the ridge trace.

CATEGORY: ML",3.43,,False,2026-08-15T23:57:52
184,mistral:7b,V2.1,abstract,DL,DL,"REASONING: The paper presents a framework for protective antigen prediction using Protein Language and Geometric Deep Learning models. The primary contribution of the paper is the development of the PLGDL model, which is a deep learning model.

CATEGORY: DL",2.95,,False,2026-08-15T23:57:55
185,mistral:7b,V2.1,abstract,Unclear,ML,"REASONING: The paper discusses the application of AI and ML technologies in renal cancer research, focusing on bibliometric analysis using specific tools like VOSviewer, CiteSpace, and bibliometrix. The primary contribution of the paper is the analysis of patterns in co-authorship, institutional collaborations, citations, keyword co-occurrences, and emerging research trends using these tools.

CATEGORY: ML (Machine Learning)",4.98,,False,2026-08-15T23:58:00
186,mistral:7b,V2.1,abstract,DL,DL,"REASONING: The paper primarily focuses on the application of deep learning, transformer-based sequence models, graph neural networks, and multimodal architectures in microbiology, with a specific emphasis on antibiotic resistance surveillance. The paper's primary contribution lies in the development and application of these deep learning techniques for microbiology.

CATEGORY: DL",4.31,,False,2026-08-15T23:58:05
187,mistral:7b,V2.1,abstract,nan,ML,"REASONING: The paper describes the development and validation of a machine learning model (NVUPreM) for predicting 30-day NVUGIB mortality, using 36 machine learning algorithms and comparing it against eight clinical scoring systems. The primary contribution of the paper is the creation of the NVUPreM model.

CATEGORY: ML",4.53,,False,2026-08-15T23:58:09
188,mistral:7b,V2.1,abstract,ML,ML,"REASONING: The paper discusses the comparison between Quantum Machine Learning (QML) and classical Machine Learning (ML), focusing on their foundations, complexity, and applications across various domains. It highlights the advantages and disadvantages of QML, analyzes real-world applications, and identifies open challenges. The primary contribution of the paper is the comparative review of QML and classical ML.

CATEGORY: ML (since the paper compares various ML methods, including neural networks, kernel methods, generative models, representation learning, and clustering, and the primary contribution is a comparative review of these methods)",6.68,,False,2026-08-15T23:58:16
189,mistral:7b,V2.1,abstract,AI,ML,"REASONING: The paper discusses the use of AI for predicting and preventing ACL injuries, focusing on machine learning and deep learning techniques. The primary contribution of the paper is the systematic review of AI applications in ACL injury prediction and prevention, with a focus on the performance of machine learning and deep learning models.

CATEGORY: ML (Machine Learning)",4.23,,False,2026-08-15T23:58:20
190,mistral:7b,V2.1,abstract,ML,ML,"REASONING: The paper describes the use of machine learning models (Extreme Gradient Boosting, Logistic Regression, and Support Vector Machine) for classifying bladder cancer cases from benign controls, using clinical data, cytokine levels, and environmental factors. The primary contribution of the paper is the development of the machine learning-based model.

CATEGORY: ML",4.47,,False,2026-08-15T23:58:25
191,mistral:7b,V2.1,abstract,Unclear,DL,"REASONING: The paper describes the use of classical machine learning models (Random Forest, Decision Tree, Gradient Boosting Machine, Linear Discriminant Analysis, Support Vector Machine), a Deep Learning tool, and a pre-trained large language model (GPT-5) for diagnosing bronchiolitis from electronic health records. The primary contribution of the paper is the comparison of these various models, with the Deep Learning model and GPT-5 outperforming traditional ML models.

CATEGORY: DL",6.17,,False,2026-08-15T23:58:31
192,mistral:7b,V2.1,abstract,DL,DL,"REASONING: The paper describes a brain-inspired reinforcement learning architecture using a spiking neural network and α-In2Se3 ferroelectric semiconductor field-effect transistor. The primary contribution is the implementation of a reinforcement learning computing architecture that mimics biological mechanisms like third-terminal modulated eligibility traces and dynamic reward signaling.

CATEGORY: DL (Deep Learning)

The paper's core method is a neural network, specifically a spiking neural network, which is a subset of deep learning. Although the paper also discusses reinforcement learning, the primary focus is on the neural network implementation, making it more appropriate to classify the paper as deep learning.",7.55,,False,2026-08-15T23:58:38
193,mistral:7b,V2.1,abstract,AI,DL,"REASONING: The paper discusses the use of AI, ML, and DL in oncological drug development, with a focus on neural network designs for de novo drug design and virtual screening. The primary contribution of the paper lies in the application of advanced neural network designs in de novo drug design and virtual screening.

CATEGORY: DL",3.93,,False,2026-08-15T23:58:42
194,mistral:7b,V2.1,abstract,ML,DL,"REASONING: The paper presents a study on detecting depression-related texts in social media comments using deep learning models (XLNET, DistilBERT, and ALBERT) and traditional machine learning models. It also discusses text summarization and task-incremental learning using Elastic Weight Consolidation in a continual learning setting. The primary contribution of the paper lies in the application of deep learning models for depression detection in social media comments.

CATEGORY: DL",5.21,,False,2026-08-15T23:58:48
195,mistral:7b,V2.1,abstract,Unclear,ML,"REASONING: The paper describes the development and validation of a supervised AI/ML algorithm for automated, rapid, objective quantification of fibrosis content and spatial distribution in histology slides. The primary contribution of the paper is the development and validation of the AI/ML algorithm.

CATEGORY: ML",3.76,,False,2026-08-15T23:58:51
196,mistral:7b,V2.1,abstract,ML,ML,"REASONING: The paper presents an evaluation of various machine learning (ML) techniques for predicting ACL injuries, using eight distinct ML models and four datasets. The primary contribution of the paper lies in the application and comparison of these ML models for predicting ACL injuries.

CATEGORY: ML",3.82,,False,2026-08-15T23:58:55
197,mistral:7b,V2.1,abstract,nan,ML,"REASONING: The paper introduces an innovative methodology that integrates remote sensing data and machine learning to assess risks to heritage sites, with a primary focus on using machine learning models for risk assessment.

CATEGORY: ML",3.04,,False,2026-08-15T23:58:58
198,mistral:7b,V2.1,abstract,nan,ML,"REASONING: The paper discusses the application of artificial intelligence (AI) and machine learning in the field of immunogenomics, specifically focusing on the human leukocyte antigen (HLA) system. It highlights the use of AI for antigen processing, T-cell recognition, HLA imputation from SNP arrays and low-coverage whole-genome sequencing, and AI-enabled transplant decision support. The primary contribution of the paper lies in the application of AI and machine learning to HLA-related problems.

CATEGORY: ML (Machine Learning)",6.57,,False,2026-08-15T23:59:05
199,mistral:7b,V2.1,abstract,Unclear,ML,"REASONING: The paper describes the use of artificial intelligence (AI) for drug-induced nephrotoxicity prediction, with a primary focus on constructing a supervised machine learning (ML) model, qRASAR study, and developing an XAI platform. The paper's primary contribution lies in the ML model and the XAI platform.

CATEGORY: ML",4.4,,False,2026-08-15T23:59:09
200,mistral:7b,V2.1,abstract,Unclear,ML,"REASONING: The paper discusses the role of AI in Carbon Capture and Utilization (CCU) technologies, focusing on patent analysis and innovation trends. It mentions the application of AI techniques such as machine learning, deep learning, and optimization algorithms in process optimization, performance forecasting, and emissions prediction.

CATEGORY: ML (Classical Machine Learning)",4.09,,False,2026-08-15T23:59:13
201,mistral:7b,V2.1,missing,nan,NO_INPUT,,0.0,no abstract available,False,2026-08-15T23:59:13
202,mistral:7b,V2.1,abstract,Unclear,ML,"REASONING: The paper describes the development of a novel hybrid stacking ensemble model that combines Random Forest, Extreme Gradient Boosting, and Artificial Neural Network models to predict the flexural strength of aluminium fibre reinforced concrete. The primary contribution of the paper lies in the development and application of this hybrid ensemble learning model.

CATEGORY: ML",4.15,,False,2026-08-15T23:59:17
203,mistral:7b,V2.1,abstract,ML,ML,"REASONING: The paper describes the use of various machine learning algorithms for predicting Tuberculous pericardial effusion, with the random tree model showing the highest accuracy. The primary contribution of the paper is the evaluation of these machine learning algorithms for TPE diagnosis.

CATEGORY: ML",3.55,,False,2026-08-15T23:59:21
204,mistral:7b,V2.1,abstract,Unclear,ML,"REASONING: The paper discusses the application of AI and ML technologies in the field of telesurgery, with a focus on bibliometric analysis and knowledge mapping of global research on this topic. The primary contribution of the paper lies in the comprehensive analysis of the global research landscape of AI and ML-enabled telesurgery.

CATEGORY: ML",4.38,,False,2026-08-15T23:59:25
205,mistral:7b,V2.1,abstract,ML,ML,"REASONING: The paper introduces a new machine learning approach called the Support-Vector Network, which is a non-linear mapping of input vectors to a high-dimensional feature space followed by the construction of a linear decision surface. The method is extended to handle non-separable training data and demonstrates high generalization ability using polynomial input transformations. It also compares its performance with various classical learning algorithms.

CATEGORY: ML",4.64,,False,2026-08-15T23:59:30
206,mistral:7b,V2.1,abstract,Unclear,DL,"REASONING: The paper focuses on using a convolutional neural network (CNN) to detect biological sex from EEG signals, and evaluates its performance across multiple datasets. The primary contribution of the paper is the use of a CNN for sex detection in EEG data.

CATEGORY: DL",3.53,,False,2026-08-15T23:59:33
207,mistral:7b,V2.1,abstract,Unclear,ML,"REASONING: The paper primarily focuses on the application of AI technologies, specifically Machine Learning (ML), Deep Learning (DL), Natural Language Processing (NLP), Generative AI (GenAI), Large Language Models (LLMs), and Explainable AI (XAI) in the field of suicide prevention. The primary contribution of the paper lies in the systematic review and synthesis of these AI technologies in this specific context.

CATEGORY: ML (as the paper's primary contribution is a systematic review of various AI technologies, and ML is the broadest category that includes DL, NLP, etc.)",6.48,,False,2026-08-15T23:59:40
208,mistral:7b,V2.1,abstract,Unclear,DL,"REASONING: The paper primarily focuses on the application of machine learning models, specifically deep adversarial gaussian multilayer perceptron, for disaster management-based healthcare systems. The optimization of these features is done using firefly swarm binary grasshopper optimization.

CATEGORY: DL",3.51,,False,2026-08-15T23:59:43
209,mistral:7b,V2.1,abstract,Unclear,ML,"REASONING: The paper describes a machine learning workflow that includes multivariate imputation, multicollinearity diagnostics, and systematic benchmarking of linear, tree-based, boosting, and neural-network models. The primary contribution of the paper is the implementation of this machine learning workflow, with the optimized CatBoost model achieving near-experimental predictive skill on a held-out test set.

CATEGORY: ML",5.16,,False,2026-08-15T23:59:49
210,mistral:7b,V2.1,abstract,Unclear,ML,"REASONING: The paper primarily focuses on comparing the performance of various machine learning and deep learning algorithms for classifying pulmonary diseases using spirometry features. The primary contribution lies in the comparison of tree-based models (XGBoost, Random Forest) with deep learning models (Deep Neural Networks, Convolutional Neural Networks).

CATEGORY: ML",4.45,,False,2026-08-15T23:59:53
211,mistral:7b,V2.1,abstract,DL,ML,"REASONING: The paper discusses the phenomenon of benign overfitting in deep neural networks and presents a characterization of linear regression problems for which the minimum norm interpolating prediction rule has near-optimal prediction accuracy. The characterization is based on two notions of the effective rank of the data covariance, and it shows that overparameterization is essential for benign overfitting. The study also compares the accuracy of the minimum norm interpolating prediction rule in finite-dimensional and infinite-dimensional spaces.

CATEGORY: ML",5.86,,False,2026-08-15T23:59:59
212,mistral:7b,V2.1,abstract,Unclear,ML,"REASONING: The paper primarily focuses on the development and evaluation of an Extreme Gradient Boosting (XGBoost) model for dental caries detection using machine learning techniques. The model's performance is evaluated using cross-validation nested resampling, and the results are compared between internal and external datasets.

CATEGORY: ML",3.99,,False,2026-08-16T00:00:03
213,mistral:7b,V2.1,abstract,ML,ML,"REASONING: The paper describes a scalable end-to-end tree boosting system called XGBoost, which is a machine learning method. It also introduces a novel parity-aware algorithm for sparse data and weighted quantile sketch for approximate tree learning. The primary contribution of the paper seems to be the development of XGBoost, a tree boosting system.

CATEGORY: ML",4.48,,False,2026-08-16T00:00:07
214,mistral:7b,V2.1,abstract,Unclear,ML,"REASONING: The paper discusses the use of Explainable Artificial Intelligence (XAI) techniques in conjunction with deep learning and machine learning methods for analyzing Electroencephalography (EEG) data to identify biomarkers for mood disorders. The primary contribution of the paper is the systematic review of EEG-based biomarkers for depression, anxiety, and bipolar disorder as informed by XAI techniques.

CATEGORY: ML (Machine Learning)",5.72,,False,2026-08-16T00:00:13
215,mistral:7b,V2.1,abstract,Unclear,ML,"REASONING: The paper discusses the application of artificial intelligence, specifically machine learning (ML) and deep learning (DL), in optimizing experimental design for CRISPR-based genetic screening. It also introduces large language model–agent (LLM–agent) systems to externalize scientific reasoning and integrate biological knowledge at scale. The primary contribution of the paper lies in the use of ML/DL methods for experimental design optimization.

CATEGORY: ML",4.92,,False,2026-08-16T00:00:18
216,mistral:7b,V2.1,abstract,Unclear,ML,"REASONING: The paper introduces a self-supervised machine learning platform, CLOSER, that uses 3D pose skeleton data and kinematic features to monitor and analyze spontaneous behavior in a depressive disease model. The primary contribution of the paper is the development and application of CLOSER, which falls under the category of machine learning.

CATEGORY: ML",4.26,,False,2026-08-16T00:00:22
217,mistral:7b,V2.1,abstract,Unclear,ML,"REASONING: The paper applies multiple machine learning models to vocal biomarkers for the early detection of Parkinson's disease, and uses explainable AI techniques to interpret the predictions. The primary contribution of the paper is the application of various ML models and the use of XAI techniques to interpret the predictions.

CATEGORY: ML",3.94,,False,2026-08-16T00:00:26
218,mistral:7b,V2.1,abstract,Unclear,DL,"REASONING: The paper primarily focuses on the development of the Kinic Index (KinicI), an AI-driven predictive model for HCC patients, and the identification of candidate compounds targeting CYP2C9 and G6PD using deep learning framework (GraphBAN) and molecular docking. Machine learning approaches (LASSO, RSF) and Shapley additive explanation (SHAP) analysis are also used.

CATEGORY: DL (Deep Learning)",5.47,,False,2026-08-16T00:00:32
219,mistral:7b,V2.1,abstract,Unclear,DL,"REASONING: The paper discusses the application of artificial intelligence in Endourology, focusing on novel technologies such as causal artificial intelligence modeling and reinforcement learning. These methods are the primary contribution of the paper.

CATEGORY: DL (Deep Learning)

The use of reinforcement learning, a type of deep learning method, is the primary focus of the paper. Although the paper also mentions the broader field of artificial intelligence, the specific techniques described are deep learning techniques. Therefore, the most specific applicable category is DL.",5.86,,False,2026-08-16T00:00:38
220,mistral:7b,V2.1,abstract,Unclear,DL,"REASONING: The abstract discusses the use of sentiment analysis, a technique in natural language processing and artificial intelligence, for analyzing subjective information from various modalities such as text, images, audio, and video. The paper reviews the state of multimodal sentiment analysis, discussing several techniques used for sentiment analysis, including deep learning models, machine learning methods, and hybrid methods.

CATEGORY: DL, ML (since the paper discusses both deep learning models and machine learning methods, but the primary contribution seems to be the review of various sentiment analysis techniques, so it is classified as ML)",6.43,,False,2026-08-16T00:00:44
221,mistral:7b,V2.1,abstract,AI,DL,"REASONING: The paper presents a comparison between a VLA model (a type of deep learning model) and a neuro-symbolic architecture that combines symbolic planning with learned low-level control. The primary contribution of the paper is the empirical comparison and analysis of these two approaches on structured manipulation tasks.

CATEGORY: DL (for the VLA model) and AI (for the neuro-symbolic architecture)",4.75,,False,2026-08-16T00:00:49
222,mistral:7b,V2.1,abstract,Unclear,ML,"REASONING: The paper describes the use of machine learning techniques, specifically LASSO regression for feature selection, SHAP analysis for model interpretation, supervised UMAP for dimensionality reduction, HDBSCAN clustering, and Silhouette Coefficient for evaluating clustering performance. The primary contribution of the paper is the development and application of an explainable machine learning pipeline for identifying high-risk patient phenotypes of PICC-CRBSIs.

CATEGORY: ML",5.55,,False,2026-08-16T00:00:54
223,mistral:7b,V2.1,abstract,Unclear,DL,"REASONING: The paper discusses the application of AI, ML, and DL in orthodontics, with a focus on categorizing AI methods and their effectiveness in clinical practice. The primary contribution of the paper is the categorization of AI methods in orthodontics, which is a DL task as it involves the creation of a classification system.

CATEGORY: DL",4.53,,False,2026-08-16T00:00:59
224,mistral:7b,V2.1,abstract,Unclear,ML,"REASONING: The paper discusses the application of AI, specifically machine learning (ML) and deep learning (DL), in the field of climate science. The primary contribution of the paper is the synthesis of recent advances in these techniques and their application in various climate-related tasks such as climate modeling, extreme-weather analysis, renewable-energy optimization, emissions monitoring, and climate adaptation.

CATEGORY: ML (since the paper discusses a variety of ML techniques, but the primary contribution is a synthesis of these techniques rather than a specific deep learning architecture)",6.09,,False,2026-08-16T00:01:05
225,mistral:7b,V2.1,abstract,Unclear,ML,"REASONING: The paper discusses the use of machine learning and quantum computing for predicting material properties, encoding and decoding crystal structures, and discovering high-entropy materials suitable for batteries and supercapacitors. The primary contribution of the paper lies in the application of deep learning algorithms for material discovery and the potential of new quantum computing and AI approaches for determining the structure of high-entropy materials.

CATEGORY: ML",4.66,,False,2026-08-16T00:01:10
226,mistral:7b,V2.1,abstract,ML,ML,"REASONING: The paper presents a survey based on DNA metabarcoding analysis of approximately 1,500 publicly available ITS1 samples, integrating conventional statistical approaches with Machine Learning (ML) methods and explainable Artificial Intelligence (XAI). The primary contribution of the paper is the application of ML and XAI to predict host health status using fungal community profiling.

CATEGORY: ML",4.42,,False,2026-08-16T00:01:14
227,mistral:7b,V2.1,abstract,AI,AI,"REASONING: The paper discusses the application of AI in emergency general surgery, focusing on clinical decision-support tools and ethical, structural, and regulatory barriers to implementation. The primary contribution of the paper lies in mapping and critically appraising the current literature on AI applications in emergency surgery.

CATEGORY: AI",3.53,,False,2026-08-16T00:01:18
228,mistral:7b,V2.1,abstract,AI,DL,"REASONING: The paper focuses on the application of AI in veterinary oncology, with a primary emphasis on the use of deep learning models in image-based diagnostics such as digital pathology and radiomics.

CATEGORY: DL",3.07,,False,2026-08-16T00:01:21
229,mistral:7b,V2.1,abstract,AI,ML,"REASONING: The paper describes a methodology for curating clinical trial databases specifically for the training or testing of artificial intelligence tools, with a focus on MRI data. The primary contribution of the paper is the development of a curation process for clinical trial databases for machine learning applications.

CATEGORY: ML",3.75,,False,2026-08-16T00:01:24
230,mistral:7b,V2.1,abstract,Unclear,ML,"REASONING: The paper focuses on the application of AI methods, particularly ensemble learning methods, artificial neural networks, and hybrid architectures, for predicting the International Roughness Index (IRI) in rigid and composite pavements. The primary contribution of the paper lies in the systematic review of AI methods applied to IRI prediction for these types of pavements.

CATEGORY: ML (Machine Learning)",4.8,,False,2026-08-16T00:01:29
231,mistral:7b,V2.1,abstract,Unclear,DL,"REASONING: The paper proposes an optimization framework for centrifugal compressor maintenance strategies using system-wide interdependencies, physics-informed Reliability Allocation by Heuristic Optimization, graph theory, Monte Carlo, Reliability Block Diagrams, Weibull distribution, and Deep Reinforcement Learning (DRL) for formulating optimal maintenance policies. The primary contribution of the paper lies in the application of DRL for maintenance optimization.

CATEGORY: DL",5.41,,False,2026-08-16T00:01:35
232,mistral:7b,V2.1,abstract,nan,ML,"REASONING: The paper discusses the use of machine learning techniques, particularly ensemble and deep learning, for diabetes prediction systems. It also highlights the need for creating representative datasets, implementing explainable AI, and conducting clinical studies.

CATEGORY: ML",2.78,,False,2026-08-16T00:01:37
233,mistral:7b,V2.1,abstract,Unclear,ML,"REASONING: The paper proposes an advanced, interpretable framework for Parkinson's disease diagnosis using machine learning (ML) classifiers, such as support vector machines, random forests, k-nearest neighbors, and decision trees. The framework incorporates explainable artificial intelligence (XAI) methods, SHAP, LIME, and ELI5, to provide better interpretability. The primary contribution of the paper is the development of this interpretable ML framework for Parkinson's disease diagnosis.

CATEGORY: ML",5.54,,False,2026-08-16T00:01:43
234,mistral:7b,V2.1,abstract,ML,ML,"REASONING: The paper introduces a machine learning-driven platform for detecting suspicious financial activities, with experiments performed using several supervised learning algorithms. The primary contribution of the paper is the use of Gradient Boosting classifier for anti-money laundering, which outperformed other models in the experiments.

CATEGORY: ML",3.83,,False,2026-08-16T00:01:47
235,mistral:7b,V2.1,abstract,ML,ML,"REASONING: The paper utilizes an automated machine learning (AutoML) framework, tree-based ensemble models, and explainable artificial intelligence (XAI) techniques for predicting case durations and delays. The primary contribution of the paper is the development and application of these predictive models, which are tree-based ensemble models enhanced with XAI techniques.

CATEGORY: ML",4.32,,False,2026-08-16T00:01:51
236,mistral:7b,V2.1,abstract,DL,DL,"REASONING: The paper proposes a solution for Sickle cell disease detection using deep learning models, specifically transfer learning with pre-trained models like ResNet-50, DenseNet-121, and EfficientNet-B0, fine-tuning them for SCD detection. It also introduces a contrastive-learning-based approach using triplet loss, focal loss for class imbalance, and XAI methodologies for interpretation and explanation.

CATEGORY: DL",5.29,,False,2026-08-16T00:01:56
237,mistral:7b,V2.1,abstract,AI,AI,"REASONING: The paper describes the development and application of an artificial intelligence-derived insulin resistance (AI-IR) prediction model, which is a machine learning-based method. The primary contribution of the paper is the creation and validation of this AI-IR model, which is a novel approach for predicting diabetes and cancer incidence.

CATEGORY: AI",4.03,,False,2026-08-16T00:02:00
238,mistral:7b,V2.1,abstract,AI,ML,"REASONING: The paper discusses the integration of AI into healthcare, focusing on various AI methods such as machine learning, deep learning, large language models, and digital twins. The primary contribution of the paper is the proposal of a practical 6P-AI implementation blueprint that links common use cases to data requirements, workflow integration steps, evaluation designs, and post-deployment monitoring.

CATEGORY: ML (The paper's primary contribution is the implementation blueprint, which involves machine learning methods, even though it also discusses deep learning and other AI techniques.)",5.96,,False,2026-08-16T00:02:06
239,mistral:7b,V2.1,abstract,Unclear,ML,"REASONING: The paper focuses on using machine learning techniques, specifically base classifiers and ensemble models, for early-stage tumor diagnosis. It compares the performance of CatBoost, Voting, and Stacking classifiers, and employs the SHAP framework for interpretability. The primary contribution of the paper lies in the comparison and application of these ensemble methods in neuro-oncology.

CATEGORY: ML",4.57,,False,2026-08-16T00:02:11
240,mistral:7b,V2.1,abstract,Unclear,DL,"REASONING: The paper discusses the use of deep learning models, specifically ResNet-50 variants with attention mechanisms (CBAM) and ensemble strategies, for sperm morphology classification and motility assessment. It also mentions the use of CNN-based models for motility assessment and emerging AI applications for DNA fragmentation prediction and ZP binding capability prediction.

CATEGORY: DL",4.69,,False,2026-08-16T00:02:16
241,mistral:7b,V2.1,abstract,Unclear,ML,"REASONING: The paper describes the use of Support Vector Machine (SVM) models, a machine learning technique, to predict student satisfaction with university choices. The primary contribution of the paper is the development of an SVM-based predictive model.

CATEGORY: ML",3.3,,False,2026-08-16T00:02:19
242,mistral:7b,V2.1,abstract,Unclear,ML,"REASONING: The paper primarily focuses on the review of various AI methods applied to disaster management tasks, with a specific emphasis on the replacement of conventional rule-based solutions with deep learning solutions.

CATEGORY: ML (Classical Machine Learning)",2.75,,False,2026-08-16T00:02:22
243,mistral:7b,V2.1,abstract,ML,ML,"REASONING: The paper describes the use of several machine learning models for blood donor recruitment, including XGBoost, SVM, KNN, LR, DT, RF, and MLP. It also mentions the use of techniques like SMOTE, US, MFE, MSFE, and weighted mean squared error loss functions. The primary contribution of the paper is the development and validation of a machine learning-based recruitment framework.

CATEGORY: ML",5.6,,False,2026-08-16T00:02:27
244,mistral:7b,V2.1,abstract,AI,AI,"REASONING: The paper discusses the integration of AI into oncology, focusing on health economic evaluations of AI applications in oncology. The primary contribution of the paper is the scoping review of the economic aspects of AI applications in oncology, which includes cost-effectiveness analyses, budget impact studies, and evaluations of economic benefits in clinical practice.

CATEGORY: AI",4.86,,False,2026-08-16T00:02:32
245,mistral:7b,V2.1,abstract,Unclear,ML,"REASONING: The paper describes the use of machine learning techniques, specifically natural language processing (NLP), and an innovative Python topic modeling technique called BERTopic, to categorize and label development projects. The primary contribution of the paper lies in the application of these ML techniques.

CATEGORY: ML",3.47,,False,2026-08-16T00:02:36
246,mistral:7b,V2.1,abstract,ML,DL,"REASONING: The paper primarily focuses on using machine learning techniques, specifically the Extra-Trees classifier, to predict post-operative sexual impairment in prostate cancer patients. The statistical methods are used to analyze the data, but the machine learning model is the primary contribution.

CATEGORY: DL (Deep Learning)

The paper's core method is a machine learning technique, and while it doesn't explicitly mention neural networks, the Extra-Trees classifier is a type of ensemble learning method that can be considered a part of the broader deep learning family. Therefore, I have classified it as DL.",6.62,,False,2026-08-16T00:02:42
247,mistral:7b,V2.1,abstract,AI,AI,"REASONING: The paper discusses the progress of cognitive science and AI, the impact of large language models (LLMs), and proposes a new route to intelligent machines by connecting AI breakthroughs in LLMs to models of thinking and learning. The primary contribution of the paper is the proposed connection between AI breakthroughs in LLMs and models of thinking and learning.

CATEGORY: AI (general artificial intelligence approaches)",4.69,,False,2026-08-16T00:02:47
248,mistral:7b,V2.1,abstract,ML,ML,"REASONING: The paper presents a generalization of the DBSCAN clustering algorithm, which is designed to work with both point objects and spatially extended objects, and applies it to various real-world problems. The primary contribution of the paper is the development and application of the GDBSCAN algorithm.

CATEGORY: ML",3.44,,False,2026-08-16T00:02:50
249,mistral:7b,V2.1,abstract,AI,ML,"REASONING: The paper describes the use of systematic review, meta-analysis, and bibliometric visualization analysis, which are methods commonly used in research. However, the primary contribution of the paper lies in the application of AI in nursing simulation education, specifically the use of generative artificial intelligence, virtual patients, and the analysis of its effects on nursing students' knowledge and skills.

CATEGORY: ML (The paper's primary contribution is the application of AI, but the specific method used for the meta-analysis is a machine learning technique, and the paper does not focus on deep learning or reinforcement learning.)",6.56,,False,2026-08-16T00:02:57
250,mistral:7b,V2.1,abstract,Unclear,DL,"REASONING: The paper describes the development and validation of an AI-driven CAD prediction model that integrates OCTA-derived retinal features with EHR data. The primary contribution lies in the development of a Transformer-based multi-scale style learning algorithm for feature extraction from OCTA images, which is a deep learning method. The model is then compared with four other deep learning network models.

CATEGORY: DL",5.29,,False,2026-08-16T00:03:02
251,mistral:7b,V2.1,abstract,AI,DL,"REASONING: The paper discusses the application of machine learning and deep learning models in cancer research, focusing on cancer phenotyping, drug discovery, and optimization. The primary contribution of the paper seems to be the discussion of AI-enabled drug discovery and optimization methods, which are deep learning techniques.

CATEGORY: DL",3.69,,False,2026-08-16T00:03:06
252,mistral:7b,V2.1,abstract,ML,ML,"REASONING: The paper evaluates the effectiveness of various machine learning models for predicting the shear strength of steel-fiber-reinforced concrete beams. The primary contribution of the paper is the comparison and evaluation of the ELM-PSO model, a specific machine learning model.

CATEGORY: ML",3.66,,False,2026-08-16T00:03:10
253,mistral:7b,V2.1,abstract,Unclear,ML,"REASONING: The paper discusses the application of artificial intelligence (AI) and machine learning (ML) algorithms to improve liquid biopsy techniques for cancer detection, prognosis prediction, treatment monitoring, and patient stratification. The primary contribution of the paper is the examination of AI-powered liquid biopsy in major malignancies.

CATEGORY: ML (The paper primarily focuses on the application of ML algorithms, even though it also discusses AI and DL techniques)",5.15,,False,2026-08-16T00:03:15
254,mistral:7b,V2.1,abstract,Unclear,ML,"REASONING: The paper discusses the application of machine-learning and radiomics approaches to support the diagnosis and clinical management of Ankylosing Spondylitis (AS) using MRI or X-ray data. The primary contribution of the paper is the quantitative determination of the performance of these methods in diagnosing and predicting outcomes in AS.

CATEGORY: ML",4.74,,False,2026-08-16T00:03:20
255,mistral:7b,V2.1,abstract,ML,ML,"REASONING: The paper presents a method enhanced by AI for the simultaneous quantification of naringin and naringenin in plant extracts, using machine learning models such as Support Vector Regression (SVR), Linear Regression, Lasso Regression, Ridge Regression, and Elastic Net. The primary contribution of the paper is the development and application of these machine learning models for spectral differentiation, achieving high accuracy and reliability without requiring chemical separation.

CATEGORY: ML",5.68,,False,2026-08-16T00:03:25
256,mistral:7b,V2.1,abstract,Unclear,DL,"REASONING: The paper introduces a multi-modal dataset, WxC-Bench, designed to support the development of AI models for various weather and climate research tasks. The dataset is used for deep learning models, as it is made publicly available on Hugging Face, which is a platform primarily used for deep learning.

CATEGORY: DL",3.94,,False,2026-08-16T00:03:29
257,mistral:7b,V2.1,abstract,ML,ML,"REASONING: The paper describes the use of eight supervised machine learning algorithms, specifically SVM, Logistic Regression, and K-Nearest Neighbors, to develop predictive models for sex determination using mandibular symphysis measurements from lateral cephalometric images. The primary contribution of the paper is the development and evaluation of these machine learning models.

CATEGORY: ML",4.6,,False,2026-08-16T00:03:34
258,mistral:7b,V2.1,abstract,Unclear,ML,"REASONING: The paper proposes an XAI architecture that combines explainable models with the Enhanced Squirrel Search Optimization (ESSO) method for feature selection, and uses Random Forest classification, SHAP, and LIME for interpretability. The primary contribution of the paper is the introduction of the ESSO method for feature selection.

CATEGORY: ML",4.38,,False,2026-08-16T00:03:38
259,mistral:7b,V2.1,abstract,Unclear,AI,"REASONING: The paper discusses the application of AI, specifically machine learning models, in the field of psychiatry. The primary contribution of the paper seems to be the examination of AI's role in psychiatry, rather than the specific technical methods described.

CATEGORY: AI",3.29,,False,2026-08-16T00:03:41
260,mistral:7b,V2.1,abstract,Unclear,DL,"REASONING: The paper employs an Artificial Neural Network (ANN)-based machine learning technique for analyzing the behavior of spherical gas bubbles in Carreau fluids under an ambient sonic field. The primary contribution of the paper lies in the development and application of this ANN-based model for various applications such as biomedical ultrasound, underwater acoustics, naval engineering, energy systems, and medical imaging.

CATEGORY: DL (Deep Learning)",5.59,,False,2026-08-16T00:03:47
261,mistral:7b,V2.1,abstract,Unclear,ML,"REASONING: The paper discusses the application of AI in pediatric rehabilitation, focusing on the use of AI methods such as supervised machine learning, neural networks, and deep learning for outcome assessment. The primary contribution of the paper is the examination of how AI has been applied in this field, and the results show that supervised machine learning is the most commonly used AI type.

CATEGORY: ML",4.97,,False,2026-08-16T00:03:52
262,mistral:7b,V2.1,abstract,Unclear,ML,"REASONING: The paper describes the use of Multimodal Machine Learning (MML) for evaluating Physical Education (PE) teaching effectiveness, employing preprocessing methods, feature extraction, and a hybrid machine learning model (Enhanced Marine Predators-driven Explainable Boosting Machine) for analysis. The primary contribution lies in the development and application of the EMP-EBM model.

CATEGORY: ML",5.02,,False,2026-08-16T00:03:57
263,mistral:7b,V2.1,abstract,ML,ML,"REASONING: The paper discusses the application of the Support Vector (SV) method to problems such as estimating regressions, constructing multidimensional splines, and solving linear operator equations. The primary contribution of the paper seems to be the application of the SV method to these specific problems.

CATEGORY: ML",3.58,,False,2026-08-16T00:04:01
264,mistral:7b,V2.1,abstract,Unclear,ML,"REASONING: The paper describes the development and validation of an interpretable machine learning model for predicting MDR/RR-TB in patients with TB-DM multimorbidity, using seven machine learning algorithms and SHapley Additive exPlanations (SHAP) to identify critical predictive factors. The primary contribution of the paper is the development of the interpretable machine learning model.

CATEGORY: ML",4.84,,False,2026-08-16T00:04:05
265,mistral:7b,V2.1,abstract,Unclear,ML,"REASONING: The paper proposes a media analytics framework that combines traditional statistical modeling, natural language processing tools, and explainable machine learning to predict audience engagement on social media platforms. The primary contribution of the paper is the use of machine learning techniques, specifically Extreme Gradient Boosting and Support Vector Regression, to predict engagement on Facebook and Instagram.

CATEGORY: ML",4.26,,False,2026-08-16T00:04:10
266,mistral:7b,V2.1,abstract,Unclear,DL,"REASONING: The paper proposes a workflow that combines physics-based petrophysical calculations, Random Forest regression (ML), and Deepseek-R1 cognitive perception (DL). The primary contribution of the paper is the integration of these three methods for reservoir characterization and exploration optimisation.

CATEGORY: DL",3.99,,False,2026-08-16T00:04:14
267,mistral:7b,V2.1,abstract,Unclear,DL,"REASONING: The paper discusses the application of AI, particularly deep learning (DL), in enhancing the diagnostic accuracy of bladder cancer. It focuses on various DL-based approaches such as cystoscopic tumor detection, urine cytology analysis, radiomics-based staging, computational pathology, multimodal fusion architectures, and intraoperative guidance. The primary contribution of the paper lies in the comprehensive review of AI applications in bladder cancer diagnosis.

CATEGORY: DL",6.0,,False,2026-08-16T00:04:20
268,mistral:7b,V2.1,abstract,ML,ML,"REASONING: The paper presents a machine learning framework for the joint modeling of greenhouse gas emissions using country-level socio-economic indicators. It benchmarks five regression-based algorithms, optimizes the best-performing model using Random Search, and performs interpretability analyses.

CATEGORY: ML",3.99,,False,2026-08-16T00:04:24
269,mistral:7b,V2.1,abstract,AI,DL,"REASONING: The paper discusses the use of AI in the diagnosis, severity assessment, and prognostication of Mitral Regurgitation, focusing on performance metrics. The primary technical method described is the use of AI models, specifically Convolutional Neural Networks (CNNs), Support Vector Machines (SVMs), and ensemble models.

CATEGORY: DL",4.61,,False,2026-08-16T00:04:28
270,mistral:7b,V2.1,abstract,Unclear,DL,"REASONING: The paper discusses the application of AI to ultrasound imaging for the diagnosis of endometriosis, with a focus on machine learning and deep learning algorithms. The primary contribution of the paper is the evaluation of the role of AI in improving the diagnosis and prediction of endometriosis using ultrasound images.

CATEGORY: DL (Deep Learning)",4.66,,False,2026-08-16T00:04:33
271,mistral:7b,V2.1,abstract,AI,DL,"REASONING: The paper primarily focuses on the application of both machine learning (ML) and deep learning (DL) techniques for the early prediction of life-threatening cardiac events using time series ECG data. The paper's primary contribution lies in the experimental results demonstrating the superior performance of deep learning models, particularly a Convolutional Neural Network (CNN), and the comparison with traditional machine learning approaches.

CATEGORY: DL",4.9,,False,2026-08-16T00:04:38
272,mistral:7b,V2.1,abstract,ML,ML,"REASONING: The paper primarily focuses on analyzing the optimal number of trees in a Random Forest, determining a threshold beyond which increasing the number of trees provides no significant performance gain, and investigating the relationship between the number of trees and the usage of attributes within a Random Forest. The paper's main contribution lies in providing experimental insights into the optimal number of trees for Random Forests.

CATEGORY: ML",4.41,,False,2026-08-16T00:04:42
273,mistral:7b,V2.1,abstract,AI,DL,"REASONING: The paper describes the use of machine learning algorithms (linear regression, support vector machines, XGBoost) and deep learning models (convolutional neural networks) for predicting myopia progression among children. The primary contribution of the paper is the development and validation of an AI-based model using these techniques.

CATEGORY: DL (Deep Learning)",4.3,,False,2026-08-16T00:04:47
274,mistral:7b,V2.1,abstract,ML,ML,"REASONING: The paper focuses on the application of six supervised machine learning algorithms for predicting the load-settlement behavior of micro-piled raft foundations. The primary contribution of the paper is the demonstration of the superior accuracy and generalization of Gaussian Process Regression (GPR) in capturing nonlinear soil-structure interactions.

CATEGORY: ML",4.29,,False,2026-08-16T00:04:51
275,mistral:7b,V2.1,abstract,ML,ML,"REASONING: The paper primarily focuses on using machine learning algorithms to evaluate player partnerships in football, with a specific emphasis on SVM, DT, RF, LR, KNN, and MNB classifiers. These models are applied and evaluated to construct models and assess player partnerships.

CATEGORY: ML",3.95,,False,2026-08-16T00:04:55
276,mistral:7b,V2.1,abstract,AI,ML,"REASONING: The paper discusses the use of bibliometric analysis, Biblioshiny (Bibliometrix R package), and VOSviewer for analyzing AI-related nutrition research. It also mentions the application of machine learning, deep learning, and image recognition techniques for dietary assessment and behavioral prediction.

CATEGORY: ML (Classical machine learning — supervised learning, as the paper mentions the application of machine learning techniques for dietary assessment and behavioral prediction, and it is the primary contribution of the paper)",5.8,,False,2026-08-16T00:05:01
277,mistral:7b,V2.1,abstract,ML,ML,"REASONING: The paper focuses on predicting academic achievement using machine learning algorithms, with the LDA model being the most successful. The study also identifies factors affecting achievement and their impact on student success.

CATEGORY: ML",2.62,,False,2026-08-16T00:05:03
278,mistral:7b,V2.1,abstract,Unclear,ML,"REASONING: The paper utilizes a machine learning tool (OpenFace 2.0) to analyze facial expressions of medical students during online lectures, and the primary contribution lies in identifying the association between eye blinks (AU45) and satisfaction levels reported in the questionnaire.

CATEGORY: ML",3.52,,False,2026-08-16T00:05:07
279,mistral:7b,V2.1,abstract,AI,ML,"REASONING: The paper primarily focuses on the integration and application of AI technologies, specifically machine learning and edge computing, in medical devices. It discusses the role of these technologies in improving diagnostic accuracy, treatment efficiency, and patient outcomes. The paper also explores ethical and practical challenges related to AI in healthcare.

CATEGORY: ML",3.81,,False,2026-08-16T00:05:11
280,mistral:7b,V2.1,abstract,DL,DL,"REASONING: The paper discusses the relationship between deep learning and physics, focusing on the approximation of practical functions with fewer parameters, the exploration of physics properties in neural networks, and the efficiency of deep neural networks for hierarchical data. The primary contribution seems to be the formalization of these claims using information theory and the proof of ""no-flattening theorems.""

CATEGORY: DL (Deep Learning)",4.53,,False,2026-08-16T00:05:15
281,mistral:7b,V2.1,abstract,Unclear,DL,"REASONING: The paper employs radiomics, artificial intelligence, and multiple neural network architectures for distinguishing HCC from ICC. The primary contribution lies in the development and validation of a fusion neural network that combines radiomics, clinical, and deep learning branches.

CATEGORY: DL",3.65,,False,2026-08-16T00:05:19
282,mistral:7b,V2.1,abstract,AI,AI,"REASONING: The paper discusses the application of AI algorithms for predicting gestational diabetes mellitus (GDM), specifically mentioning the use of AI algorithms for higher predictive accuracy and individualization capabilities. The primary contribution of the paper is a systematic review and critical appraisal of the published predictive performance of these AI models for GDM prediction.

CATEGORY: AI",4.32,,False,2026-08-16T00:05:23
283,mistral:7b,V2.1,abstract,AI,ML,"REASONING: The paper discusses the application of artificial intelligence (AI) in breast cancer management, focusing on machine learning (ML) techniques for data analysis from various sources like medical imaging, histopathology, genomics, and multi-omics. The primary contribution of the paper is the review and evaluation of AI-driven advancements across the entire breast cancer management continuum.

CATEGORY: ML",4.43,,False,2026-08-16T00:05:28
284,mistral:7b,V2.1,abstract,Unclear,DL,"REASONING: The paper proposes a method called Federated Clustering-Based Centralized Classification (Fed3C) that uses federated learning for collaborative training of a global model without data sharing. It employs K-means for generating centroids, Bayesian optimization for determining the optimal number of centroids, and K-nearest neighbors (KNN) for classification.

CATEGORY: DL (Deep Learning)

The primary contribution of the paper is the development of a novel federated learning approach, Fed3C. Although the paper uses classical machine learning techniques like K-means and KNN, the core method is a neural network-based federated learning approach, which classifies the data sent from clients. Therefore, it is classified as DL.",7.96,,False,2026-08-16T00:05:36
285,mistral:7b,V2.1,abstract,AI,AI,"REASONING: The paper discusses the application of Artificial Intelligence (AI) in local flap surgery, specifically in 2D to 3D visualisation and flap planning. The primary contribution of the paper seems to be the exploration of AI's potential in standardising decision making and optimising three-dimensional visualisation in surgery.

CATEGORY: AI",4.05,,False,2026-08-16T00:05:40
286,mistral:7b,V2.1,abstract,ML,ML,"REASONING: The paper describes the development and validation of machine learning models for predicting preeclampsia-associated outcomes using a reduced feature set. The primary contribution of the paper is the development of machine learning models, specifically reducing the number of features for improved clinical use.

CATEGORY: ML",3.71,,False,2026-08-16T00:05:43
287,mistral:7b,V2.1,abstract,Unclear,ML,"REASONING: The paper proposes a digital twin solution that monitors and maintains logistics equipment using ML algorithms in an IoT environment. The primary contribution of the paper is the application of various ML models (Isolation Forest, Autoencoders, LSTM networks, and Random Forest) for anomaly detection, RUL prediction, and failure classification in the digital twin system.

CATEGORY: ML",4.75,,False,2026-08-16T00:05:48
288,mistral:7b,V2.1,abstract,Unclear,ML,"REASONING: The paper discusses the use of data-driven approaches, specifically machine learning (ML) and artificial intelligence (AI), to improve the management of cardiogenic shock, a rapidly evolving syndrome. The primary contribution of the paper seems to be the application of ML and AI for real-time clinical decision-making in this context.

CATEGORY: ML",4.02,,False,2026-08-16T00:05:52
289,mistral:7b,V2.1,abstract,ML,ML,"REASONING: The paper presents a theoretical learning model for text classification using Support Vector Machines (SVMs), providing a quantitative explanation of SVM's generalization performance in text classification tasks. The primary contribution lies in the development of this model, which explains the effectiveness of SVMs in handling large feature spaces in text classification.

CATEGORY: ML",3.86,,False,2026-08-16T00:05:56
290,mistral:7b,V2.1,abstract,Unclear,ML,"REASONING: The paper primarily discusses the use of machine learning (ML) for predicting food-drug interactions, analyzing various ML techniques such as supervised and unsupervised learning, reinforcement learning, and their application in absorption, distribution, metabolism, and elimination (ADME) forecasting and drug development. It also touches upon deep learning, explainable AI, and ethical and legal aspects in the context of pharmacokinetics.

CATEGORY: ML",5.19,,False,2026-08-16T00:06:01
291,mistral:7b,V2.1,abstract,Unclear,DL,"REASONING: The paper discusses the application of AI and machine learning in the diagnosis, management, and treatment of Fibromuscular dysplasia (FMD). The primary contribution of the paper lies in the use of AI-enhanced imaging, particularly convolutional neural network (CNN) based analysis, and ML models for risk stratification, prediction of disease progression, and early identification of complications.

CATEGORY: DL (Deep Learning)",5.03,,False,2026-08-16T00:06:06
292,mistral:7b,V2.1,abstract,ML,DL,"REASONING: The paper discusses various machine learning (ML) applications in cancer imaging, including tumor detection, radiomics, multi-modal imaging, and therapy monitoring. It also delves into deep learning architectures, data preprocessing strategies, and AI's role in radiotherapy planning, treatment response prediction, and real-time image-guided interventions.

CATEGORY: DL (Deep Learning)",4.53,,False,2026-08-16T00:06:11
293,mistral:7b,V2.1,abstract,Unclear,DL,"REASONING: The paper describes the use of psychophysics, fMRI, intracranial recordings, and a deep neural network model (specifically a vision transformer) to study one-shot perceptual learning in humans. The primary contribution of the paper seems to be the development of the deep neural network model that recapitulates and predicts human behavior, and the similarity of the prior knowledge learnt by this model to the neural code in the human high-level visual cortex.

CATEGORY: DL",5.62,,False,2026-08-16T00:06:16
294,mistral:7b,V2.1,abstract,ML,ML,"REASONING: The paper presents a machine learning study on country-level ESG modeling using publicly available World Bank indicators. It formulates ESG analysis as four computational tasks and compares linear and nonlinear models across these tasks. The primary contribution of the paper lies in the comparison of linear and nonlinear models for ESG level forecasting and directional change classification using open data.

CATEGORY: ML",4.47,,False,2026-08-16T00:06:21
295,mistral:7b,V2.1,abstract,Unclear,ML,"REASONING: The paper investigates the relationships among undergraduate students' awareness, perception, and preparedness to use AI tools for decision-making during health emergencies. It uses statistical analysis methods such as one-sample t-tests, simple linear regression, and random forest regression. The primary contribution of the paper is the use of random forest regression to test predictive accuracy and assess non-linear patterns.

CATEGORY: ML (Machine Learning)",5.24,,False,2026-08-16T00:06:26
296,mistral:7b,V2.1,abstract,AI,AI,"REASONING: The paper discusses the use of AI-guided tools for the diagnosis of structural heart disease (SHD) and valvular heart disease (VHD), and mentions AI-guided models trained on ECGs, chest X-rays, and coronary artery calcium scans. The primary contribution of the paper seems to be the application of AI in the medical field for heart disease diagnosis.

CATEGORY: AI",4.88,,False,2026-08-16T00:06:31
297,mistral:7b,V2.1,abstract,ML,ML,"REASONING: The paper describes the use of Random Forests, a combination of tree predictors, as a machine learning method for both classification and regression tasks. The primary contribution of the paper seems to be the application of Random Forests and the internal estimates they provide for error, strength, correlation, and variable importance.

CATEGORY: ML",3.72,,False,2026-08-16T00:06:35
298,mistral:7b,V2.1,abstract,Unclear,ML,"REASONING: The paper discusses the use of AI, NLP, ML, and DL in transforming educational practices, with a focus on personalized learning experiences and the prediction of individual progress. The primary contribution of the paper seems to be the application of AI-driven platforms in education.

CATEGORY: ML (as the paper's primary contribution is the application of AI-driven platforms, which can be considered a form of machine learning, even though it also involves NLP and DL)",5.16,,False,2026-08-16T00:06:40
299,mistral:7b,V2.1,abstract,AI,AI,"REASONING: The paper discusses the use of artificial intelligence and machine learning for predictive control and resilience in timekeeping systems, which is the primary contribution of the paper. However, the focus is on the application of AI/ML, not on the specific techniques used.

CATEGORY: AI (general artificial intelligence approaches)",3.62,,False,2026-08-16T00:06:43
0,mistral:7b,V2.2,abstract,DL,DL,"REASONING: The paper focuses on studying scaling laws for language model performance using power-law relationships with model size, dataset size, and compute used for training. The primary contribution lies in determining the optimal allocation of a fixed compute budget by training large models on a modest amount of data and stopping significantly before convergence. The technical implementation primarily revolves around the use of power-law relationships and equations to govern the dependence of overfitting, training speed, and sample-efficiency.

CATEGORY: DL (Deep Learning)",5.47,,False,2026-08-16T00:06:49
1,mistral:7b,V2.2,abstract,ML,DL,"REASONING: The paper primarily focuses on the comparison and analysis of classical and quantum neural networks, their response to data corruption, and the introduction of a quantum machine unlearning framework. The core methodology of the paper lies in the comparison and analysis of quantum neural networks.

CATEGORY: DL (Deep Learning)",3.47,,False,2026-08-16T00:06:52
2,mistral:7b,V2.2,abstract,DL,DL,"REASONING: The paper describes the training of a deep convolutional neural network (CNN) for image classification, using a large number of parameters and layers, including convolutional layers, max-pooling layers, and fully-connected layers. The paper also discusses techniques for faster training and reducing overfitting, such as non-saturating neurons, an efficient GPU implementation, and the dropout regularization method.

CATEGORY: DL",4.93,,False,2026-08-16T00:06:57
3,mistral:7b,V2.2,abstract,AI,DL,"REASONING: The paper evaluates the performance of four AI chatbots in addressing questions related to adrenal incidentalomas. The primary contribution of the paper is the comparison of these chatbots' performance, with a focus on accuracy, quality, hallucination tendency, and readability. The core methodology follows the use of AI chatbots, specifically DeepSeek, ChatGPT 4.0, Gemini 2.0 Flash, and Perplexity.

CATEGORY: DL (Deep Learning)

The chatbots used in the study are neural network-based models, which fall under the Deep Learning category. Although the paper also involves machine learning (ML) concepts such as evaluation and comparison, the primary contribution is based on the use of these specific deep learning models.",8.39,,False,2026-08-16T00:07:06
4,mistral:7b,V2.2,abstract,DL,DL,"REASONING: The paper describes the use of a deep learning (DL) model, specifically the YOLO v11x network, for automatic recognition of key anatomical structures during laparoscopic donor nephrectomy. The model is optimized using a sophisticated loss function and evaluated using precision, recall, and F1 score.

CATEGORY: DL",4.58,,False,2026-08-16T00:07:10
5,mistral:7b,V2.2,abstract,ML,ML,"REASONING: The paper's primary contribution lies in the evaluation and comparison of various machine learning models for predicting fetal distress based on cardiotocography signals. The models compared include Classification and Regression Trees (CART), C5, Random Tree, CHAID, KNN, MLP, RBF, and SVM.

CATEGORY: ML",4.42,,False,2026-08-16T00:07:15
6,mistral:7b,V2.2,abstract,Unclear,ML,"REASONING: The paper primarily focuses on the application of AI techniques, including deep neural networks and Machine Learning (ML), in the field of Forensic Odontology (FO). The paper's contribution lies in the review and evaluation of these AI applications and their impact on FO.

CATEGORY: ML (Machine Learning)",3.78,,False,2026-08-16T00:07:19
7,mistral:7b,V2.2,abstract,ML,ML,"REASONING: The paper presents a new perspective on the EM algorithm, focusing on a function that resembles negative free energy and demonstrates an incremental variant of the EM algorithm for faster convergence. The primary contribution lies in the incremental variant of the EM algorithm.

CATEGORY: ML",3.2,,False,2026-08-16T00:07:22
8,mistral:7b,V2.2,abstract,Unclear,DL,"REASONING: The paper discusses an expanded view of intelligence that includes both biological and machine intelligence, with a focus on the developments in deep learning (DL) AI. The primary contribution of the paper lies in its philosophical exploration of intelligence, but the technical implementation of this exploration is rooted in the advancements of DL AI.

CATEGORY: DL",3.93,,False,2026-08-16T00:07:26
9,mistral:7b,V2.2,abstract,ML,ML,"REASONING: The paper describes the development of a high-accuracy prediction model using hybrid ML and XAI techniques, the selection of optimal features using a hybrid PSO-GWO algorithm, the use of ensemble learning algorithms, and XAI analyses for model interpretability. The primary contribution of the paper is the development of the CatBoost model using the hybrid PSO-GWO algorithm and XAI techniques.

CATEGORY: ML",5.23,,False,2026-08-16T00:07:31
10,mistral:7b,V2.2,abstract,Unclear,DL,"REASONING: The paper presents a method that uses several forecasting algorithms, including Neural Networks (NN), K-Nearest Neighbors (KNN), and a Multiarmed Bandit algorithm with reinforcement learning capabilities. The primary contribution of the paper is the use of a decision tree to identify unique contexts and the Multiarmed Bandit algorithm to select the most effective forecasting algorithm.

CATEGORY: DL (Deep Learning)",5.0,,False,2026-08-16T00:07:36
11,mistral:7b,V2.2,abstract,DL,DL,"REASONING: The paper's primary contribution lies in the development and application of a deep-learning pipeline using a convolutional neural network (CNN) for classifying cancer versus normal tissue and predicting drug response in high-grade serous ovarian cancer. Additionally, the paper uses machine learning algorithms like Lasso, AdaBoost, Naive Bayes, XGBoost, and Random Forest for feature selection.

CATEGORY: DL",5.15,,False,2026-08-16T00:07:41
12,mistral:7b,V2.2,abstract,ML,ML,"REASONING: The paper discusses the use of machine learning algorithms for predicting intraoperative hypotension, with specific mention of their application in electrocardiography, basal systolic, and diastolic blood pressure. The primary contribution of the paper lies in the meta-analysis of these machine learning algorithms.

CATEGORY: ML",4.15,,False,2026-08-16T00:07:45
13,mistral:7b,V2.2,abstract,ML,ML,"REASONING: The paper discusses the problem of selective inference, which is a challenge in data mining to assess the strength of potential associations found in a large dataset. It mentions the use of statistical learning methods such as forward stepwise regression, the lasso, and principal components analysis. The primary contribution of the paper seems to be the application of these statistical learning methods to the problem of selective inference.

CATEGORY: ML",4.68,,False,2026-08-16T00:07:50
14,mistral:7b,V2.2,abstract,Unclear,ML,"REASONING: The paper discusses the application of machine learning, deep learning, and natural language processing in sustainable green finance, with a focus on credit-risk modeling, portfolio optimization, ESG evaluation, and greenwashing detection. The primary contribution of the paper seems to be the synthesis of recent literature on AI applications in green finance.

CATEGORY: ML (Machine Learning)",4.16,,False,2026-08-16T00:07:54
15,mistral:7b,V2.2,abstract,Unclear,DL,"REASONING: The paper utilizes pretrained deep learning models (DenseNet-121, EfficientNet-B0, and ResNet-50) for the classification of oral lesions as malignant or benign, and the primary contribution lies in demonstrating the superior performance of DenseNet-121 in this specific application.

CATEGORY: DL",4.25,,False,2026-08-16T00:07:58
16,mistral:7b,V2.2,abstract,ML,ML,"REASONING: The paper utilizes a machine learning model (LightGBM) for predicting contraceptive continuation among women in West Africa, and employs SHAP analysis to identify influential features. The primary contribution of the paper lies in the application of the machine learning model and SHAP analysis.

CATEGORY: ML",3.87,,False,2026-08-16T00:08:02
17,mistral:7b,V2.2,abstract,Unclear,ML,"REASONING: The paper discusses the application of various machine learning models, including artificial neural networks, support vector machines, random forests, convolutional neural networks, and deep learning models, in bioanalytical methodologies. The primary contribution of the paper lies in the review and evaluation of AI-assisted bioanalytical methodologies, with a focus on machine learning approaches.

CATEGORY: ML",4.82,,False,2026-08-16T00:08:07
18,mistral:7b,V2.2,abstract,Unclear,DL,"REASONING: The paper discusses the use of artificial intelligence (AI), particularly deep learning and machine learning, for integrating multi-omics data in cancer diagnosis and prognosis. It focuses on graph neural networks, transformers, explainable AI (XAI) for clinical decision support, and AI-driven therapy selection, proteogenomic early detection, and radiogenomic non-invasive diagnostics.

CATEGORY: DL (Deep Learning)",5.1,,False,2026-08-16T00:08:12
19,mistral:7b,V2.2,abstract,AI,DL,"REASONING: The paper discusses the application of AI methods, specifically machine learning, deep learning, reinforcement learning, and generative models, in the development and optimization of theranostic nanoparticles for cancer treatment. The primary contribution of the paper lies in the analysis of AI applications in cancer theranostics through nanoparticles.

CATEGORY: DL (Deep Learning)",4.49,,False,2026-08-16T00:08:17
20,mistral:7b,V2.2,abstract,ML,ML,"REASONING: The paper presents a new technique, t-SNE, for visualizing high-dimensional data by reducing it to a two or three-dimensional map. The technique is a variation of Stochastic Neighbor Embedding and is shown to produce better visualizations than existing techniques. The primary contribution of the paper is the introduction and implementation of the t-SNE technique.

CATEGORY: ML (classical machine learning)",4.7,,False,2026-08-16T00:08:21
21,mistral:7b,V2.2,abstract,DL,DL,"REASONING: The paper presents a novel method, TTMCDA-XAIBDL, for detecting and mitigating ransomware cyber threats. It uses data preprocessing, feature selection, Bayesian neural network (BNN) for classification, hyperparameter optimization using the whale optimization algorithm (WOA), and explainability using SHAP. The primary contribution of the paper is the development and implementation of the TTMCDA-XAIBDL method, which is a deep learning approach.

CATEGORY: DL",5.91,,False,2026-08-16T00:08:27
22,mistral:7b,V2.2,abstract,AI,ML,"REASONING: The paper primarily focuses on conducting cost-utility analyses using machine learning regression analyses for evaluating the cost-effectiveness of AI in precision medicine. The core methodology of the paper is machine learning, specifically regression analysis.

CATEGORY: ML",3.43,,False,2026-08-16T00:08:31
23,mistral:7b,V2.2,abstract,DL,ML,"REASONING: The paper's primary contribution lies in the development of a CT-based artificial intelligence system that performs ACL segmentation and tears diagnosis using deep learning for segmentation (3D nnU-Net) and machine learning (SVM, RF, and SGD) for classification.

CATEGORY: ML",3.62,,False,2026-08-16T00:08:34
24,mistral:7b,V2.2,abstract,ML,ML,"REASONING: The paper's primary contribution lies in the integration of machine learning methods to predict food addiction among university students, using various machine learning models such as Logistic Regression, K-Nearest Neighbors, Gaussian Naive Bayes, Support Vector Classifier, Decision Tree, Random Forest, AdaBoost, Gradient Boosting Classifier, CatBoost, and LightGBM. The SHAP method was also used for feature analysis and model interpretation.

CATEGORY: ML",5.77,,False,2026-08-16T00:08:40
25,mistral:7b,V2.2,abstract,Unclear,DL,"REASONING: The paper proposes a hybrid AI model that integrates optimization algorithms (PSO and COO), deep learning (GRU), and fuzzy inference system (ANFIS) for predicting groundwater levels. The primary contribution lies in the development and application of the PSO-COO-GRU-ANFIS model.

CATEGORY: DL (Deep Learning)

The primary methodology of the paper is based on the gated recurrent unit (GRU), which is a type of deep learning neural network architecture. Although the paper also uses optimization algorithms and fuzzy inference systems, the core concept that the paper follows to achieve its results is deep learning.",7.53,,False,2026-08-16T00:08:48
26,mistral:7b,V2.2,abstract,AI,ML,"REASONING: The paper discusses the application of Explainable AI (XAI) methods in sports science, specifically focusing on the use of SHapley Additive Explanations (SHAP) and other XAI techniques like Gradient-weighted Class Activation Mapping, Individual Conditional Expectation Plots, and domain-specific approaches. The primary contribution of the paper is the systematic review and analysis of the application of XAI methods in sports science.

CATEGORY: ML: The paper's core method is the application of Explainable AI (XAI) techniques, which is a subset of machine learning. Although the paper also discusses sports science and AI, the primary contribution lies in the use of XAI methods, making it most appropriate to classify this paper under the Machine Learning (ML) category.",8.69,,False,2026-08-16T00:08:56
27,mistral:7b,V2.2,abstract,ML,ML,"REASONING: The paper utilizes multiple machine learning models (extreme gradient boosting, multilayer perceptron, and logistic regression) to predict functional outcome after acute ischemic stroke. The primary contribution of the paper is the comparison of these machine learning models and the identification of key drivers of performance using explainable artificial intelligence.

CATEGORY: ML",4.4,,False,2026-08-16T00:09:01
28,mistral:7b,V2.2,abstract,Unclear,ML,"REASONING: The paper's primary contribution lies in the development and comparison of several machine learning algorithms for predicting precipitation isotopic values in Iraq. The RF model, which achieved superior predictive performance, is the core methodology of the paper.

CATEGORY: ML",3.41,,False,2026-08-16T00:09:04
29,mistral:7b,V2.2,abstract,ML,ML,"REASONING: The paper applies machine learning algorithms, specifically random forest, gradient boosting, and extreme gradient boosting, to predict cognitive outcomes after traumatic brain injury. The primary contribution of the paper is the development of these predictive models.

CATEGORY: ML",3.19,,False,2026-08-16T00:09:07
30,mistral:7b,V2.2,abstract,AI,ML,"REASONING: The paper discusses the use of artificial intelligence (AI) in transforming phytochemical-based drug discovery, with a focus on machine learning and deep learning approaches for metabolite identification, virtual screening, target prediction, and toxicity assessment. The primary contribution of the paper lies in its review and discussion of AI applications in phytochemical-based anticancer drug discovery.

CATEGORY: ML (Machine Learning)",4.92,,False,2026-08-16T00:09:12
31,mistral:7b,V2.2,abstract,Unclear,DL,"REASONING: The paper presents a novel ensemble of six hybrid models, including three machine learning (ML) and three deep learning (DL) models for forecasting nocturnal Surface Urban Heat Island (SUHI) in Tehran. The primary contribution of the paper is the development and benchmarking of the hybrid models, with the U-Net + LSTM model being identified as the optimal model.

CATEGORY: DL",5.06,,False,2026-08-16T00:09:17
32,mistral:7b,V2.2,abstract,Unclear,DL,"REASONING: The paper discusses the application of AI and ML in the field of Non-small cell lung cancer (NSCLC), focusing on deep learning and ensemble methods for imaging, genomics, and multimodal integration. The primary contribution of the paper lies in the synthesis and critical examination of these deep learning and ensemble methods.

CATEGORY: DL",4.17,,False,2026-08-16T00:09:21
33,mistral:7b,V2.2,abstract,Unclear,ML,"REASONING: The paper discusses the role of AI and ML in drug repurposing for hepatitis B virus (HBV), focusing on strategies such as supervised learning, deep neural networks, natural language processing, and reinforcement learning. The primary contribution of the paper lies in the application of these ML techniques for HBV drug repurposing.

CATEGORY: ML",4.36,,False,2026-08-16T00:09:26
34,mistral:7b,V2.2,abstract,DL,DL,"REASONING: The paper primarily focuses on the development and implementation of an AI methodology, AIDCNN-CDMKO, for kidney cancer detection and classification. The methodology uses deep learning techniques, specifically convolutional neural networks (CNNs), and employs feature extraction models like VGG16, MobileNetV1, and EfficientNetB5. It also uses an attention mechanism-based CNN and bi-directional long short-term memory (CNN-BiLSTM-AM) classifier.

CATEGORY: DL",6.33,,False,2026-08-16T00:09:32
35,mistral:7b,V2.2,abstract,ML,ML,"REASONING: The paper employs supervised machine learning classifiers for the automated detection of Adverse Drug Reactions (ADRs) in patients, using a combination of drug-related comments from tweets and drug reviews in the PsyTAR dataset. The primary contribution of the paper lies in the application of these supervised machine learning models for ADRs detection.

CATEGORY: ML",4.48,,False,2026-08-16T00:09:37
36,mistral:7b,V2.2,abstract,DL,DL,"REASONING: The paper proposes an AI-based intrusion detection and secure communication technique (AIBID-SCSA) for 6G IoT networks. It uses min-max normalization, an improved sparrow search algorithm (ISSA) for feature selection, long short-term memory (MIX_LSTM) model for intrusion detection classification, and the rabbit optimization algorithm (ROA) for hyperparameter selection. The primary contribution of the paper lies in the integration of these techniques to enhance the accuracy and efficacy of attack recognition in an assisted 6G-IoT network.

CATEGORY: DL (Long Short-Term Memory (MIX_LSTM) model is used for intrusion detection classification, which is a neural network architecture)",8.09,,False,2026-08-16T00:09:45
37,mistral:7b,V2.2,abstract,Unclear,DL,"REASONING: The paper describes the use of two different approaches for automating and standardizing the interpretation of urodynamic studies: a deep learning (DL) approach using CNN-VGG16 and a machine learning (ML) approach using Daubechies transforms. The primary contribution of the paper is the integration of signal processing, anomaly detection, and AI classification to improve the accuracy and efficiency of urodynamic reporting.

CATEGORY: DL (Deep Learning)",5.44,,False,2026-08-16T00:09:50
38,mistral:7b,V2.2,abstract,DL,DL,"REASONING: The paper describes the experimental validation of key amino acid mutations predicted by a sparse convolutional neural network for enhancing the thermostability of microbial transglutaminase. The primary contribution of the paper lies in the use of a sparse convolutional neural network for predicting amino acid mutations.

CATEGORY: DL",4.37,,False,2026-08-16T00:09:55
39,mistral:7b,V2.2,abstract,Unclear,ML,"REASONING: The paper primarily focuses on the application of various machine learning techniques, such as Convolutional Neural Networks, Random Forest, Support Vector Machine, and Extreme Gradient Boosting, in the assessment, monitoring, and management of skin injuries.

CATEGORY: ML",3.49,,False,2026-08-16T00:09:58
40,mistral:7b,V2.2,abstract,ML,ML,"REASONING: The paper presents a novel machine learning framework that integrates artificial neural networks (ANNs) with explainable artificial intelligence (XAI) for accurate and interpretable device modeling of WBG semiconductors. The ANN is trained on TCAD-generated datasets, and SHAP is employed to quantify the influence of each design parameter on electrical characteristics.

CATEGORY: ML",4.32,,False,2026-08-16T00:10:02
41,mistral:7b,V2.2,abstract,ML,ML,"REASONING: The paper presents an integrated approach that uses machine learning algorithms for predicting yarn properties based on cotton fiber properties. The primary contribution lies in the application of Shapley Additive Explanations (SHAP), an explainable artificial intelligence (XAI) technique, to provide interpretability to the models’ predictions and study the contributions of fiber properties.

CATEGORY: ML",4.38,,False,2026-08-16T00:10:07
42,mistral:7b,V2.2,abstract,ML,ML,"REASONING: The paper's primary contribution lies in the development and evaluation of machine learning models for oral cancer diagnosis, specifically using Gray Level Co-occurrence Matrix (GLCM) features and various machine learning algorithms such as Fine Tree, Medium Tree, Linear Discriminant, Linear Support Vector Machine, K-Nearest Neighbors, and Neural Network (MLP).

CATEGORY: ML",4.91,,False,2026-08-16T00:10:12
43,mistral:7b,V2.2,abstract,Unclear,ML,"REASONING: The paper's primary contribution lies in mapping the global research landscape on AI-based knee OA progression prediction, focusing on methodological trends, key contributors, and evolving research hotspots. The methodology used is a comprehensive bibliometric analysis, which is a systematic mapping and visualization of research trends.

CATEGORY: ML (Classical machine learning — supervised/unsupervised learning, tree-based methods, SVMs, clustering, feature engineering)

The paper's focus on mapping research trends and methodological shifts, such as the transition from traditional ML approaches to deep learning and multimodal AI, suggests that the primary contribution lies in the realm of machine learning, rather than deep learning or AI in general. While deep learning is mentioned, it is not the core methodology of the paper.",9.05,,False,2026-08-16T00:10:21
44,mistral:7b,V2.2,abstract,ML,ML,"REASONING: The paper employs advanced Machine Learning (ML) regression techniques, optimized using metaheuristic algorithms, and performs sensitivity analyses using SHAP and CAM. The primary contribution of the paper is the integration of optimization algorithms with advanced models to improve predictive accuracy and model robustness in global energy forecasting.

CATEGORY: ML",4.1,,False,2026-08-16T00:10:25
45,mistral:7b,V2.2,abstract,DL,DL,"REASONING: The paper presents an artificial intelligence-based diagnostic approach that combines an improved Exponential Triangular Optimization algorithm (IETO) with a Convolutional Neural Network (CNN) model for CNC machine tool bearing fault diagnosis. The primary contribution lies in the development of a better IETO algorithm with a phase-switching mechanism and a joint hyperparameter optimization plan. The CNN model is used as a secondary component to develop an end-to-end bearing fault diagnosis model.

CATEGORY: DL (Deep Learning)",5.79,,False,2026-08-16T00:10:31
46,mistral:7b,V2.2,abstract,ML,ML,"REASONING: The paper describes the use of machine learning algorithms (ExtraTrees, XGBoost, LightGBM) for predicting early recurrence of hepatocellular carcinoma. The primary contribution of the paper is the development and validation of these machine learning models.

CATEGORY: ML",3.75,,False,2026-08-16T00:10:34
47,mistral:7b,V2.2,abstract,AI,DL,"REASONING: The paper discusses the integration of AI in discussion forums, focusing on the use of AI in the form of chatbots and GenAI. It also explores the roles of AI as a virtual teacher, peer/message matching, and automated evaluation. The primary contribution of the paper lies in the analysis and characterization of the effective integration of AI in discussion forums.

CATEGORY: DL (Deep Learning)

Explanation: Although the paper discusses various AI applications, the primary focus is on the use of AI in the form of chatbots and GenAI, which are neural network-based technologies. Therefore, the most specific applicable category is Deep Learning (DL).",7.62,,False,2026-08-16T00:10:42
48,mistral:7b,V2.2,abstract,ML,ML,"REASONING: The paper describes the development of a machine learning-assisted biosensing platform for prostate cancer screening, which utilizes iron-doped carbon quantum dots (Fe0.45-CDs) and sarcosine oxidase (SOX) for the detection of sarcosine. The Fe0.45-CDs are synthesized via a microwave-assisted strategy and possess unique structural and optical advantages, facilitating the construction of a cascade reaction-based sensor. Machine learning algorithms, specifically the k-nearest neighbors (KNN) model, are used to analyze RGB features extracted from smartphone-captured images for optimal prediction accuracy.

CATEGORY: ML",7.83,,False,2026-08-16T00:10:50
49,mistral:7b,V2.2,abstract,ML,ML,"REASONING: The paper proposes a data-driven predictive model for estimating mean pulmonary artery pressure (mPAP) based on individual patient clinical diagnostic features, and it incorporates CMR-related features into the disease evaluation framework. The primary contribution of the paper is the development of this predictive model, which uses machine learning techniques to analyze medical imaging data.

CATEGORY: ML",4.46,,False,2026-08-16T00:10:54
50,mistral:7b,V2.2,abstract,ML,ML,"REASONING: The paper introduces a formal reduction between two machine learning algorithms, the Elastic Net (and Lasso as a special case) to the Support Vector Machine. It provides a parallel solver for the Elastic Net (and Lasso) that utilizes GPU and multi-core CPUs, demonstrating a significant speedup over the popular glmnet implementation.

CATEGORY: ML",4.17,,False,2026-08-16T00:10:58
51,mistral:7b,V2.2,abstract,Unclear,DL,"REASONING: The paper focuses on the application and comparison of AI models, specifically machine learning and deep learning, for predicting hematoma expansion in patients with intracerebral hemorrhage. The primary contribution of the paper lies in the analysis of the predictive capabilities of these AI models.

CATEGORY: DL (Deep Learning)",4.2,,False,2026-08-16T00:11:03
52,mistral:7b,V2.2,abstract,DL,ML,"REASONING: The paper utilizes a machine learning model based on a multilayer artificial neural network for predicting COVID-19 cases, deaths, and case fatality ratio, using various land use forms and population density as input data. The primary contribution of the paper lies in the development and application of this neural network model.

CATEGORY: ML",4.29,,False,2026-08-16T00:11:07
53,mistral:7b,V2.2,abstract,Unclear,DL,"REASONING: The paper primarily discusses the application of Deep Learning (DL) in the diagnosis of medical images and genomic data, Radiomics, multi-omics analysis, and the ethical implications of AI in oncology. The paper's primary contribution lies in the discussion and application of DL in oncology.

CATEGORY: DL",4.06,,False,2026-08-16T00:11:11
54,mistral:7b,V2.2,abstract,DL,DL,"REASONING: The paper presents a large-scale, data-driven, concentric deep learning model for forecasting financial risks. The model uses historical financial data and optimizes financial allocations based on the identified most important risk factors. It also continues to improve its predictions by uncovering subtle and complex patterns.

CATEGORY: DL",3.68,,False,2026-08-16T00:11:15
55,mistral:7b,V2.2,abstract,Unclear,ML,"REASONING: The paper discusses the potential of integrating artificial intelligence (AI) and machine learning (ML) with multi-omics technologies to improve the predictive accuracy of risk stratification models in plasma cell disorders. The primary contribution of the paper lies in the exploration of AI and ML as tools for personalized risk prediction and the identification of novel biomarkers.

CATEGORY: ML",4.44,,False,2026-08-16T00:11:19
56,mistral:7b,V2.2,abstract,ML,ML,"REASONING: The paper proposes a multi-level feature Dempster–Shafer joint (MLDSJ) attribution method for Advanced Persistent Threat (APT) groups based on threat intelligence. It extracts multi-level features such as attack patterns, textual information, and graph topology from CTI reports, classifies these features separately using simple machine learning models, and integrates them using Dempster–Shafer (DS) evidence theory.

CATEGORY: ML",5.39,,False,2026-08-16T00:11:25
57,mistral:7b,V2.2,abstract,ML,ML,"REASONING: The paper discusses the use of supervised machine learning models for pneumonia discrimination and optimal therapeutic dosing determination, as well as ML-CDSS for potential integration into clinical practice. The primary contribution of the paper lies in the systematic review of existing studies evaluating the use of AI tools for risk prediction and therapy optimization of MRSA pneumonia.

CATEGORY: ML",4.47,,False,2026-08-16T00:11:29
58,mistral:7b,V2.2,abstract,AI,ML,"REASONING: The paper discusses the use of AI models for food formulation, recipe generation, ingredient selection, formulation optimization, and quality- and safety-driven food product development. It also mentions the need for standardized food formulation datasets, explainable models, external validation, and integration with expert sensory, analytical, and industrial-scale testing. The primary contribution of the paper seems to be the application of AI models to food formulation and related tasks.

CATEGORY: ML (Machine Learning)",5.63,,False,2026-08-16T00:11:35
59,mistral:7b,V2.2,abstract,ML,ML,"REASONING: The paper employs high-performance Machine Learning (ML) models, specifically CatBoost, for predicting concrete compressive strength. The ML models are optimized using the Arithmetic Optimization Algorithm (AOA) for improved accuracy and enhanced generalization. The novelty lies in the application of AOA optimization for ensemble ML models. The paper also uses Explainable Artificial Intelligence (XAI) results to connect model predictions with hydration chemistry and mix design principles.

CATEGORY: ML",5.92,,False,2026-08-16T00:11:41
60,mistral:7b,V2.2,abstract,DL,DL,"REASONING: The paper introduces a quantum-inspired deep learning framework for EEG-based neurological analysis, which combines quantum-inspired feature encoding with a deep-learning architecture that includes temporal convolutional and attention-based recurrent modeling. The framework also includes a multi-level explainability module for interpretability. The primary contribution of the paper is the development of the QuantumNeuroXAI framework, which makes it a deep learning approach.

CATEGORY: DL",5.84,,False,2026-08-16T00:11:46
61,mistral:7b,V2.2,abstract,AI,ML,"REASONING: The paper discusses the application of AI, specifically machine intelligence, in abdominal oncology, focusing on computer-aided detection (CAD) and diagnosis (CADx) for tumor identification and characterization, radiomics for predicting molecular profiles, and proposes solutions for challenges in clinical integration. The primary contribution of the paper lies in the application of AI and computational tools in abdominal oncology.

CATEGORY: ML (Machine Learning)",5.3,,False,2026-08-16T00:11:52
62,mistral:7b,V2.2,abstract,ML,ML,"REASONING: The paper's primary contribution lies in the application and comparison of six supervised machine-learning algorithms to predict postoperative hearing outcomes following tympanoplasty. The Random Forest classifier is identified as achieving the highest predictive accuracy.

CATEGORY: ML",3.29,,False,2026-08-16T00:11:55
63,mistral:7b,V2.2,abstract,ML,ML,"REASONING: The paper focuses on employing machine learning techniques for credit card fraud detection, specifically comparing the performance of four supervised learning algorithms (Logistic Regression, Random Forest, XGBoost, and LightGBM). It also uses the SHAP framework for feature importance and interpretability. The primary contribution of the paper lies in the comparison and interpretation of these tree-based ensemble models.

CATEGORY: ML",4.59,,False,2026-08-16T00:12:00
64,mistral:7b,V2.2,abstract,Unclear,AI,"REASONING: The paper discusses the application of AI and ML in sports medicine, outlining their current state, evaluating their clinical validation, and identifying key priorities for future advancements. The primary contribution of the paper is a review of existing studies on AI and ML applications in sports medicine.

CATEGORY: AI (general artificial intelligence approaches)",3.92,,False,2026-08-16T00:12:04
65,mistral:7b,V2.2,abstract,nan,ML,"REASONING: The paper primarily discusses the use of three-dimensional NVU organoids, spatial transcriptomics with single-cell resolution, and artificial intelligence technology, with a focus on machine learning and deep learning. The primary contribution of the paper lies in the review and application of these technologies in NVU studies related to Alzheimer's disease.

CATEGORY: ML (Machine Learning)",4.26,,False,2026-08-16T00:12:08
66,mistral:7b,V2.2,abstract,DL,ML,"REASONING: The paper's primary contribution lies in the development and comparison of machine learning models, specifically deep neural network models, for predicting functional independence after successful endovascular thrombectomy. The Shapley additive explanations (SHAP) analysis is used to understand the importance of systolic blood pressure (SBP) metrics in the models.

CATEGORY: ML",4.44,,False,2026-08-16T00:12:12
67,mistral:7b,V2.2,abstract,Unclear,ML,"REASONING: The paper discusses the use of various AI techniques, including machine learning, deep learning, optimization algorithms, and hybrid algorithms, for anemia detection. The primary contribution of the paper is the comparison of these techniques for anemia diagnosis.

CATEGORY: ML (Classical Machine Learning)",3.72,,False,2026-08-16T00:12:16
68,mistral:7b,V2.2,abstract,ML,DL,"REASONING: The paper proposes a novel explanation technique, LIME, for interpreting the predictions of any classifier, including neural networks and random forests. It focuses on making these predictions interpretable and faithful, and presents a method to explain models by optimizing a submodular problem.

CATEGORY: DL (Deep Learning)

Explanation: Although the paper mentions both tree-based methods (random forests) and neural network architectures, the primary contribution lies in the development of a method to explain the predictions of any classifier, which includes neural networks. Therefore, the most specific applicable category is deep learning.",6.47,,False,2026-08-16T00:12:22
69,mistral:7b,V2.2,abstract,DL,DL,"REASONING: The paper presents a novel fall activity recognition system for disabled persons using a Temporal Convolutional Network (TCN) classifier, which is a deep learning (DL) technique. The system involves image pre-processing using Gaussian filtering (GF) and feature extraction using NASNetMobile, DenseNet121, and MobileNetV3Large. The primary contribution of the paper is the TCN-FARSDP approach, which is a DL method.

CATEGORY: DL",5.52,,False,2026-08-16T00:12:28
70,mistral:7b,V2.2,abstract,Unclear,ML,"REASONING: The paper discusses the use of AI in personalizing virtual reality exposure therapy (VRET), with specific mentions of conversational AI, machine learning for outcome prediction, and methods to personalize cues and contexts. However, the primary contribution of the paper is the systematic review of AI applications for VRET, which falls under the category of machine learning.

CATEGORY: ML",4.38,,False,2026-08-16T00:12:32
71,mistral:7b,V2.2,abstract,AI,DL,"REASONING: The paper discusses the use of AI in diabetes care, focusing on establishing trust in medical AI by incorporating six key attributes: accuracy, reproducibility, privacy/security, transparency, human oversight, and fairness. The paper presents practical methods to achieve these attributes, prioritizing diabetes care. The primary contribution of the paper lies in the practical methods for achieving trustworthy medical AI, which falls under the category of deep learning as these methods involve the development and implementation of AI systems.

CATEGORY: DL",5.55,,False,2026-08-16T00:12:38
72,mistral:7b,V2.2,abstract,Unclear,DL,"REASONING: The paper primarily focuses on the diagnostic accuracy of AI-based algorithms for dermoscopic image analysis, with Convolutional Neural Networks (CNNs) being the most common model type and showing variable diagnostic performance. It also compares different models based on dataset characteristics, training strategies, and diagnostic reference standards.

CATEGORY: DL",4.14,,False,2026-08-16T00:12:42
73,mistral:7b,V2.2,abstract,Unclear,AI,"REASONING: The paper discusses the integration of Quantum Computing (QC) and Artificial Intelligence (AI) and their potential applications in various sectors. The primary contribution of the paper is the introduction of an integrative framework that categorizes key AI-QC convergence dimensions and proposes a classification of application areas based on technical requirements and algorithmic capabilities.

CATEGORY: AI (general artificial intelligence approaches)

The paper's core methodology is not specifically about AI, ML, or DL. Instead, it focuses on the integration of AI with QC, which is a general AI approach. Although the paper mentions quantum machine learning (QML) as one of the main advances in QC applied to AI, the primary contribution of the paper is not about QML or any specific ML/DL technique. Instead, it is about the integration framework and classification of application areas for AI-QC convergence.",9.53,,False,2026-08-16T00:12:52
74,mistral:7b,V2.2,abstract,DL,DL,"REASONING: The paper proposes a new method, the Refined Deep Evolutionary Learning Framework (R-DELF), which uses an ESM-2 Transformer and dual-attention Graph Neural Networks (GNNs) for predicting proactive viral mutations and assessing vaccine suitability. The methodology also includes an evolutionary learning maximiser and an Explainable AI layer for interpretability.

CATEGORY: DL",5.12,,False,2026-08-16T00:12:57
75,mistral:7b,V2.2,abstract,ML,DL,"REASONING: The paper primarily focuses on the comparison and efficiency of hyper-parameter optimization strategies, specifically grid search and random search, for neural networks and deep belief networks. The core methodology of the paper lies in the use of random search, which is shown to be more efficient than grid search for hyper-parameter optimization.

CATEGORY: DL (Deep Learning)",4.04,,False,2026-08-16T00:13:01
76,mistral:7b,V2.2,abstract,Unclear,ML,"REASONING: The paper's primary focus is on comparing the diagnostic performance of Machine Learning/Deep Learning (ML/DL) algorithms against conventional expert interpretation for preoperative grading of pancreatic neuroendocrine tumors. The paper uses a systematic review and meta-analysis to evaluate the diagnostic performance of imaging modalities, and the results show that ML/DL models demonstrate higher sensitivity but lower specificity compared to conventional imaging.

CATEGORY: ML",5.11,,False,2026-08-16T00:13:06
77,mistral:7b,V2.2,abstract,ML,ML,"REASONING: The paper presents a hybrid algorithm that combines classical machine learning with quantum computing techniques, specifically Variational Quantum Classifiers (VQCs). The primary contribution of the paper is testing the effectiveness of VQCs in modeling cross-sector nonlinear dependencies in stock price variations, compared to standard classical classifiers.

CATEGORY: ML (Classical Machine Learning)",4.18,,False,2026-08-16T00:13:10
78,mistral:7b,V2.2,abstract,ML,ML,"REASONING: The paper employs machine learning techniques, specifically K-means clustering, KNN, SVM, ANN, SHAP, and LIME, to analyze the determinants of fiscal openness. The primary contribution of the paper lies in the use of these machine learning tools to determine different regimes of governance and identify a ""governance gap"" in developing countries.

CATEGORY: ML",4.58,,False,2026-08-16T00:13:15
79,mistral:7b,V2.2,abstract,ML,ML,"REASONING: The paper presents a decision support system for stroke diagnosis using machine learning techniques to integrate EHR variables with EV-features derived from blood samples. The primary contribution of the paper is the development of this system, which utilizes a decision tree learning model.

CATEGORY: ML",3.22,,False,2026-08-16T00:13:18
80,mistral:7b,V2.2,abstract,DL,DL,"REASONING: The paper proposes a new approach for neural machine translation, focusing on extending the basic encoder-decoder architecture by allowing the model to automatically search for relevant parts of a source sentence, without forming them as a hard segment explicitly. The primary contribution of the paper lies in this novel extension of the encoder-decoder architecture.

CATEGORY: DL",3.91,,False,2026-08-16T00:13:22
81,mistral:7b,V2.2,abstract,ML,ML,"REASONING: The paper compares the performance of 14 machine learning (ML) models, with AdaBoost, Multilayer Perceptron (MLP), and XGBoost being the top performers. The primary contribution of the paper is the comparison and evaluation of these ML models for estimating patient-level EQ-5D-5L index scores using sociodemographic and Minimum European Health Module (MEHM) data.

CATEGORY: ML",5.28,,False,2026-08-16T00:13:27
82,mistral:7b,V2.2,abstract,ML,ML,"REASONING: The paper discusses a least squares version for SVM classifiers, which involves solving a set of linear equations instead of quadratic programming for classical SVMs. The primary contribution of the paper is the introduction of a new SVM formulation.

CATEGORY: ML",3.0,,False,2026-08-16T00:13:30
83,mistral:7b,V2.2,abstract,AI,ML,"REASONING: The paper presents BizAssistBot, an AI-driven platform that uses natural language processing, machine learning, and data analytics to provide immersive learning experiences for business students. The primary contribution of the paper is the creation and application of BizAssistBot in educational settings.

CATEGORY: ML (Machine Learning)",3.76,,False,2026-08-16T00:13:34
84,mistral:7b,V2.2,abstract,Unclear,ML,"REASONING: The paper's primary contribution lies in the development and evaluation of AI models capable of predicting stresses, strains, and deformations in rib cage reconstruction using various materials. The AI models are trained on data generated from FEM simulations, and the performance of these models is evaluated using various machine learning and deep learning regression models.

CATEGORY: ML (Machine Learning)",4.49,,False,2026-08-16T00:13:38
85,mistral:7b,V2.2,abstract,DL,DL,"REASONING: The paper introduces a functional pruning approach that uses geometric deep learning to learn network representations and an Explainable Artificial Intelligence (XAI) tool to identify the most discriminative sub-networks. The primary contribution lies in the use of these techniques to improve the identification of affected individuals in Autism Spectrum Disorder (ASD) subjects.

CATEGORY: DL (Deep Learning)",4.59,,False,2026-08-16T00:13:43
86,mistral:7b,V2.2,abstract,Unclear,ML,"REASONING: The paper discusses the application of various AI techniques, including machine learning, deep learning, and radiomics, for the early detection and characterization of prostate cancer. The primary contribution of the paper seems to be the use of AI models to improve the accuracy of prostate cancer diagnosis, particularly in small-lesion detection and risk stratification.

CATEGORY: ML",3.99,,False,2026-08-16T00:13:47
87,mistral:7b,V2.2,abstract,ML,ML,"REASONING: The paper describes a two-stage machine learning pipeline for heart failure screening using ECG data. The first stage uses logistic regression, while the second stage uses XGBoost. The primary contribution of the paper is the development and validation of this two-stage machine learning pipeline.

CATEGORY: ML",3.88,,False,2026-08-16T00:13:51
88,mistral:7b,V2.2,abstract,DL,DL,"REASONING: The paper describes the use of a multilayer perceptron (a type of neural network) for predicting dosage in strabismus surgery, and employs explainable AI techniques to determine feature importance. The primary contribution of the paper lies in the development and application of the neural network model.

CATEGORY: DL",4.06,,False,2026-08-16T00:13:55
89,mistral:7b,V2.2,abstract,ML,ML,"REASONING: The paper presents a machine learning (ML)-based petrophysical inversion method for reservoir characterization and seismic modeling, which is the primary contribution. The method integrates rock physics modeling, seismic modeling, and seismic inversion techniques, and uses ML techniques to convert elastic parameters into reservoir petrophysical parameters.

CATEGORY: ML",4.65,,False,2026-08-16T00:14:00
90,mistral:7b,V2.2,abstract,AI,ML,"REASONING: The paper presents a systematic literature review on Green AI in finance, proposing a new approach for implementing energy-efficient AI models. It identifies gaps in the current state of Green AI in financial applications and presents a taxonomy of Green AI techniques mapped to the machine learning lifecycle. The primary contribution of the paper is the proposed framework that integrates Green AI principles with energy-monitoring tools to guide sustainable AI adoption in finance.

CATEGORY: ML (Machine Learning)",5.22,,False,2026-08-16T00:14:05
91,mistral:7b,V2.2,abstract,ML,DL,"REASONING: The paper presents a hybrid framework that combines deep learning (ConvNeXt-Tiny) with classical machine learning (RBF SVM) for the automatic detection of Coeliac disease from duodenal endoscopy images. The primary contribution of the paper is the development of this hybrid framework, which makes it a Deep Learning (DL) approach.

CATEGORY: DL",4.58,,False,2026-08-16T00:14:09
92,mistral:7b,V2.2,abstract,Unclear,ML,"REASONING: The paper presents a dataset of numerical signature descriptors derived from fragment images of beetles, processed with standardized image acquisition and segmentation techniques, and four statistical descriptors are extracted to support AI and machine learning workflows. The primary contribution of the paper is the creation of this dataset for automated classification in entomological diagnostics and post-harvest pest detection, which aligns with machine learning techniques.

CATEGORY: ML",5.09,,False,2026-08-16T00:14:14
93,mistral:7b,V2.2,abstract,Unclear,DL,"REASONING: The paper describes a multimodal AI model that combines clinical data and POCUS images for sarcopenia diagnosis. The model uses various Machine Learning (ML) and Deep Learning (DL) algorithms, with a feature-level fusion technique using a multilayer perceptron network as classifier and Xception architectures for image feature extraction. The paper also integrates Explainable AI (XAI) methods for transparent interpretation of the model's diagnostic decisions.

CATEGORY: DL",5.92,,False,2026-08-16T00:14:20
94,mistral:7b,V2.2,abstract,Unclear,DL,"REASONING: The paper presents a new framework, TAXAI, for Trust-Aware Explainable Artificial Intelligence (XAI) in clinical decision support systems. It combines algorithmic transparency, interpretability alignment, compliance, and reliability to evaluate trust, fairness, robustness, and reproducibility. The framework uses a mathematically robust Trust Index for trust evaluation across different models and datasets. The primary contribution of the paper is the development of TAXAI, which is a deep-learning-based XAI method.

CATEGORY: DL",6.17,,False,2026-08-16T00:14:27
95,mistral:7b,V2.2,abstract,AI,AI,"REASONING: The paper discusses various AI applications in child and adolescent psychiatry, including AI scribes, multimodal diagnostic tools, AI-assisted therapeutics, AI-enabled video and eye-tracking approaches, chatbots, and robot companions. However, the primary contribution of the paper is a review and discussion of the ethical concerns and limitations of these AI applications in this field.

CATEGORY: AI (general artificial intelligence approaches, symbolic reasoning, expert systems, or work not specific to ML/DL techniques)",5.79,,False,2026-08-16T00:14:32
96,mistral:7b,V2.2,abstract,ML,ML,"REASONING: The paper focuses on developing a machine learning model for predicting the success of camouflage orthodontic treatment, using four specific machine learning algorithms (Random Forest, CART, Neural Network, and XGBoost) for training and evaluation. The primary contribution of the paper lies in the application of these machine learning algorithms, particularly XGBoost, for predicting treatment success.

CATEGORY: ML",4.68,,False,2026-08-16T00:14:37
97,mistral:7b,V2.2,abstract,AI,ML,"REASONING: The paper primarily focuses on the application of Machine Learning (ML) algorithms for predicting remission in Cushing’s disease, with specific performance metrics provided for these models.

CATEGORY: ML",2.75,,False,2026-08-16T00:14:40
98,mistral:7b,V2.2,abstract,AI,DL,"REASONING: The paper discusses the application of AI, specifically machine learning and deep learning, in revolutionizing various steps of the echocardiography imaging pipeline. The primary contribution of the paper is the exploration of AI in image acquisition, optimization, automated view classification, structure segmentation, and diagnosis, with a focus on pediatric cardiology.

CATEGORY: DL (Deep Learning)",4.53,,False,2026-08-16T00:14:44
99,mistral:7b,V2.2,abstract,Unclear,ML,"REASONING: The paper presents a review of recent advancements in IoT, ML, and AI technologies for early detection of cattle diseases. The primary contribution of the paper is the review of AI-based techniques for the detection, classification, prediction, and monitoring of cattle diseases using image, sensor, and text-based data.

CATEGORY: ML (The paper's primary contribution lies in the review of AI-based techniques, which are a subset of machine learning)",5.1,,False,2026-08-16T00:14:49
100,mistral:7b,V2.2,abstract,AI,DL,"REASONING: The paper discusses the integration of 2D materials into neuromorphic systems, highlighting applications in various fields such as wearable electronics, brain-machine interfaces, and quantum neuromorphic platforms. The primary contribution of the paper is the exploration of 2D materials for energy-efficient AI and neuromorphic computing.

CATEGORY: DL (Deep Learning) is not the primary focus of the paper. The paper discusses the use of 2D materials in neuromorphic computing, which is a subset of machine learning, but the main focus is on the materials and their applications, not on specific neural network architectures. Therefore, the most specific applicable category is ML (Machine Learning).",7.34,,False,2026-08-16T00:14:57
101,mistral:7b,V2.2,abstract,AI,AI,"REASONING: The paper's primary contribution lies in evaluating dental residents' knowledge and perception regarding AI's application in dentistry. The technical methods described are the distribution of a questionnaire to assess participants' knowledge and awareness about AI in dentistry.

CATEGORY: AI",3.55,,False,2026-08-16T00:15:00
102,mistral:7b,V2.2,abstract,Unclear,ML,"REASONING: The paper proposes a novel framework that integrates advanced machine learning (ML) and deep learning (DL) techniques, specifically support vector machine (SVM), random forest, XGBoost, logistic regression, feed forward neural network (FFNN), and multi-layer perceptron (MLP), to predict cardiovascular disease outcomes. The primary contribution of the paper is the comparison and evaluation of these ML and DL models using the Framingham Heart Study dataset, with the SVM model demonstrating superior performance. The paper also employs explainable AI (XAI) methods to interpret complex model predictions and ensure transparency.

CATEGORY: ML",7.64,,False,2026-08-16T00:15:08
103,mistral:7b,V2.2,abstract,AI,ML,"REASONING: The paper discusses a systematic review of various AI-based privacy-preserving strategies in the Internet of Vehicles (IoV), employing a Systematic Literature Review (SLR) to examine and classify essential methodologies such as Federated Learning (FL), Differential Privacy (DP), Homomorphic Encryption (HE), Blockchain-enhanced AI, Adversarial Machine Learning (AML), and anomaly detection. The primary contribution of the paper is the creation of a six-domain taxonomy for evaluating these methodologies.

CATEGORY: ML (since the paper reviews and classifies various machine learning techniques, although it also discusses AI-based strategies)",7.73,,False,2026-08-16T00:15:16
104,mistral:7b,V2.2,abstract,Unclear,ML,"REASONING: The paper primarily focuses on the application of Machine Learning (ML) models in the context of Acute Respiratory Distress Syndrome (ARDS) management, with a specific emphasis on predicting ARDS onset, early diagnosis, optimizing management, and forecasting outcomes.

CATEGORY: ML",3.96,,False,2026-08-16T00:15:20
105,mistral:7b,V2.2,abstract,ML,ML,"REASONING: The paper discusses various model selection techniques in the context of molecular phylogenetics, with a focus on the Akaike Information Criterion (AIC) and Bayesian methods. These techniques are used for comparing and selecting substitution models, assessing model selection uncertainty, and estimating phylogenies and model parameters. The primary contribution of the paper is the application of AIC-based model averaging to a specific dataset.

CATEGORY: ML (Machine Learning)",5.54,,False,2026-08-16T00:15:25
106,mistral:7b,V2.2,abstract,DL,DL,"REASONING: The paper presents a framework for detecting AI-generated artwork using deep learning-based transformer models, specifically DINO v2. The primary contribution of the paper is the application of this transformer model for art authenticity detection, outperforming other baselines.

CATEGORY: DL",3.54,,False,2026-08-16T00:15:29
107,mistral:7b,V2.2,abstract,ML,ML,"REASONING: The paper proposes a novel component, the quantitative argumentation layer, for tabular data that mines concepts from both data and data descriptions. It constructs a concept and argumentation model (CAM) that embeds human-aligned reasoning processes and provides interpretable decisions based on human-level knowledge.

CATEGORY: ML (Classical Machine Learning)

The primary contribution of the paper lies in the development of a new method, the quantitative argumentation layer, for tabular data. Although the method involves neural network-like reasoning (argumentation rules), the core concept follows classical machine learning techniques, such as feature engineering (data descriptions) and supervised learning (human-aligned reasoning processes). The neural network aspect is secondary to the primary contribution of the paper.",7.97,,False,2026-08-16T00:15:37
108,mistral:7b,V2.2,abstract,AI,AI,"REASONING: The paper discusses the application of AI in pathology, outlining its role in analyzing and interpreting complex tissue and cellular imaging data, and its potential to enhance accuracy, efficiency, and consistency in histopathological evaluation and lesion diagnosis. The primary contribution of the paper is the guide for head and neck pathologists on the fundamentals and applications of AI in their field.

CATEGORY: AI",4.91,,False,2026-08-16T00:15:42
109,mistral:7b,V2.2,abstract,ML,DL,"REASONING: The paper proposes an optimized hybrid deep learning framework that integrates Convolutional Neural Networks (CNN) and Recurrent Neural Networks (RNN) for energy production prediction. The primary contribution lies in the optimization of the CNN-RNN model using a Genetic Algorithm (GA) for hyperparameter optimization, feature selection using Binary Particle Swarm Optimization (BPSO), and comparison with other baseline regression models.

CATEGORY: DL",5.7,,False,2026-08-16T00:15:47
110,mistral:7b,V2.2,abstract,nan,ML,"REASONING: The paper presents an open-source Python framework for managing and annotating medical time series data, which is a key component in AI applications, particularly in critical care. The framework is designed to handle noisy and high-volume data, addressing common challenges in AI applications.

CATEGORY: ML (Machine Learning)",3.84,,True,2026-08-16T00:15:51
111,mistral:7b,V2.2,abstract,AI,ML,"REASONING: The paper discusses various AI-based approaches for improving medication adherence in patients with cardiovascular diseases. The primary contribution of the paper is the scoping review of AI-based methods, which includes natural language processing, reinforcement learning, and machine learning algorithms such as neural networks, random forests, support vector machines, and decision tree models.

CATEGORY: ML",4.62,,False,2026-08-16T00:15:56
112,mistral:7b,V2.2,abstract,ML,DL,"REASONING: The paper describes a two-stage artificial intelligence framework that integrates multimodal MRI and clinical indicators for the noninvasive assessment of renal fibrosis in patients with CKD. The primary contribution of the paper is the development of a deep learning model (MobileNetV2-SE-based) for RF classification, which is the core concept followed to achieve its results.

CATEGORY: DL",5.26,,False,2026-08-16T00:16:01
113,mistral:7b,V2.2,abstract,DL,DL,"REASONING: The paper focuses on understanding the issues with standard gradient descent from random initialization in deep neural networks, and proposes a new initialization scheme to address these issues. The primary contribution of the paper lies in the development of a new initialization method for deep neural networks.

CATEGORY: DL",3.45,,False,2026-08-16T00:16:05
114,mistral:7b,V2.2,abstract,ML,DL,"REASONING: The paper describes the development of a pilot study to assess the feasibility of an ultrasound scanning protocol for measuring body composition in infants, and the creation of a database of ultrasound images for training AI models, specifically convolutional neural networks (CNN). The primary contribution of the paper is the development and evaluation of AI-enabled analysis for whole-body composition estimation from ultrasound images.

CATEGORY: DL",5.21,,False,2026-08-16T00:16:10
115,mistral:7b,V2.2,abstract,nan,Unclear,"REASONING: This abstract does not provide any information about the technical methods or the primary contribution of the paper. It is merely correcting a typesetting error in an author's name.
CATEGORY: Unclear",2.6,,False,2026-08-16T00:16:12
116,mistral:7b,V2.2,abstract,Unclear,DL,"REASONING: The paper primarily focuses on comparing the performance of various machine learning and transformer-based deep learning models for Arabic sentiment analysis. The study also discusses the impact of annotation quality on model performance and proposes a balanced human-artificial intelligence annotation paradigm.

CATEGORY: DL (Deep Learning)",3.91,,False,2026-08-16T00:16:16
117,mistral:7b,V2.2,abstract,Unclear,ML,"REASONING: The paper presents an integrated workflow that utilizes robot-automated experimentation, machine learning predictions, and finite element simulations to design stretchable electrodes. The primary contribution lies in the development of an ensemble of artificial neural networks for predicting strain-insensitive stretchable electrodes.

CATEGORY: ML",3.84,,False,2026-08-16T00:16:20
118,mistral:7b,V2.2,abstract,ML,ML,"REASONING: The paper discusses the generation of synthetic data for improving the quality of AI algorithms, particularly focusing on statistical, probabilistic, and Machine Learning (ML) based tabular data generation methods. The primary contribution of the paper is the exploration and analysis of these methods, with SMOTE and its variants being the commonly used techniques.

CATEGORY: ML",4.21,,False,2026-08-16T00:16:24
119,mistral:7b,V2.2,abstract,ML,DL,"REASONING: The paper proposes a multimodal AI system, DMDNet, that uses a convolutional neural network (CNN) for feature extraction and employs four advanced classification strategies, including transformer-based, adversarial, self-supervised, and feature-selection approaches. The primary contribution of the paper is the development and evaluation of the DMDNet, which makes use of these various techniques.

CATEGORY: DL (Convolutional Neural Networks are used for feature extraction)",5.84,,False,2026-08-16T00:16:30
120,mistral:7b,V2.2,abstract,ML,ML,"REASONING: The paper proposes an Accurate Surgical Time Prediction (ASTP) framework that uses machine learning models, specifically Histogram Gradient Boosting Regression (HGBR), artificial neural networks (ANNs), and recurrent models like Long Short Term Memory (LSTM), Gated Recurrent Unit (GRU), and hybrid LSTM+GRU. The primary contribution of the paper is the ASTP framework, which is a machine learning approach, making it a machine learning (ML) paper.

CATEGORY: ML",6.14,,False,2026-08-16T00:16:36
121,mistral:7b,V2.2,abstract,ML,ML,"REASONING: The paper discusses various mathematical and machine learning-assisted spectral generation methods for Raman spectroscopy, including AI-assisted spectral generation techniques like GANs and Auto-encoders. The primary contribution of the paper is the critical review and evaluation of these techniques.

CATEGORY: ML",3.76,,False,2026-08-16T00:16:40
122,mistral:7b,V2.2,abstract,Unclear,DL,"REASONING: The paper primarily focuses on comparing the performance of transformer-based models (DistilBERT), deep learning models (LSTM and Bi-LSTM), and classical machine learning (Naive Bayes with TF-IDF vectorization) for sentiment analysis of ChatGPT-related educational discourse. The primary contribution lies in the comparative evaluation and the development of a user-friendly web application for non-technical stakeholders.

CATEGORY: DL (Deep Learning)",5.56,,True,2026-08-16T00:16:46
123,mistral:7b,V2.2,abstract,AI,DL,"REASONING: The paper proposes an AI-based decision support approach for the development of upper limb exoskeletons, which primarily utilizes a multilayer perceptron neural network for achieving 100% accuracy. The paper also presents new models for classifying hand dysfunctions, exoskeleton design, and estimating manufacturing costs.

CATEGORY: DL",4.41,,False,2026-08-16T00:16:50
124,mistral:7b,V2.2,abstract,nan,DL,"REASONING: The paper introduces a new language representation model, BERT, which is based on transformers and pre-trains deep bidirectional representations from unlabeled text. The primary contribution of the paper is the development and implementation of the BERT model, which can be fine-tuned for various tasks like question answering and language inference without substantial architecture modifications.

CATEGORY: DL",4.38,,False,2026-08-16T00:16:54
125,mistral:7b,V2.2,abstract,ML,DL,"REASONING: The paper introduces a novel AI framework for fault detection and diagnosis in photovoltaic systems that primarily uses Convolutional Neural Networks (CNNs) in combination with the Wigner-Ville Distribution (WVD) for time-frequency analysis. The primary contribution of the paper is the development and implementation of this CNN-WVD model for PV fault classification.

CATEGORY: DL",5.2,,False,2026-08-16T00:17:00
126,mistral:7b,V2.2,abstract,Unclear,DL,"REASONING: The paper discusses the use of AI and ML, particularly deep learning and convolutional neural networks (CNNs), for early detection, risk assessment, and prevention of Alzheimer's disease. The primary contribution of the paper lies in the application of these neural network architectures for diagnosing and predicting Alzheimer's disease.

CATEGORY: DL",4.53,,False,2026-08-16T00:17:04
127,mistral:7b,V2.2,abstract,ML,ML,"REASONING: The paper describes the use of multiple supervised machine learning algorithms (Random Forest, Support Vector Machine, Decision Tree, Naive Bayes, and CatBoost) for predicting Iron-deficiency anaemia (IDA) based on hematological parameters. The primary contribution of the paper is the development and comparison of these ML algorithms.

CATEGORY: ML",4.74,,False,2026-08-16T00:17:09
128,mistral:7b,V2.2,abstract,AI,DL,"REASONING: The paper discusses the application of AI in precision immunotherapy, focusing on biomarker discovery, prediction of immune checkpoint inhibitor response and toxicity, neoantigen prioritization, CAR-T cell optimization, and therapeutic antibody engineering. The primary contribution of the paper lies in the application of AI in immunotherapy, which is a deep learning approach.

CATEGORY: DL",4.83,,False,2026-08-16T00:17:14
129,mistral:7b,V2.2,abstract,ML,ML,"REASONING: The paper proposes a machine learning framework for proactive detection of Android ransomware using network traffic metadata. It employs advanced classifiers like Light Gradient Boosting Machine, eXtreme Gradient Boosting Machine, and Random Forest, and uses explainable AI methods for interpretability. The framework also incorporates online learning to adapt to evolving threat patterns in real-time.

CATEGORY: ML",4.91,,False,2026-08-16T00:17:19
130,mistral:7b,V2.2,abstract,AI,DL,"REASONING: The paper discusses the use of AI, deep learning, and robotic microscopy for parasitology diagnostics, with a focus on improving diagnostic equity in regions affected by parasitic diseases. The primary contribution of the paper seems to be the evaluation of these emerging digital technologies and their potential to improve diagnostic accuracy and feasibility in low-resource settings.

CATEGORY: DL (Deep Learning)",4.48,,False,2026-08-16T00:17:23
131,mistral:7b,V2.2,abstract,ML,DL,"REASONING: The paper presents a study that develops three hybrid predictive models using artificial neural networks (ANN) optimized with genetic algorithm (GA), particle swarm optimization (PSO), and the Levenberg–Marquardt (LM) algorithm for predicting the crack healing percentage in self-healing concrete. The primary contribution of the paper is the development and comparison of these hybrid models.

CATEGORY: DL (Deep Learning)

Explanation: Although the paper uses machine learning techniques (optimization algorithms), the core methodology follows the development and comparison of neural network architectures (ANN), which is the primary contribution of the paper. Therefore, it falls under the Deep Learning category, even though it also involves machine learning and AI.",7.81,,False,2026-08-16T00:17:31
132,mistral:7b,V2.2,abstract,ML,ML,"REASONING: The paper primarily focuses on the use of machine learning methods (Naive Bayes, decision tree, random forest, and support vector machines) to predict faculty-assigned letter grades based on extracted features from a dental simulation task. The best-performing method is further explained using Shapley additive explanations (SHAP).

CATEGORY: ML",4.35,,False,2026-08-16T00:17:35
133,mistral:7b,V2.2,abstract,AI,ML,"REASONING: The paper discusses the application of AI in enhancing PPE training, primarily focusing on computer vision and machine learning techniques for real-time feedback, virtual simulation, and compliance monitoring. The primary contribution of the paper lies in the review and analysis of these AI-based methods.

CATEGORY: ML",3.81,,False,2026-08-16T00:17:39
134,mistral:7b,V2.2,abstract,AI,ML,"REASONING: The paper primarily focuses on the application of machine learning and deep learning in the field of orthopedics, with a specific emphasis on structured perioperative risk prediction, standardized musculoskeletal imaging, and workflow and decision support using large language models. The primary contribution of the paper lies in the discussion of the barriers to implementation of these AI techniques in clinical settings and the suggestions for future directions.

CATEGORY: ML (Machine Learning)",5.19,,False,2026-08-16T00:17:44
135,mistral:7b,V2.2,abstract,ML,ML,"REASONING: The paper uses machine learning techniques (LASSO regression, SHAP analysis, XGBoost, LightGBM, CatBoost) to identify psychological predictors of intention to use antimicrobials appropriately among clinicians. The primary contribution of the paper is the integration of behavioral theory with explainable machine learning to address antimicrobial resistance.

CATEGORY: ML",4.61,,False,2026-08-16T00:17:49
136,mistral:7b,V2.2,abstract,Unclear,ML,"REASONING: The paper discusses the application of AI, specifically machine learning (ML) and deep learning (DL), in optimizing the design of nanobiological materials for stem cell therapy. The primary contribution of the paper is the proposal of a closed-loop system that integrates AI-driven design, patient-specific data, and real-time monitoring for personalized medicine in neurodegenerative diseases.

CATEGORY: ML (Machine Learning)",5.0,,False,2026-08-16T00:17:54
137,mistral:7b,V2.2,abstract,ML,ML,"REASONING: The paper employs machine learning models, specifically XGBoost and LightGBM algorithms, for predicting three-year survival after diagnosis for various cancer types. The primary contribution of the paper is the use of cross-prediction, which involves training models on data for a specific type of cancer and applying them to predict survival for other cancer types.

CATEGORY: ML",4.27,,False,2026-08-16T00:17:58
138,mistral:7b,V2.2,abstract,ML,ML,"REASONING: The paper primarily focuses on the application of multiple machine learning algorithms (KNN, SVC, RFC, and XGBoost) to a synthetic predictive maintenance dataset for improving infrastructure and facilities management. The paper's primary contribution lies in the comparative analysis of these machine learning models and the findings that XGBoost outperforms other models in multiclass failure prediction.

CATEGORY: ML",4.78,,False,2026-08-16T00:18:03
139,mistral:7b,V2.2,missing,nan,NO_INPUT,,0.0,no abstract available,False,2026-08-16T00:18:03
140,mistral:7b,V2.2,abstract,AI,DL,"REASONING: The paper discusses the use of large language models (LLMs) for automating annotation in the field of medical device regulatory science, evaluating their performance, and demonstrating their application in various tasks. The primary contribution of the paper lies in the use and validation of LLMs for scaling data analyses.

CATEGORY: DL (Deep Learning)

The paper's core method is based on large language models, which are a type of deep learning model. Although the paper also discusses AI and ML, the primary contribution is in the realm of deep learning, specifically the application and validation of LLMs.",6.66,,False,2026-08-16T00:18:10
141,mistral:7b,V2.2,abstract,ML,ML,"REASONING: The paper discusses the application of Automated Machine Learning (AutoML) in oral healthcare, focusing on its use across multiple dental specialties and various data modalities. The primary contribution of the paper is the evaluation of AutoML's application, performance, and translational relevance in oral healthcare.

CATEGORY: ML",3.79,,False,2026-08-16T00:18:13
142,mistral:7b,V2.2,abstract,Unclear,ML,"REASONING: The paper presents a machine learning-based framework for predicting the residual flexural strength of FR-UHPC after exposure to elevated temperatures. It benchmarks nine state-of-the-art algorithms, including the novel hybrid AegisFusion architecture, which is a dual-track neural/tree fusion with MetaSwarm tuning and Bayesian calibration. The primary contribution of the paper is the development and validation of the AegisFusion algorithm.

CATEGORY: ML",5.71,,False,2026-08-16T00:18:19
143,mistral:7b,V2.2,abstract,ML,DL,"REASONING: The paper introduces the technique of dropout to address overfitting in deep neural networks, which is the paper's primary contribution. The method involves randomly dropping units from the neural network during training to prevent co-adaptation and improve performance on various supervised learning tasks.

CATEGORY: DL",3.65,,False,2026-08-16T00:18:23
144,mistral:7b,V2.2,abstract,ML,ML,"REASONING: The paper proposes a hybrid framework that integrates federated learning with ensemble-based machine learning models and explainable AI techniques for sepsis mortality prediction. The primary contribution of the paper is the development of this hybrid framework, which employs various machine learning models (Random Forest, LightGBM, XGBoost, K-Nearest Neighbors, and Logistic Regression) and explainable AI techniques (SHapley Additive exPlanations (SHAP), Local Interpretable Model-agnostic Explanations (LIME), and Partial Dependence Plots (PDP)).

CATEGORY: ML",6.96,,False,2026-08-16T00:18:30
145,mistral:7b,V2.2,abstract,Unclear,ML,"REASONING: The paper discusses the application of AI, specifically machine learning and deep learning, in improving diagnostic accuracy and outcome prediction for acute ischemic stroke (AIS). It focuses on AI-assisted approaches in lesion segmentation and functional outcome forecasting, and the integration of multimodal data.

CATEGORY: ML",4.15,,False,2026-08-16T00:18:34
146,mistral:7b,V2.2,abstract,Unclear,ML,"REASONING: The paper primarily focuses on the integration of AI (specifically, Artificial Intelligence in the form of sentiment analysis and transformer-based models) and advanced statistical methods (Structural Equation Modelling, Logistic Regression, Random Forest, XGBoost, and Neural Networks) for predicting consumer purchase intentions. The paper's primary contribution lies in the development and testing of a hybrid SEM-ML framework that combines Structural Equation Modelling and machine learning models.

CATEGORY: ML (Machine Learning)",6.06,,False,2026-08-16T00:18:40
147,mistral:7b,V2.2,abstract,Unclear,DL,"REASONING: The paper proposes a novel hybrid computational framework that integrates Graph Convolutional Networks, Variational Autoencoders, and Uncertainty Aware Adaptive Multi-Objective Optimization-based Reinforcement Learning (UAAMOO-RL) for drug discovery. The primary contribution of the paper is the development and application of this hybrid framework.

CATEGORY: DL (Deep Learning)",4.91,,False,2026-08-16T00:18:45
148,mistral:7b,V2.2,abstract,ML,ML,"REASONING: The paper describes a method for generating multiple versions of a predictor using bootstrap replicates and averaging or voting to get an aggregated predictor. The primary contribution of the paper is the use of bagging for improving the accuracy of predictors, especially for unstable prediction methods.

CATEGORY: ML",3.58,,False,2026-08-16T00:18:48
149,mistral:7b,V2.2,abstract,AI,ML,"REASONING: The paper discusses the use of multimodal AI systems that integrate diverse imaging modalities and clinical data for improving diagnosis, prognosis, and risk stratification in retinal vascular diseases. The primary contribution of the paper is the systematic review of the diagnostic and prognostic applications of multimodal AI in retinal vascular diseases.

CATEGORY: ML (The paper's primary contribution is a systematic review of machine learning models, specifically multimodal AI systems, and it does not focus on a specific neural network architecture.)",6.4,,False,2026-08-16T00:18:55
150,mistral:7b,V2.2,abstract,ML,ML,"REASONING: The paper develops a data-driven Bayesian Network framework using a Tree-Augmented Naive Bayes (TAN) structure, trained on a long-term dataset of collision accident investigation reports. The primary contribution of the paper is the creation of this data-driven model for analyzing and predicting the consequences of ship collision accidents on a global scale.

CATEGORY: ML (Machine Learning)",4.73,,False,2026-08-16T00:19:00
151,mistral:7b,V2.2,abstract,ML,UNPARSEABLE,"REASONING: The paper's primary contribution lies in the application of machine learning techniques, specifically in Geo-Intelligent Wildfire Risk Prediction, harnessing Machine Learning to Optimize Community Health Worker Interventions, practical Insights Into Semi-Supervised Object Detection Approaches, improving and Piloting the Application of 360° Virtual Reality Technology in Nursing Education, applications of Homomorphic Encryption Towards Preserving Healthcare Privacy, MLA-Net for Alzheimer’s Disease Detection, a Multi-Model Analytical Framework for Sentiment Dynamics, Cybersecurity RAG, DANTE.v2 for Predicting Insider Threat, A Machine Learning Study of Country-Level ESG Modeling, deep Reinforcement Learning for Risk-Adjusted Portfolio Optimization, hyperparameter Tuning for Credit Card Fraud Detection, detecting Fake Instagram Accounts, sentiment polarity study on Microwave Oven Reviews, Modeling Student AI Stances in Education, Efficient and Accurate Facial Emotion Recognition, Latent Space Visualization of Point Cloud Autoencoder, Analyzing Overlapping Communities in Heterogeneous Information Networks, understanding Overlapping Community Structures in Heterogeneous Information Networks, modeling and Evaluation of System Constructions Based on Blockchain Network. The paper also includes deep learning",14.39,,False,2026-08-16T00:19:14
152,mistral:7b,V2.2,abstract,ML,ML,"REASONING: The paper describes the development of a diagnostic model using portable GC-MS and an AI model that employs machine learning algorithms. The primary contribution of the paper is the creation of this diagnostic model, which is a machine learning approach.

CATEGORY: ML",3.4,,False,2026-08-16T00:19:17
153,mistral:7b,V2.2,abstract,Unclear,ML,"REASONING: The paper discusses the use of AI and ML techniques, specifically supervised and unsupervised methods like auto-encoders and Isolation Forests classifiers, to create a hybrid model for detecting insider threats. The primary contribution of the paper is the proposed hybrid model that combines anomaly detection and behavioral analytics.

CATEGORY: ML",3.97,,False,2026-08-16T00:19:21
154,mistral:7b,V2.2,abstract,Unclear,ML,"REASONING: The paper's primary contribution lies in the review and analysis of AI approaches in wildfire management, with a focus on machine learning-driven wildfire prediction, risk assessment, and behavior modeling.
CATEGORY: ML",2.63,,False,2026-08-16T00:19:24
155,mistral:7b,V2.2,abstract,AI,ML,"REASONING: The paper proposes an AI-enriched digital Educational Framework (AIEDF) based on a Holistic Digital Literacy Framework (HDLF), which synthesizes competencies from existing frameworks. The primary contribution of the paper is the development of the AIEDF, which aligns AI competencies with Bloom's taxonomy, from fundamental AI understanding (e.g., Machine Learning Basics) to more advanced tasks (e.g., designing simple AI applications).

CATEGORY: ML (Machine Learning)",5.85,,False,2026-08-16T00:19:30
156,mistral:7b,V2.2,missing,nan,NO_INPUT,,0.0,no abstract available,False,2026-08-16T00:19:30
157,mistral:7b,V2.2,abstract,AI,ML,"REASONING: The paper presents a systematic review of AI-driven multimodal fusion approaches for Alzheimer's Disease prediction, analyzing and categorizing various data harmonization and preprocessing techniques, fusion strategies, and the adoption of explainable AI (XAI) techniques. The primary contribution of the paper is the unique focus on the intersection of multimodal integration and explainability within a systematically validated framework.

CATEGORY: ML (Machine Learning)",5.18,,False,2026-08-16T00:19:35
158,mistral:7b,V2.2,abstract,Unclear,ML,"REASONING: The paper discusses the role of artificial intelligence (AI) and machine learning (ML) in optimizing microalgae production for sustainable protein alternatives, with a focus on resource-use efficiency and nutrient recovery. The primary contribution of the paper lies in the application of AI and ML in microalgae production.

CATEGORY: ML",4.1,,False,2026-08-16T00:19:39
159,mistral:7b,V2.2,abstract,Unclear,ML,"REASONING: The paper presents an AI-enabled smart farming framework that integrates Machine Learning (ML) and Internet of Things (IoT) technologies for optimizing date palm cultivation. Four ML algorithms were developed and optimized, with the Random Forest model achieving the highest classification accuracy.

CATEGORY: ML",3.68,,False,2026-08-16T00:19:43
160,mistral:7b,V2.2,abstract,ML,DL,"REASONING: The paper introduces a hybrid framework for the detection of synthetic Spanish text using a tri-layer feature fusion strategy, which includes structural stylometry (symbolic layer), probabilistic surprisal via perplexity (statistical layer), and topical-aware semantic contrast (contextual layer). The primary contribution lies in the multi-model stacking ensemble that combines diverse learning architectures to maximize classification robustness.

CATEGORY: DL (Deep Learning)",5.19,,False,2026-08-16T00:19:48
161,mistral:7b,V2.2,abstract,Unclear,DL,"REASONING: The paper discusses the application of AI and ML frameworks, including deep learning (DL), for optimizing electrochemical devices and predicting their performance, fault diagnosis, and adaptive control strategies. The primary contribution of the paper lies in the analysis of physics-informed neural networks (PINNs) as an emerging hybrid strategy that incorporates governing physical laws to enhance model robustness and data efficiency.

CATEGORY: DL (Deep Learning)",4.84,,False,2026-08-16T00:19:53
162,mistral:7b,V2.2,abstract,Unclear,DL,"REASONING: The paper presents a hybrid approach that combines computational fluid dynamics (CFD) and artificial intelligence (AI) for aerodynamic performance enhancement. The primary contribution lies in the development of a method that uses bio-inspired riblets and active plasma control, and the use of machine learning algorithms for model prediction and simulation.

CATEGORY: DL (Deep Learning)

Explanation: Although the paper uses machine learning algorithms, the primary contribution is the hybrid approach that combines CFD and AI for aerodynamic performance enhancement. The AI aspect is not specific to symbolic reasoning, expert systems, or work not specific to ML/DL techniques (AI category), and it's not just about classical machine learning (ML category). The deep learning category is the most specific because the AI aspect of the paper primarily involves the use of artificial neural networks, which is a key component of deep learning.",9.11,,False,2026-08-16T00:20:02
163,mistral:7b,V2.2,abstract,ML,ML,"REASONING: The paper discusses the application of machine learning in functional materials design, focusing on three levels: macroscopic compositional design, microscopic electronic and structural responses, and dynamic or time-dependent processes. It emphasizes the use of machine learning as a practical tool for guiding exploration within complex design spaces, and the need for methodological choices and practical tools that range from data-driven screening and optimization to physics-aware surrogates and pathway-based or sequential learning.

CATEGORY: ML",5.47,,False,2026-08-16T00:20:07
164,mistral:7b,V2.2,abstract,DL,DL,"REASONING: The paper proposes a method for traffic noise map reconstruction using a convolutional neural network (CNN) regression model, which is a deep learning technique. The primary contribution of the paper is the development and application of this CNN model for noise prediction.

CATEGORY: DL",3.22,,False,2026-08-16T00:20:11
165,mistral:7b,V2.2,abstract,ML,ML,"REASONING: The paper proposes an approach based on machine learning and graph analysis for identifying important patterns and diagnostic markers for dementia. It evaluates ten machine learning models, performs feature ranking, and validates the results using graphical analysis. The primary contribution of the paper lies in the application of machine learning models for improving dementia diagnosis.

CATEGORY: ML",4.19,,False,2026-08-16T00:20:15
166,mistral:7b,V2.2,abstract,ML,ML,"REASONING: The paper describes the development and evaluation of multiple supervised machine learning models for the prediction of depression risk among the elderly population. The primary contribution of the paper is the use of these machine learning models, specifically the bagged tree model, to identify significant health-related, psychosocial, and activities of daily living factors associated with depression.

CATEGORY: ML",4.23,,False,2026-08-16T00:20:19
167,mistral:7b,V2.2,abstract,AI,ML,"REASONING: The paper discusses the application of AI in plastic and reconstructive surgery, focusing on the use of machine learning algorithms for automated image analysis, AI-driven virtual assistants for patient education and preoperative communication, and the integration of large language models into clinical decision making and medical education. The primary contribution of the paper lies in its review and examination of the current practice and future potential of AI in this specific field.

CATEGORY: ML (Machine Learning)",5.01,,False,2026-08-16T00:20:24
168,mistral:7b,V2.2,abstract,ML,ML,"REASONING: The paper employs the double machine learning (DML) method with random forest regression as the DML learner to investigate the relationship between government-level AI policies and corporate supply chain resilience.

CATEGORY: ML",3.07,,False,2026-08-16T00:20:27
169,mistral:7b,V2.2,abstract,AI,DL,"REASONING: The paper discusses the integration of AI and wastewater-based epidemiology (WBE) for real-time disease detection, focusing on AI-driven models that support pattern recognition, predict temporal trends, and detect anomalies from wastewater data. The primary contribution of the paper lies in the application of AI to WBE for disease detection.

CATEGORY: DL (Deep Learning)

The AI-driven models mentioned in the paper, such as those for pattern recognition and anomaly detection, are likely to be neural network-based, making this a deep learning application. Although the paper also mentions classical machine learning techniques like spatial analytics, the primary contribution is in the application of deep learning to WBE for disease detection.",7.43,,False,2026-08-16T00:20:35
170,mistral:7b,V2.2,abstract,Unclear,DL,"REASONING: The paper introduces a transformers-based architecture, RoBERTa-Large, for the automated detection of clickbait news headlines. It employs various textual features and advanced word embeddings for encoding linguistic information from the dataset, and is evaluated against state-of-the-art ML and DL approaches. The primary contribution of the paper lies in the application of RoBERTa-Large, a DL model, for clickbait headline detection.

CATEGORY: DL",5.4,,False,2026-08-16T00:20:40
171,mistral:7b,V2.2,abstract,nan,ML,"REASONING: The paper discusses the use of bibliometric analysis, a method used in machine learning, to study the evolution of AI and ML research in sustainable development. The primary contribution of the paper is the application of machine learning techniques to analyze SCOPUS data.

CATEGORY: ML",3.48,,False,2026-08-16T00:20:44
172,mistral:7b,V2.2,abstract,ML,ML,"REASONING: The paper presents an interpretable machine learning architecture for early diagnosis of Alzheimer's disease, performs extensive feature engineering, addresses class imbalance, introduces a new Grey Relational Grade index, and compares seven mainstream classifiers, including Deep Neural Networks. The primary contribution of the paper lies in the development and comparison of machine learning models, with a focus on Deep Neural Networks.

CATEGORY: ML",4.95,,False,2026-08-16T00:20:49
173,mistral:7b,V2.2,abstract,Unclear,DL,"REASONING: The paper discusses the intersection of Federated Learning (FL) and Explainable Artificial Intelligence (XAI) to create a new paradigm called Federated Explainable Artificial Intelligence (FedXAI). It focuses on the integration of explainability as an active component of the FL lifecycle, influencing various aspects such as aggregation, coordination, personalization, robustness, and system-level decision making.

CATEGORY: DL (Deep Learning)

EXPLANATION: Although the paper does not primarily focus on specific neural network architectures, it discusses the integration of explainability into the federated learning lifecycle, which is a key aspect of deep learning. The primary contribution of the paper lies in the development and exploration of FedXAI, which is a deep learning approach that aims to address privacy and explainability concerns in distributed and heterogeneous data sources.",9.25,,False,2026-08-16T00:20:58
174,mistral:7b,V2.2,abstract,ML,ML,"REASONING: The paper presents a novel, fairness-aware machine learning framework for predicting antenatal care uptake among women in Ghana. It uses multiple imputation, categorical encoding, SMOTE, and four supervised models (logistic regression, random forest, XGBoost, support vector machine) for prediction. It also integrates explainability, bias mitigation, and causal inference.

CATEGORY: ML",5.81,,False,2026-08-16T00:21:04
175,mistral:7b,V2.2,abstract,ML,DL,"REASONING: The paper introduces a new method for training interatomic potentials based on the graph atomic cluster expansion (GRACE) framework, which uses neural networks to model a vast range of materials. The paper also discusses techniques for adapting these models to specialized tasks and simpler architectures.

CATEGORY: DL",3.59,,False,2026-08-16T00:21:07
176,mistral:7b,V2.2,abstract,ML,DL,"REASONING: The paper describes a two-stage system that uses the Real-Time Detection Transformer (RT-DETR) for landmark localization and supervised machine learning classifiers for binary screening of strabismus. The primary contribution of the paper is the combination of transformer-based landmark detection with geometric ratios for strabismus screening, which falls under the DL category.

CATEGORY: DL",4.58,,False,2026-08-16T00:21:12
177,mistral:7b,V2.2,abstract,ML,ML,"REASONING: The paper describes the development and evaluation of machine learning models (SVM, KNN, and RUSBoost) for predicting recurrent ischemic stroke using real-world data. The Synthetic Minority Over-Sampling Technique (SMOTE) was applied to handle the imbalanced data, and the performance was evaluated using various metrics. The SHAP analysis was used to identify the most significant factors linked to an increased risk of recurrent ischemic stroke.

CATEGORY: ML",5.78,,False,2026-08-16T00:21:18
178,mistral:7b,V2.2,abstract,ML,ML,"REASONING: The paper employs various machine learning algorithms for predicting hand movements using fNIRS signals. The primary contribution of the paper is the comparison of these machine learning algorithms, with the Random Forest algorithm showing the best performance.

CATEGORY: ML",3.31,,False,2026-08-16T00:21:21
179,mistral:7b,V2.2,abstract,nan,DL,"REASONING: The paper presents a Quantum-Inspired Algorithm (QIA) for sustainable machine learning, which optimizes hyperparameters, model compression, and scheduling in a single framework. The algorithm uses tunnelling-based search and amplitude reweighting to find energy-efficient configurations faster, and builds a metric comparison to evaluate trade-offs among accuracy, energy consumption, and carbon footprint using a new Quantum-Sustainable AI (Q-SAI) index.

CATEGORY: DL (Deep Learning)

The primary contribution of the paper is the development of a Quantum-Inspired Algorithm (QIA) for sustainable machine learning, which is a neural network-based approach. Although the paper also discusses machine learning and artificial intelligence, the core methodology follows deep learning techniques, specifically optimizing deep learning models for energy efficiency.",8.81,,False,2026-08-16T00:21:30
180,mistral:7b,V2.2,abstract,nan,ML,"REASONING: The paper primarily focuses on the application and comparison of various machine learning models, particularly hybrid deep learning models, for the optimization of electric vehicle subsystems. The analysis of 240 peer-reviewed publications and the quantitative benchmarking framework provided are key indicators of this.

CATEGORY: ML",4.06,,False,2026-08-16T00:21:34
181,mistral:7b,V2.2,abstract,DL,DL,"REASONING: The paper proposes an Assistive Communication System Using Deep Sparse Autoencoder with Feature Learning (ACS-DSAEFL) approach, which employs image pre-processing, Inception-enhanced vision transformer (IEViT) for feature extraction, and stacked sparse denoising autoencoder (SSDAE) for classification. The primary contribution of the paper lies in the development of the ACS-DSAEFL approach for improving communication for the deaf community.

CATEGORY: DL",5.91,,False,2026-08-16T00:21:40
182,mistral:7b,V2.2,abstract,Unclear,DL,"REASONING: The paper describes the development of FungiGuard, a tool that integrates Random Forest, Long Short-Term Memory (LSTM), and attention mechanisms, primarily using LSTM and attention mechanisms as neural network architectures. The tool is designed to identify antifungal peptides (AFPs) in plants, outperforming existing generalized AFP models.

CATEGORY: DL",4.35,,False,2026-08-16T00:21:44
183,mistral:7b,V2.2,abstract,ML,ML,"REASONING: The paper discusses a method for improving parameter estimates in multiple regression by adding small positive quantities to the diagonal of X'X, and introduces the ridge trace as a visualization method for showing the effects of nonorthogonality. The primary contribution of the paper seems to be the proposed estimation procedure for nonorthogonal prediction vectors.

CATEGORY: ML",3.94,,False,2026-08-16T00:21:48
184,mistral:7b,V2.2,abstract,DL,DL,"REASONING: The paper presents a framework, PLGDL, that uses Protein Language and Geometric Deep Learning models for protective antigen prediction in vaccine development. The primary contribution of the paper is the development and application of this integrated model.

CATEGORY: DL (Geometric Deep Learning models are a subset of deep learning)",3.57,,False,2026-08-16T00:21:52
185,mistral:7b,V2.2,abstract,Unclear,ML,"REASONING: The paper discusses the application of AI and ML technologies in renal cancer research, focusing on a systematic literature search, bibliometric analysis, and visualization of patterns using specific tools. The primary contribution of the paper is the bibliometric analysis using various tools to visualize patterns in co-authorship, institutional collaborations, citations, keyword co-occurrences, and emerging research trends.

CATEGORY: ML (Machine Learning)",5.03,,False,2026-08-16T00:21:57
186,mistral:7b,V2.2,abstract,DL,DL,"REASONING: The paper primarily focuses on the application of deep learning frameworks, transformer-based sequence models, graph neural networks, and multimodal architectures in the field of microbiology, with a specific emphasis on antibiotic resistance surveillance. The paper's primary contribution lies in the review and discussion of these deep learning techniques and their applications in microbiology.

CATEGORY: DL",4.62,,False,2026-08-16T00:22:01
187,mistral:7b,V2.2,abstract,nan,ML,"REASONING: The paper presents a machine learning model (NVUPreM) for predicting 30-day NVUGIB mortality, using data from two databases for model development and validation. The model is compared against eight clinical scoring systems, and its performance is evaluated using various metrics. The primary contribution of the paper is the development and validation of the machine learning model (NVUPreM).

CATEGORY: ML",5.2,,False,2026-08-16T00:22:06
188,mistral:7b,V2.2,abstract,ML,ML,"REASONING: The paper presents a comparative review of Quantum Machine Learning (QML) and classical Machine Learning (ML), focusing on their foundations, complexity, and applications across various domains. The primary contribution of the paper is the synthesis of evidence across various QML models and their comparison with classical ML baselines.

CATEGORY: ML (since the paper compares various QML models with classical ML, and the primary contribution is the comparison and synthesis of evidence across these models)",5.36,,False,2026-08-16T00:22:12
189,mistral:7b,V2.2,abstract,AI,ML,"REASONING: The paper primarily focuses on the application of AI techniques, specifically machine learning and deep learning, for predicting and preventing ACL injuries in sports. The paper's primary contribution lies in the systematic review of these AI applications.

CATEGORY: ML (Machine Learning)",3.49,,False,2026-08-16T00:22:15
190,mistral:7b,V2.2,abstract,ML,ML,"REASONING: The paper describes the development and comparison of machine learning models (Extreme Gradient Boosting, Logistic Regression, and Support Vector Machine) for the classification of bladder cancer cases from benign controls. The primary contribution of the paper is the creation and validation of the Extreme Gradient Boosting model.

CATEGORY: ML",4.17,,False,2026-08-16T00:22:19
191,mistral:7b,V2.2,abstract,Unclear,DL,"REASONING: The paper describes the use of classical machine learning models, a deep learning model, and a pre-trained large language model for diagnosing bronchiolitis from emergency department electronic health records. The primary contribution of the paper is the comparison of these models' performance.

CATEGORY: DL (Deep Learning)",4.25,,False,2026-08-16T00:22:24
192,mistral:7b,V2.2,abstract,DL,DL,"REASONING: The paper presents a brain-inspired reinforcement learning architecture using a spiking neural network and α-In2Se3 ferroelectric semiconductor field-effect transistor. The device leverages multi-terminal conductance modulation for reward signal modulation and ferroelectric relaxation for implementing biological eligibility trace decay. The paper demonstrates autonomous driving tasks using this architecture.

CATEGORY: DL (Deep Learning)

The primary contribution of the paper is the development of a spiking neural network-based reinforcement learning computing architecture, which is a specific type of neural network architecture. Although the paper also discusses artificial general intelligence and biological mechanisms, the core methodology follows a deep learning approach, making it the most specific applicable category.",8.21,,False,2026-08-16T00:22:32
193,mistral:7b,V2.2,abstract,AI,DL,"REASONING: The paper primarily discusses the use of AI, ML, and DL models in computer-aided drug design, with a focus on neural network designs for de novo drug design. The paper's primary contribution lies in outlining how AI is used in target identification, virtual screening, de novo molecular design, and cancer applications.

CATEGORY: DL",4.09,,False,2026-08-16T00:22:36
194,mistral:7b,V2.2,abstract,ML,DL,"REASONING: The paper presents a study on detecting depression-related texts in social media comments using deep learning models (XLNET, DistilBERT, and ALBERT) and traditional machine learning models. The primary contribution of the paper is the comparison of these models' performance in identifying linguistic patterns indicative of depression within user-generated content on social media platforms. The study also includes text summarization and task-incremental learning using Elastic Weight Consolidation.

CATEGORY: DL (Deep Learning)",5.65,,False,2026-08-16T00:22:42
195,mistral:7b,V2.2,abstract,Unclear,ML,"REASONING: The paper describes a supervised AI/ML algorithm that is trained, validated, and tested to automatically detect, segment, and quantify fibrosis in histology slides. The algorithm's performance is compared to that of an expert pathologist reader.

CATEGORY: ML",3.57,,False,2026-08-16T00:22:45
196,mistral:7b,V2.2,abstract,ML,ML,"REASONING: The paper presents an evaluation of various machine learning (ML) techniques for predicting ACL injuries, using eight distinct ML models and four datasets. The primary contribution of the paper lies in the application and comparison of these ML models for the specific task of ACL injury prediction.

CATEGORY: ML",3.8,,False,2026-08-16T00:22:49
197,mistral:7b,V2.2,abstract,nan,ML,"REASONING: The paper introduces an innovative methodology that integrates remote sensing data and machine learning to assess risks to heritage sites, with a primary focus on using machine learning models for risk assessment.

CATEGORY: ML",3.1,,False,2026-08-16T00:22:52
198,mistral:7b,V2.2,abstract,nan,DL,"REASONING: The paper discusses the application of artificial intelligence (AI) and machine learning in the field of immunogenomics, specifically focusing on the human leukocyte antigen (HLA) system. The primary contribution of the paper is the use of deep learning models for HLA imputation from single nucleotide polymorphism (SNP) arrays and low-coverage whole-genome sequencing.

CATEGORY: DL",5.3,,False,2026-08-16T00:22:57
199,mistral:7b,V2.2,abstract,Unclear,ML,"REASONING: The paper's primary contribution lies in the development of an AI platform, ""KidneyTox_v1.0"", for nephrotoxicity prediction. The platform uses a supervised machine learning model for classification and provides interpretability through SHAP-based waterfall plots.

CATEGORY: ML",3.89,,False,2026-08-16T00:23:01
200,mistral:7b,V2.2,abstract,Unclear,ML,"REASONING: The paper discusses the role of AI in Carbon Capture and Utilization (CCU) technologies, focusing on patent analysis, innovation trends, and emerging technical applications. The primary contribution of the paper lies in the application of AI techniques such as machine learning, deep learning, and optimization algorithms to process optimization, performance forecasting, and emissions prediction across CCU systems.

CATEGORY: ML (Machine Learning)",4.68,,False,2026-08-16T00:23:06
201,mistral:7b,V2.2,missing,nan,NO_INPUT,,0.0,no abstract available,False,2026-08-16T00:23:06
202,mistral:7b,V2.2,abstract,Unclear,ML,"REASONING: The paper presents a novel hybrid stacking ensemble model that combines Random Forest, Extreme Gradient Boosting, and Artificial Neural Network for predicting the flexural strength of aluminium fibre reinforced concrete. The primary contribution of the paper lies in the development and application of this hybrid ensemble learning model.

CATEGORY: ML (Machine Learning)",4.11,,False,2026-08-16T00:23:10
203,mistral:7b,V2.2,abstract,ML,ML,"REASONING: The paper primarily focuses on evaluating the diagnostic performance of various machine learning algorithms (MLAs) for identifying Tuberculous pericardial effusion among patients with pericardial effusion. The paper's primary contribution lies in the application and comparison of different MLAs for this specific diagnostic task.

CATEGORY: ML",4.01,,False,2026-08-16T00:23:14
204,mistral:7b,V2.2,abstract,Unclear,ML,"REASONING: The paper discusses the application of AI and ML technologies in telesurgery, focusing on the bibliometric analysis of global research on AI and ML applications in robotic, teleoperated, and remote surgery. The primary contribution of the paper is the comprehensive analysis of the global research landscape, collaborative structure, and emerging thematic trends of AI- and ML-enabled telesurgery.

CATEGORY: ML (The paper's primary contribution is the analysis of global research trends, which falls under the category of machine learning, even though it also involves AI and deep learning technologies.)",6.63,,False,2026-08-16T00:23:21
205,mistral:7b,V2.2,abstract,ML,ML,"REASONING: The paper introduces a new machine learning approach called the Support-Vector Network, which is a non-linear mapping of input vectors to a high-dimensional feature space, followed by the construction of a linear decision surface. The method is extended to handle non-separable training data and demonstrates high generalization ability using polynomial input transformations. It also compares the performance of the Support-Vector Network with various classical learning algorithms.

CATEGORY: ML",4.94,,False,2026-08-16T00:23:26
206,mistral:7b,V2.2,abstract,Unclear,DL,"REASONING: The paper focuses on using a convolutional neural network (CNN) to detect biological sex from EEG signals, and evaluates its performance across multiple datasets. The primary contribution of the paper is the application of a CNN for sex detection in EEG data.

CATEGORY: DL",3.53,,False,2026-08-16T00:23:29
207,mistral:7b,V2.2,abstract,Unclear,ML,"REASONING: The paper primarily focuses on the application of Artificial Intelligence (AI) in suicide prevention, with a specific emphasis on the use of machine learning (ML), deep learning (DL), natural language processing (NLP), generative AI (GenAI), large language models (LLMs), and explainable AI (XAI) techniques. The primary contribution of the paper lies in the systematic review and synthesis of these AI technologies in the context of suicide prevention.

CATEGORY: ML (as the paper primarily discusses the application of ML and DL, but the primary contribution is the systematic review and synthesis of various AI technologies, making it more about ML than DL)",7.07,,False,2026-08-16T00:23:36
208,mistral:7b,V2.2,abstract,Unclear,DL,"REASONING: The paper primarily focuses on the application of machine learning models, specifically deep adversarial gaussian multilayer perceptron, for disaster management-based healthcare systems. The optimization of features is done using firefly swarm binary grasshopper optimization.

CATEGORY: DL (Deep Learning)",3.69,,False,2026-08-16T00:23:40
209,mistral:7b,V2.2,abstract,Unclear,ML,"REASONING: The paper presents a machine learning workflow that standardizes contact angle datasets, performs multivariate imputation, multicollinearity diagnostics, and benchmarks various models (linear, tree-based, boosting, and neural-network models) to predict hydrogen wettability in different geological conditions. The optimized CatBoost model is used for predictive skill and explainable interpretation.

CATEGORY: ML",5.03,,False,2026-08-16T00:23:45
210,mistral:7b,V2.2,abstract,Unclear,ML,"REASONING: The paper's primary contribution lies in comparing the performance of various machine learning and deep learning algorithms, specifically logistic regression, support vector machine, k-nearest neighbor, random forest, XGBoost, deep neural networks, and convolutional neural networks, in classifying pulmonary diseases using spirometry features. The tree-based models, particularly XGBoost and random forest, were found to perform the best.

CATEGORY: ML",5.4,,False,2026-08-16T00:23:50
211,mistral:7b,V2.2,abstract,DL,ML,"REASONING: The paper discusses the phenomenon of benign overfitting in deep neural networks and presents a characterization of linear regression problems for which the minimum norm interpolating prediction rule has near-optimal prediction accuracy. The characterization is based on the effective rank of the data covariance, and the paper finds an important role for finite-dimensional data. The primary contribution of the paper lies in the characterization of linear regression problems and the role of finite-dimensional data, which can be considered as a classical machine learning approach.

CATEGORY: ML",5.99,,False,2026-08-16T00:23:56
212,mistral:7b,V2.2,abstract,Unclear,ML,"REASONING: The paper primarily focuses on the development and validation of an Extreme Gradient Boosting (XGBoost) model for dental caries detection using machine learning techniques. The model's performance is evaluated using cross-validation nested resampling, and the results are visualized using beeswarm plots. The primary contribution of the paper lies in the application of the XGBoost model for dental caries detection.

CATEGORY: ML",5.18,,False,2026-08-16T00:24:02
213,mistral:7b,V2.2,abstract,ML,ML,"REASONING: The paper describes a scalable end-to-end tree boosting system called XGBoost, which is a machine learning method. It proposes novel algorithms for handling sparse data and approximate tree learning, and provides insights on cache access patterns, data compression, and sharding to build a scalable tree boosting system.

CATEGORY: ML",4.05,,False,2026-08-16T00:24:06
214,mistral:7b,V2.2,abstract,Unclear,ML,"REASONING: The paper discusses the use of Explainable Artificial Intelligence (XAI) techniques in conjunction with deep learning and machine learning methods for analyzing Electroencephalography (EEG) data to identify biomarkers for mood and anxiety disorders. The primary contribution of the paper is the systematic review of EEG-based biomarkers for depression, anxiety, and bipolar disorder as informed by XAI techniques.

CATEGORY: ML (Machine Learning)",5.81,,False,2026-08-16T00:24:12
215,mistral:7b,V2.2,abstract,Unclear,ML,"REASONING: The paper discusses the application of artificial intelligence, specifically machine learning (ML) and deep learning (DL), in optimizing experimental design for CRISPR-based genetic screening. It also introduces large language model–agent (LLM–agent) systems to externalize scientific reasoning and integrate biological knowledge at scale. The primary contribution of the paper lies in the use of ML/DL methods for experimental design optimization.

CATEGORY: ML",4.96,,False,2026-08-16T00:24:16
216,mistral:7b,V2.2,abstract,Unclear,ML,"REASONING: The paper introduces a self-supervised machine learning platform, CLOSER, that uses 3D pose skeleton data and kinematic features to monitor and analyze spontaneous behavior in a depressive disease model. The primary contribution of the paper is the development and application of CLOSER, which falls under the category of machine learning.

CATEGORY: ML",4.26,,False,2026-08-16T00:24:21
217,mistral:7b,V2.2,abstract,Unclear,ML,"REASONING: The paper applies machine learning models to vocal biomarkers for the early detection of Parkinson's disease, and uses explainable AI techniques to interpret the predictions. The primary contribution of the paper is the application of multiple machine learning models and the use of XAI techniques to interpret the predictions.

CATEGORY: ML",3.94,,False,2026-08-16T00:24:25
218,mistral:7b,V2.2,abstract,Unclear,DL,"REASONING: The paper primarily focuses on the development of the Kinic Index (KinicI), an AI-driven predictive model for HCC patients, which uses machine learning approaches (LASSO, RSF) and deep learning (GraphBAN) for its functioning. The paper also uses machine learning for feature selection (SHAP analysis) and molecular docking for validating strong binding affinities. However, the primary contribution lies in the development of KinicI, which is a deep learning-based model.

CATEGORY: DL",5.99,,False,2026-08-16T00:24:31
219,mistral:7b,V2.2,abstract,Unclear,DL,"REASONING: The paper discusses the application of artificial intelligence in Endourology, focusing on novel technologies such as causal artificial intelligence modeling and reinforcement learning. These technologies are the primary contribution of the paper.

CATEGORY: DL (Deep Learning)

The use of reinforcement learning, a type of deep learning, is the core concept of the paper's methodology. Although the paper also mentions machine learning, the focus on deep learning techniques, specifically reinforcement learning, makes it the most specific applicable category.",5.82,,False,2026-08-16T00:24:36
220,mistral:7b,V2.2,abstract,Unclear,DL,"REASONING: The paper discusses the use of deep learning models, machine learning methods, and hybrid methods for sentiment analysis, which is a multimodal approach that includes text, images, audio, and video. The primary contribution of the paper is the review and analysis of these multimodal sentiment analysis approaches.

CATEGORY: DL (Deep Learning)",4.1,,False,2026-08-16T00:24:41
221,mistral:7b,V2.2,abstract,AI,DL,"REASONING: The paper presents a comparison between a VLA model (a type of deep learning model) and a neuro-symbolic architecture that combines symbolic planning with learned low-level control. The primary contribution of the paper is the empirical comparison and the results highlighting the trade-offs between the two approaches.

CATEGORY: DL (for the VLA model) and AI (for the neuro-symbolic architecture)",4.73,,False,2026-08-16T00:24:45
222,mistral:7b,V2.2,abstract,Unclear,ML,"REASONING: The paper utilizes machine learning techniques such as LASSO regression, SHAP analysis, supervised UMAP, HDBSCAN clustering, and Silhouette Coefficient for data analysis. The primary contribution of the paper is the development of an explainable machine learning pipeline for identifying key predictors and patient phenotypes of PICC-CRBSIs.

CATEGORY: ML",4.76,,False,2026-08-16T00:24:50
223,mistral:7b,V2.2,abstract,Unclear,DL,"REASONING: The paper primarily focuses on the application of AI, ML, and DL in orthodontics, with a specific emphasis on categorizing AI methods and their effectiveness in clinical practice. The paper's primary contribution lies in the systematic literature review of AI-based applications in orthodontics, which is a deep learning approach.

CATEGORY: DL",4.39,,False,2026-08-16T00:24:55
224,mistral:7b,V2.2,abstract,Unclear,DL,"REASONING: The paper discusses the synthesis of recent advances in AI, specifically machine learning (ML) and deep learning (DL), for climate science applications. The primary contribution of the paper is a field-level synthesis that combines PRISMA screening with a study-quality checklist to emphasize evaluation rigor, reproducibility, and sustainability. The paper also discusses the use of physics-guided and hybrid models, including PINNs and neural operators, which are neural network architectures.

CATEGORY: DL (Neural network architectures)",6.2,,False,2026-08-16T00:25:01
225,mistral:7b,V2.2,abstract,Unclear,DL,"REASONING: The paper discusses the use of learning algorithms, quantum computing, and deep learning algorithms for material discovery and structure prediction of high-entropy materials, particularly high-entropy MXenes. The primary contribution of the paper lies in the application of deep learning algorithms for material discovery and identification of suitable high-entropy materials for batteries and supercapacitors.

CATEGORY: DL",4.3,,False,2026-08-16T00:25:05
226,mistral:7b,V2.2,abstract,ML,ML,"REASONING: The paper presents a survey based on DNA metabarcoding analysis of approximately 1,500 publicly available ITS1 samples, integrating conventional statistical approaches with Machine Learning (ML) methods and explainable Artificial Intelligence (XAI). The primary contribution of the paper is the use of ML models to predict host health status with accuracies exceeding 80%, and the identification of key classification features from fungal genera.

CATEGORY: ML",5.01,,False,2026-08-16T00:25:10
227,mistral:7b,V2.2,abstract,AI,ML,"REASONING: The paper discusses the application of AI in emergency general surgery, focusing on clinical decision-support tools for preoperative risk stratification and intraoperative assistance. The primary contribution of the paper is the scoping review of AI-based tools in emergency surgical settings.

CATEGORY: ML (The paper discusses AI applications, but the primary contribution is a review of various machine learning techniques used in the identified AI-based tools)",4.87,,False,2026-08-16T00:25:15
228,mistral:7b,V2.2,abstract,AI,DL,"REASONING: The paper primarily focuses on the application of deep learning models in image-based diagnostics for veterinary oncology, specifically in tasks like tumor grading and non-invasive characterization.
CATEGORY: DL",3.0,,False,2026-08-16T00:25:18
229,mistral:7b,V2.2,abstract,AI,ML,"REASONING: The paper describes a methodology for curating clinical trial databases specifically for the training or testing of artificial intelligence tools, with a focus on MRI data. The primary contribution of the paper is the development of a curation process for clinical trial databases for machine learning applications.

CATEGORY: ML (Classical machine learning)",3.94,,False,2026-08-16T00:25:22
230,mistral:7b,V2.2,abstract,Unclear,ML,"REASONING: The paper focuses on the application of AI methods, particularly ensemble learning methods, artificial neural networks, and hybrid architectures, for predicting the International Roughness Index (IRI) in rigid and composite pavements. The primary contribution of the paper is the systematic review of AI methods applied to IRI prediction for these specific types of pavements.

CATEGORY: ML (Machine Learning)",4.84,,False,2026-08-16T00:25:27
231,mistral:7b,V2.2,abstract,Unclear,DL,"REASONING: The paper proposes an optimization framework for centrifugal compressor maintenance strategies using deep reinforcement learning (DRL) as the artificial intelligence method for formulating optimal maintenance policies.

CATEGORY: DL (Deep Learning)",3.06,,False,2026-08-16T00:25:30
232,mistral:7b,V2.2,abstract,nan,ML,"REASONING: The paper discusses the advancement of diabetes prediction systems using machine learning techniques, with a focus on ensemble and deep learning methods. It also highlights the need for creating representative datasets, implementing explainable AI, and conducting prospective clinical studies.

CATEGORY: ML",3.1,,False,2026-08-16T00:25:33
233,mistral:7b,V2.2,abstract,Unclear,ML,"REASONING: The paper proposes an advanced, interpretable framework for Parkinson's disease diagnosis using machine learning (ML) classifiers, equipped with explainable AI (XAI) methods. The primary contribution lies in the integration of XAI methods to improve the interpretability of ML models, which enhances their clinical use.

CATEGORY: ML",3.95,,False,2026-08-16T00:25:37
234,mistral:7b,V2.2,abstract,ML,ML,"REASONING: The paper introduces a machine learning-driven platform for detecting suspicious financial activities, with experiments performed using several supervised learning algorithms. The primary contribution of the paper is the use of the Gradient Boosting classifier, which outperformed other models in detecting suspicious financial transactions.

CATEGORY: ML",3.61,,False,2026-08-16T00:25:40
235,mistral:7b,V2.2,abstract,ML,ML,"REASONING: The paper utilizes an automated machine learning (AutoML) framework, employing tree-based ensemble models and XAI techniques for predicting case durations and delays. The primary contribution lies in the development and improvement of predictive models for case delays and durations, with a focus on interpretability and reducing prediction error.

CATEGORY: ML",4.19,,False,2026-08-16T00:25:45
236,mistral:7b,V2.2,abstract,DL,DL,"REASONING: The paper proposes a solution for the efficient detection of Sickle cell disease using deep learning models, specifically transfer learning, contrastive learning, and focal loss. It also integrates Explainable Artificial Intelligence (XAI) methodologies.

CATEGORY: DL",3.35,,False,2026-08-16T00:25:48
237,mistral:7b,V2.2,abstract,AI,ML,"REASONING: The paper presents a machine learning-based prediction model (AI-IR) for insulin resistance, which is then used to predict diabetes incidence and the risk of various cancers. The primary contribution of the paper lies in the development and application of the AI-IR model, which is a machine learning approach.

CATEGORY: ML",3.91,,False,2026-08-16T00:25:52
238,mistral:7b,V2.2,abstract,AI,ML,"REASONING: The paper discusses the integration of AI into healthcare, focusing on the 6P medicine model. It primarily reviews various AI methods such as machine learning, deep learning, large language models, and digital twins, and their applications in each ""P"" of the 6P medicine model. The paper's primary contribution lies in synthesizing recent evidence on AI methods' support for each ""P"" and proposing a practical implementation blueprint.

CATEGORY: ML (The paper discusses machine learning, deep learning, and large language models, which are all subsets of machine learning)",6.15,,False,2026-08-16T00:25:58
239,mistral:7b,V2.2,abstract,Unclear,ML,"REASONING: The paper primarily focuses on comparing different machine learning models (base classifiers, ensemble models, CatBoost, Voting Classifier, and Stacking Classifier) for the task of predicting tumour type from morphometric data. The SHAP framework is employed for interpretability.

CATEGORY: ML",3.62,,False,2026-08-16T00:26:02
240,mistral:7b,V2.2,abstract,Unclear,DL,"REASONING: The paper discusses the use of deep learning models, specifically ResNet-50 variants with attention mechanisms, for automated semen analysis, focusing on sperm morphology classification and motility assessment. It also mentions the use of CNN-based models for motility assessment and the emergence of AI applications for DNA fragmentation prediction and ZP binding capability prediction.

CATEGORY: DL",4.84,,False,2026-08-16T00:26:07
241,mistral:7b,V2.2,abstract,Unclear,DL,"REASONING: The paper primarily focuses on the use of Support Vector Machine (SVM) models, a deep learning technique, for predicting student satisfaction with university choices. The prediction is based on socio-economic, environmental, and cultural factors.

CATEGORY: DL (Deep Learning)",3.43,,False,2026-08-16T00:26:10
242,mistral:7b,V2.2,abstract,Unclear,ML,"REASONING: The paper primarily focuses on a literature review of disaster management using AI, with a specific emphasis on the performance comparison of various AI methods applied to disaster-related tasks. The core methodology involves bibliometric co-occurrence analysis and visual graphics, with a shift from conventional rule-based solutions to deep learning solutions.

CATEGORY: ML (Classical Machine Learning)

The paper's primary contribution lies in the comparison of various AI methods, but the specific focus is on the performance analysis of these methods, which aligns more with classical machine learning rather than deep learning. Although deep learning is mentioned as a replacement for conventional solutions, the paper's core methodology does not revolve around neural network architectures, making it a machine learning paper rather than a deep learning one.",7.96,,False,2026-08-16T00:26:18
243,mistral:7b,V2.2,abstract,ML,ML,"REASONING: The paper describes the use of several machine learning models for blood donor recruitment, employing techniques such as incremental learning, dynamic threshold adjustment, sampling techniques, cost-sensitive learning approaches, and prioritizing recall as the core evaluation metric. The primary contribution of the paper is the development and validation of a machine learning-based recruitment framework.

CATEGORY: ML",4.73,,False,2026-08-16T00:26:23
244,mistral:7b,V2.2,abstract,AI,ML,"REASONING: The paper focuses on a scoping review of health economic evaluations of AI applications in oncology, with a primary emphasis on cost-effectiveness analyses and Markov model approach.

CATEGORY: ML (Machine Learning)",3.34,,False,2026-08-16T00:26:26
245,mistral:7b,V2.2,abstract,Unclear,ML,"REASONING: The paper's primary contribution lies in the application of machine learning (specifically, natural language processing) and a Python topic modeling technique (BERTopic) to categorize and label development projects based on their narrative descriptions. This is done to better understand donor priorities and overall development funding.

CATEGORY: ML",3.82,,False,2026-08-16T00:26:30
246,mistral:7b,V2.2,abstract,ML,DL,"REASONING: The paper primarily focuses on using machine learning techniques, specifically the Extra-Trees classifier, to predict post-operative sexual impairment in prostate cancer patients. The statistical methods are used to analyze the data, but the machine learning model is the primary contribution.

CATEGORY: DL (Deep Learning)

The machine learning techniques mentioned in the paper, such as the Extra-Trees classifier, are part of the deep learning subset of machine learning. Although the paper also uses traditional statistical methods, the primary contribution lies in the use of a machine learning model, making it a deep learning application.",6.67,,False,2026-08-16T00:26:37
247,mistral:7b,V2.2,abstract,AI,AI,"REASONING: The paper discusses the progress of artificial intelligence and cognitive science, the impact of large language models (LLMs), and proposes a new route to intelligent machines by connecting AI breakthroughs in LLMs to models of thinking and learning that occur before language. The primary contribution of the paper is the proposed connection between AI and models of thinking and learning.

CATEGORY: AI (general artificial intelligence approaches)",4.64,,False,2026-08-16T00:26:41
248,mistral:7b,V2.2,abstract,ML,ML,"REASONING: The paper presents a generalization of the DBSCAN clustering algorithm, called GDBSCAN, which can handle both point objects and spatially extended objects, and applies it to various real-world problems in different domains. The primary contribution of the paper is the development and application of the GDBSCAN algorithm, which falls under the machine learning category.

CATEGORY: ML",4.09,,False,2026-08-16T00:26:45
249,mistral:7b,V2.2,abstract,AI,ML,"REASONING: The paper's primary contribution lies in the systematic review, meta-analysis, and bibliometric visualization analysis of the roles and effects of AI in nursing simulation education. The methods used for this analysis include the Cochrane Risk of Bias tool, Joanna Briggs Institute critical appraisal checklists, Review Manager 5.4, VOSviewer 1.6.20, Bibliometrix, and R4.4.3. The paper does not explicitly describe any neural network architectures or deep learning techniques, so it is not primarily about DL.

CATEGORY: ML (Classical Machine Learning)",7.05,,False,2026-08-16T00:26:52
250,mistral:7b,V2.2,abstract,Unclear,DL,"REASONING: The paper's primary contribution lies in the development and validation of an AI-driven CAD prediction model that integrates OCTA-derived retinal features with EHR data. The model uses a Transformer-based multi-scale style learning algorithm for feature extraction, LASSO regression for relevant predictor selection, and an XGBoost classifier for model training. The comparison with four baseline deep learning network models indicates that the Transformer-based algorithm is the core methodology of the paper.

CATEGORY: DL",6.37,,False,2026-08-16T00:26:59
251,mistral:7b,V2.2,abstract,AI,DL,"REASONING: The paper discusses the application of machine learning and deep learning models in cancer research, focusing on cancer phenotyping, drug discovery, and optimization. The primary contribution of the paper seems to be the discussion and exploration of AI-enabled methods in oncology, with a focus on deep learning.

CATEGORY: DL",3.87,,False,2026-08-16T00:27:03
252,mistral:7b,V2.2,abstract,ML,ML,"REASONING: The paper evaluates the effectiveness of various machine learning models for predicting the shear strength of steel-fiber-reinforced concrete beams. The primary contribution of the paper is the comparison and selection of the ELM-PSO model as the most accurate estimator.

CATEGORY: ML",3.7,,False,2026-08-16T00:27:06
253,mistral:7b,V2.2,abstract,Unclear,ML,"REASONING: The paper discusses the application of AI and ML algorithms to improve liquid biopsy techniques for cancer detection, prognosis prediction, treatment monitoring, and patient stratification. The primary contribution of the paper is the examination of AI-powered liquid biopsy in major malignancies.

CATEGORY: ML (Classical Machine Learning)

The paper primarily focuses on the application of AI and ML algorithms, specifically in the context of supervised learning (as the algorithms are trained on labeled data for cancer detection and prognosis prediction). However, since the core methodology is not limited to a specific type of neural network, it falls under the broader category of machine learning.",7.16,,False,2026-08-16T00:27:13
254,mistral:7b,V2.2,abstract,Unclear,ML,"REASONING: The paper discusses the application of machine-learning and radiomics approaches for diagnosing and predicting outcomes in Ankylosing Spondylitis, using MRI or X-ray data. The primary contribution of the paper is the quantitative determination of the performance of these methods, which is achieved through a meta-analysis of 22 studies.

CATEGORY: ML",4.85,,False,2026-08-16T00:27:18
255,mistral:7b,V2.2,abstract,ML,ML,"REASONING: The paper presents a method for simultaneous quantification of naringin and naringenin in plant extracts using an AI-based UV–Vis spectrophotometric method. The primary contribution of the paper lies in the use of machine learning models (Support Vector Regression, Linear Regression, Lasso Regression, Ridge Regression, and Elastic Net) for predicting the concentrations of both flavonoids from their spectral data.

CATEGORY: ML",5.64,,False,2026-08-16T00:27:24
256,mistral:7b,V2.2,abstract,Unclear,DL,"REASONING: The paper introduces a multi-modal dataset, WxC-Bench, designed to support the development of AI models for various weather and climate research tasks. The dataset is used for deep learning models, as it is made publicly available on Hugging Face, which is a platform primarily used for deep learning.

CATEGORY: DL",3.99,,False,2026-08-16T00:27:28
257,mistral:7b,V2.2,abstract,ML,ML,"REASONING: The paper describes the use of eight supervised machine learning algorithms, specifically SVM, Logistic Regression, and K-Nearest Neighbors, to develop predictive models for sex determination using mandibular symphysis measurements from lateral cephalometric images. The primary contribution of the paper lies in the application of these machine learning algorithms.

CATEGORY: ML",4.45,,False,2026-08-16T00:27:32
258,mistral:7b,V2.2,abstract,Unclear,ML,"REASONING: The paper proposes an XAI architecture that combines explainable models with the Enhanced Squirrel Search Optimization (ESSO) method for feature selection. The primary contribution of the paper is the introduction of the ESSO method for efficient feature selection, which is integrated with Random Forest classification and explainable AI techniques (SHAP and LIME) to improve predictive performance and provide interpretable insights. The paper also uses various data preprocessing techniques like KNN-based imputation, normalization, categorical encoding, outlier handling, and SMOTE-based class balancing.

CATEGORY: ML

The primary methodology of the paper is machine learning, specifically feature selection using ESSO, and classification using Random Forest. Although the paper also incorporates explainable AI techniques (SHAP and LIME) and discusses clinical decision-making, which could be considered AI, the core contribution lies in the machine learning techniques used for feature selection and classification.",10.2,,False,2026-08-16T00:27:43
259,mistral:7b,V2.2,abstract,Unclear,ML,"REASONING: The paper primarily focuses on the application of machine learning models in psychiatry, with a specific emphasis on the use of these models for predicting symptom trajectories, relapse risk, and treatment response. It also discusses the use of chatbots for clinical decision support and psychotherapy.

CATEGORY: ML",3.7,,False,2026-08-16T00:27:46
260,mistral:7b,V2.2,abstract,Unclear,DL,"REASONING: The paper employs an Artificial Neural Network (ANN)-based machine learning technique for analyzing the behavior of spherical gas bubbles in Carreau fluids under an ambient sonic field. The primary contribution of the paper lies in the development and training of the ANN model using the Levenberg–Marquardt Scheme (LMS) and the Adam optimizer function.

CATEGORY: DL",4.86,,False,2026-08-16T00:27:51
261,mistral:7b,V2.2,abstract,Unclear,ML,"REASONING: The paper discusses the application of AI in pediatric rehabilitation, focusing on the use of AI methods and models, particularly supervised machine learning, neural networks, and deep learning approaches. The primary contribution of the paper is the scoping review of AI applications in pediatric rehabilitation outcome assessment.

CATEGORY: ML (Classical Machine Learning)",4.68,,False,2026-08-16T00:27:56
262,mistral:7b,V2.2,abstract,Unclear,DL,"REASONING: The paper presents a comprehensive assessment framework for Physical Education (PE) teaching effectiveness using Multimodal Machine Learning (MML). The framework employs preprocessing methods, feature extraction, and a hybrid machine learning model (Enhanced Marine Predators-driven Explainable Boosting Machine) for evaluation. The primary contribution of the paper lies in the development and application of the EMP-EBM model.

CATEGORY: DL (Deep Learning)

The EMP-EBM model is a hybrid system that combines the global optimization strengths of the Ensemble Method (Ensemble Learning) with the transparent and interpretable structure of the Explainable Boosting Machine (EBM). This model is a neural network architecture, and its primary component, the EBM, can be considered a type of boosting algorithm, which falls under the category of machine learning. However, since the core methodology of the paper is the development and application of the EMP-EBM model, a neural network, it is classified as DL.",10.8,,False,2026-08-16T00:28:07
263,mistral:7b,V2.2,abstract,ML,ML,"REASONING: The paper discusses the application of the Support Vector (SV) method to problems such as estimating regressions, constructing multidimensional splines, and solving linear operator equations. The primary contribution of the paper seems to be the application of the SV method to these specific problems.

CATEGORY: ML",3.55,,False,2026-08-16T00:28:10
264,mistral:7b,V2.2,abstract,Unclear,ML,"REASONING: The paper presents a machine learning model for predicting MDR/RR-TB in patients with TB-DM multimorbidity, using seven machine learning algorithms and evaluating their performance. The primary contribution of the paper is the development and validation of the random forest (RF) model, which is a machine learning algorithm. The paper also uses explainable AI to identify key predictive factors.

CATEGORY: ML",4.89,,False,2026-08-16T00:28:15
265,mistral:7b,V2.2,abstract,Unclear,ML,"REASONING: The paper proposes a media analytics framework that combines traditional statistical modeling, natural language processing tools, and explainable machine learning to predict audience engagement on social media platforms. The primary contribution of the paper is the use of machine learning techniques, specifically Extreme Gradient Boosting and Support Vector Regression, to predict engagement on Facebook and Instagram.

CATEGORY: ML",4.16,,False,2026-08-16T00:28:19
266,mistral:7b,V2.2,abstract,Unclear,ML,"REASONING: The paper proposes a workflow that combines physics-based petrophysical calculations, Random Forest regression (RF), and Deepseek-R1 cognitive perception, with exploratory data analysis involving Akima spline interpolation and Isolation Forest algorithms. The primary contribution of the paper lies in the integration of machine learning (specifically Random Forest) and cognitive computing (Deepseek-R1) for reservoir characterization and exploration optimisation.

CATEGORY: ML (Machine Learning)",5.52,,False,2026-08-16T00:28:25
267,mistral:7b,V2.2,abstract,Unclear,DL,"REASONING: The paper primarily focuses on the application of deep learning (DL) techniques in the field of bladder cancer diagnosis, including cystoscopic tumor detection, urine cytology analysis, radiomics-based staging, computational pathology, multimodal fusion architectures, and intraoperative guidance. The paper's primary contribution lies in the application of DL methods to improve diagnostic accuracy and standardize assessments in bladder cancer.

CATEGORY: DL",5.57,,False,2026-08-16T00:28:30
268,mistral:7b,V2.2,abstract,ML,ML,"REASONING: The paper develops an interpretable machine learning framework for the joint modeling of greenhouse gas emissions using country-level socio-economic indicators. The primary contribution of the paper is the optimization of the Random Forest algorithm for predicting CO2 and N2O emissions, and the interpretability analyses based on SHAP, LIME, and ablation testing.

CATEGORY: ML",4.68,,False,2026-08-16T00:28:35
269,mistral:7b,V2.2,abstract,AI,DL,"REASONING: The paper reviews the use of AI in the diagnosis, severity assessment, and prognostication of Mitral Regurgitation, focusing on performance metrics. The primary technical method described is the use of AI models, with specific mention of convolutional neural networks, support vector machines, and ensemble models.

CATEGORY: DL",4.1,,False,2026-08-16T00:28:39
270,mistral:7b,V2.2,abstract,Unclear,DL,"REASONING: The paper discusses the application of AI to ultrasound imaging for the diagnosis of endometriosis, with a focus on machine learning and deep learning algorithms. The primary contribution of the paper is the evaluation of the role of AI in improving the diagnosis and prediction of endometriosis using ultrasound images.

CATEGORY: DL (Deep Learning)",4.54,,False,2026-08-16T00:28:44
271,mistral:7b,V2.2,abstract,AI,DL,"REASONING: The paper primarily focuses on the application of both machine learning (ML) and deep learning (DL) techniques for the early prediction of life-threatening cardiac events using time series ECG data. The paper's primary contribution lies in the experimental results demonstrating the superior performance of deep learning models, particularly a Convolutional Neural Network (CNN), and the reliability of ensemble learning methods like the Random Forest classifier.

CATEGORY: DL",5.11,,False,2026-08-16T00:28:49
272,mistral:7b,V2.2,abstract,ML,ML,"REASONING: The paper primarily focuses on analyzing the optimal number of trees in a Random Forest, determining a threshold beyond which increasing the number of trees does not significantly improve performance, and providing an experimental relationship for the AUC gain when doubling the number of trees. The paper's contribution lies in the empirical study of Random Forests, making it a machine learning (ML) paper.

CATEGORY: ML",4.51,,False,2026-08-16T00:28:53
273,mistral:7b,V2.2,abstract,AI,DL,"REASONING: The paper's primary contribution lies in the development and validation of an AI-based model for predicting myopia progression among children. The model uses machine learning algorithms, including linear regression, support vector machines, XGBoost, and deep learning models such as convolutional neural networks.

CATEGORY: DL",3.86,,False,2026-08-16T00:28:57
274,mistral:7b,V2.2,abstract,ML,ML,"REASONING: The paper focuses on the application of six supervised machine learning algorithms for predicting the load-settlement behavior of micro-piled raft foundations in clay. The primary contribution of the paper is the evaluation and comparison of these algorithms, with Gaussian process regression (GPR) demonstrating superior accuracy and generalization.

CATEGORY: ML",4.08,,False,2026-08-16T00:29:01
275,mistral:7b,V2.2,abstract,ML,ML,"REASONING: The paper's primary contribution lies in the development and application of machine learning models to forecast player partnerships in football matches, using various classifiers such as Logistic Regression, Decision Tree, K-nearest Neighbor, Support Vector Machine, Multinomial Naïve Bayes, and Random Forest. The models were trained and evaluated using extensive datasets from Kaggle.

CATEGORY: ML",4.89,,False,2026-08-16T00:29:06
276,mistral:7b,V2.2,abstract,AI,AI,"REASONING: The paper's primary contribution lies in the bibliometric analysis of AI applications in eating behavior and food choice, which is achieved through the use of data retrieval, analysis tools (Biblioshiny and VOSviewer), and thematic evolution analysis. The paper does not describe any specific AI, ML, or DL techniques as its core methodology.

CATEGORY: AI (general artificial intelligence approaches)",4.75,,False,2026-08-16T00:29:11
277,mistral:7b,V2.2,abstract,ML,ML,"REASONING: The paper's primary focus is on predicting academic achievement using machine learning algorithms, with the LDA model being determined as the most successful. The paper also identifies factors affecting achievement and their impact on student success.

CATEGORY: ML",2.91,,False,2026-08-16T00:29:14
278,mistral:7b,V2.2,abstract,Unclear,ML,"REASONING: The paper utilizes a machine learning tool (OpenFace 2.0) to analyze facial expressions of medical students during online lectures, with a focus on detecting action units (AUs) and their association with lecture satisfaction. The primary contribution of the paper lies in the analysis of the relationship between facial expressions, specifically eye blinks, and lecture satisfaction.

CATEGORY: ML",4.37,,False,2026-08-16T00:29:18
279,mistral:7b,V2.2,abstract,AI,ML,"REASONING: The paper provides an overview of AI technologies in medical devices, focusing on their integration, regulatory frameworks, and case studies. The primary contribution of the paper is the comprehensive review of AI applications in medical devices, which includes the use of machine learning and edge computing.

CATEGORY: ML (Machine Learning)",3.72,,False,2026-08-16T00:29:22
280,mistral:7b,V2.2,abstract,DL,DL,"REASONING: The paper discusses the relationship between deep learning and physics, focusing on the approximation of practical functions with fewer parameters, the exploration of physics properties in neural networks, and the efficiency of deep neural networks for hierarchical data. The primary contribution lies in the formalization of these claims using information theory and the proof of ""no-flattening theorems.""

CATEGORY: DL (Deep Learning)",4.39,,False,2026-08-16T00:29:26
281,mistral:7b,V2.2,abstract,Unclear,DL,"REASONING: The paper employs radiomics, artificial intelligence, and deep learning techniques to distinguish between HCC and ICC. The primary contribution lies in the development and validation of a fusion neural network that combines radiomics, clinical, and deep learning branches.

CATEGORY: DL (Deep Learning)",3.84,,False,2026-08-16T00:29:30
282,mistral:7b,V2.2,abstract,AI,AI,"REASONING: This study aims to systematically review and critically appraise the published predictive performance of AI models for GDM prediction. The primary contribution of the paper is a systematic review and meta-analysis of existing AI models for GDM prediction, not the development of a new AI model.

CATEGORY: AI (general artificial intelligence approaches)",4.06,,False,2026-08-16T00:29:34
283,mistral:7b,V2.2,abstract,AI,ML,"REASONING: The paper discusses the application of artificial intelligence (AI) in breast cancer management, focusing on machine learning (ML) techniques for data analysis from various sources like medical imaging, histopathology, genomics, and multi-omics. The primary contribution of the paper is a review of AI-driven advancements across the entire breast cancer management continuum, including detection, diagnosis, prognosis, treatment, and recovery.

CATEGORY: ML",4.98,,False,2026-08-16T00:29:39
284,mistral:7b,V2.2,abstract,Unclear,DL,"REASONING: The paper proposes a method called Federated Clustering-Based Centralized Classification (Fed3C) that uses federated learning to collaboratively train a global model without sharing data directly. The method involves generating centroids for each subset of data using K-means, determining the optimal number of centroids using Bayesian optimization, and performing classification using K-nearest neighbors (KNN) at the server.

CATEGORY: DL (Deep Learning)

The primary contribution of the paper is the development of a novel federated learning approach, Fed3C, which can be considered a neural network architecture as it involves training a global model collaboratively. Although the paper also uses classical machine learning techniques like K-means and KNN, the core concept follows the principles of deep learning, making it the most specific applicable category.",8.68,,False,2026-08-16T00:29:48
285,mistral:7b,V2.2,abstract,AI,AI,"REASONING: The paper discusses the application of Artificial Intelligence (AI) in local flap surgery, with a focus on digitizing surgical planning and reducing subjectivity. The primary contribution of the paper is the review of studies investigating the application of AI in local flap surgery.

CATEGORY: AI",3.65,,False,2026-08-16T00:29:52
286,mistral:7b,V2.2,abstract,ML,ML,"REASONING: The paper describes the development and validation of machine learning models for predicting preeclampsia-associated outcomes using a reduced feature set. The primary contribution of the paper is the development of machine learning models, specifically reducing the number of features for improved clinical use.

CATEGORY: ML",3.72,,False,2026-08-16T00:29:55
287,mistral:7b,V2.2,abstract,Unclear,ML,"REASONING: The paper proposes a digital twin solution that monitors and maintains logistics equipment using ML algorithms in an IoT environment. The primary contribution of the paper is the application of various ML models (Isolation Forest, Autoencoders, LSTM networks, and Random Forest) for anomaly detection, RUL prediction, and failure classification in the digital twin system.

CATEGORY: ML",4.77,,False,2026-08-16T00:30:00
288,mistral:7b,V2.2,abstract,Unclear,ML,"REASONING: The paper discusses the use of data-driven approaches, specifically machine learning (ML) and artificial intelligence (AI), to improve the management of cardiogenic shock (CS), a syndrome defined by rapid physiologic change. The primary contribution of the paper seems to be the application of ML and AI for real-time clinical decision-making in CS, which aligns with the paper's core methodology.

CATEGORY: ML",4.88,,False,2026-08-16T00:30:05
289,mistral:7b,V2.2,abstract,ML,ML,"REASONING: The paper presents a theoretical learning model for text classification using Support Vector Machines (SVMs), explaining their performance in large feature spaces of text classification. It provides a quantitative connection between the statistical properties of text-classification tasks and the generalization performance of SVMs.

CATEGORY: ML",3.47,,False,2026-08-16T00:30:08
290,mistral:7b,V2.2,abstract,Unclear,ML,"REASONING: The paper primarily focuses on the application of machine learning (ML) in predicting food-drug interactions, discussing various ML techniques such as supervised and unsupervised learning, reinforcement learning, and their role in absorption, distribution, metabolism, and elimination (ADME) forecasting and drug development. It also touches upon deep learning and explainable AI as potential future advancements.

CATEGORY: ML",4.65,,False,2026-08-16T00:30:13
291,mistral:7b,V2.2,abstract,Unclear,DL,"REASONING: The paper primarily discusses the application of AI and machine learning, specifically deep learning (convolutional neural networks) in the diagnosis and management of Fibromuscular dysplasia, and the use of ML models for risk stratification, prediction, and personalized treatment selection.

CATEGORY: DL (Deep Learning)",3.71,,False,2026-08-16T00:30:17
292,mistral:7b,V2.2,abstract,ML,DL,"REASONING: The paper primarily discusses the application of machine learning (ML) and deep learning architectures in cancer imaging, focusing on tumor detection, radiomics, multi-modal imaging, and therapy monitoring. It also touches upon AI's role in radiotherapy planning, treatment response prediction, and real-time image-guided interventions.

CATEGORY: DL (Deep Learning)",4.33,,False,2026-08-16T00:30:21
293,mistral:7b,V2.2,abstract,Unclear,DL,"REASONING: The paper discusses the use of psychophysics, fMRI, intracranial recordings, and a deep neural network model (specifically a vision transformer) to study one-shot perceptual learning in humans. The primary contribution of the paper is the development of a deep neural network model that recapitulates and predicts human behavior, and the similarity of the prior knowledge learnt by this model to the neural code in the human high-level visual cortex.

CATEGORY: DL",5.51,,False,2026-08-16T00:30:27
294,mistral:7b,V2.2,abstract,ML,ML,"REASONING: The paper presents a machine learning study on country-level ESG modeling using publicly available World Bank indicators. It formulates ESG analysis as four computational tasks: representation learning, level forecasting, directional change classification, and explainability. The primary contribution of the paper is the comparison of linear and nonlinear models across these tasks.

CATEGORY: ML",4.11,,False,2026-08-16T00:30:31
295,mistral:7b,V2.2,abstract,Unclear,ML,"REASONING: The paper investigates the relationships among undergraduate students' awareness, perception, and preparedness to use AI tools for decision-making during health emergencies. It uses statistical analysis methods such as one-sample t-tests, simple linear regression, and random forest regression. The primary contribution of the paper is the use of random forest regression to test predictive accuracy and assess non-linear patterns.

CATEGORY: ML (Machine Learning)",5.22,,False,2026-08-16T00:30:36
296,mistral:7b,V2.2,abstract,AI,ML,"REASONING: The paper discusses the use of AI-guided tools for the diagnosis of structural heart disease (SHD) and valvular heart disease (VHD), and presents recent advances in AI models trained on various imaging data. The primary contribution of the paper lies in the application of AI for heart disease screening.

CATEGORY: ML (Machine Learning)",4.07,,False,2026-08-16T00:30:40
297,mistral:7b,V2.2,abstract,ML,ML,"REASONING: The paper describes the use of Random Forests, a combination of tree predictors, as a machine learning method for both classification and regression tasks. The primary contribution of the paper is the application of Random Forests and the internal estimates for error, strength, and correlation, as well as variable importance.

CATEGORY: ML",3.64,,False,2026-08-16T00:30:44
298,mistral:7b,V2.2,abstract,Unclear,DL,"REASONING: The paper discusses the transformation of educational practices through AI-driven adaptive learning systems, which primarily rely on Deep Learning (DL) techniques such as Natural Language Processing (NLP) and Machine Learning (ML). The primary contribution of the paper lies in the application of these DL techniques to personalize learning experiences, predict individual progress, and recommend tailored learning materials.

CATEGORY: DL",4.25,,False,2026-08-16T00:30:48
299,mistral:7b,V2.2,abstract,AI,AI,"REASONING: The paper primarily discusses the evolution of timekeeping, with a focus on atomic clocks, dissemination methods, and emerging applications. It also mentions the use of AI/ML for predictive control and resilience in timekeeping systems, which is the paper's secondary contribution. However, the primary contribution of the paper lies in the discussion of timekeeping and its applications, making it a review paper.

CATEGORY: AI (general artificial intelligence approaches)

The reason for categorizing it as AI is that the paper discusses the use of AI/ML for predictive control and resilience in timekeeping systems, which falls under the general artificial intelligence approaches category. Although the paper also discusses timekeeping and its applications, which could be considered a machine learning or deep learning topic, the primary focus is on the general concept of timekeeping and its applications, making it a more general AI topic.",9.23,,False,2026-08-16T00:30:57
0,mistral:7b,V3,abstract,DL,DL,"REASONING: The paper studies scaling laws for language model performance on the cross-entropy loss, focusing on the relationship between model size, dataset size, compute used for training, and overfitting. It also discusses the dependence of training speed on model size. The primary contribution is the determination of the optimal allocation of a fixed compute budget, which involves training very large models on a relatively modest amount of data and stopping significantly before convergence.

CATEGORY: DL",7.37,,False,2026-08-16T00:31:05
1,mistral:7b,V3,abstract,ML,DL,"REASONING: The paper compares classical and quantum neural networks, and introduces a framework for quantum machine unlearning. The primary contribution lies in the comparison and analysis of the response of classical and quantum models to data corruption, and the introduction of a quantum machine unlearning framework.

CATEGORY: DL (Deep Learning)",3.63,,False,2026-08-16T00:31:08
2,mistral:7b,V3,abstract,DL,DL,"REASONING: The paper describes the training of a deep convolutional neural network (CNN) with 60 million parameters and 650,000 neurons, consisting of five convolutional layers, max-pooling layers, and three fully-connected layers. The primary contribution of the paper is the development and training of this large CNN model, which achieved top-1 and top-5 error rates of 37.5% and 17.0% respectively, significantly better than the previous state-of-the-art.
CATEGORY: DL",6.31,,False,2026-08-16T00:31:15
3,mistral:7b,V3,abstract,AI,AI,"REASONING: The paper evaluates the performance of four AI chatbots in answering questions related to adrenal incidentalomas. The primary contribution of the paper is the comparison of these chatbots based on accuracy, quality, hallucination tendency, and readability.

CATEGORY: AI",3.8,,False,2026-08-16T00:31:18
4,mistral:7b,V3,abstract,DL,DL,"REASONING: The paper describes the use of a deep learning-based computer vision system, specifically the YOLO v11x network, for automatic recognition of key anatomical structures during laparoscopic donor nephrectomy. The system uses a sophisticated loss function for optimization and calculates performance metrics such as precision, recall, and F1 score.

CATEGORY: DL",4.82,,False,2026-08-16T00:31:23
5,mistral:7b,V3,abstract,ML,ML,"REASONING: The paper evaluates multiple machine learning models for predicting fetal distress from cardiotocography signals. The primary contribution is the comparison of various machine learning models and their performance on a specific dataset.

CATEGORY: ML",3.11,,False,2026-08-16T00:31:26
6,mistral:7b,V3,abstract,Unclear,AI,"REASONING: The paper discusses the integration of AI and digital technologies in Forensic Odontology, focusing on the use of deep neural networks and Machine Learning for various tasks such as dental records analysis, bite marks, age and sex estimation, and facial reconstruction. The primary contribution of the paper is the review of AI applications in Forensic Odontology.

CATEGORY: AI",4.39,,False,2026-08-16T00:31:31
7,mistral:7b,V3,abstract,ML,ML,"REASONING: The paper presents a new perspective on the EM algorithm, a classical machine learning technique, and proposes an incremental variant of the algorithm for faster convergence. The paper does not mention any neural network architecture or deep learning concepts.

CATEGORY: ML",3.08,,False,2026-08-16T00:31:34
8,mistral:7b,V3,abstract,Unclear,AI,"REASONING: The paper discusses the concept of intelligence in a broader sense, including biological and machine intelligence. It does not describe any specific technical methods or algorithms, but rather presents a philosophical critique of anthropocentric views of intelligence.

CATEGORY: AI (general artificial intelligence approaches, symbolic reasoning, expert systems, or work not specific to ML/DL techniques)",4.28,,False,2026-08-16T00:31:38
9,mistral:7b,V3,abstract,ML,ML,"REASONING: The paper describes the development of a high-accuracy prediction model using hybrid ML techniques (PSO-GWO algorithm, SVMSMOTE, CatBoost), XAI techniques (SHAP, LIME, PDP, ICE), and the creation of a web application. The primary contribution is the development of the CatBoost model using the hybrid PSO-GWO algorithm and XAI techniques.

CATEGORY: ML",5.52,,False,2026-08-16T00:31:44
10,mistral:7b,V3,abstract,Unclear,ML,"REASONING: The paper describes the use of several forecasting algorithms, including Neural Networks, K-Nearest Neighbors, and XGBoost, for energy consumption prediction. A decision tree is used to identify unique contexts, and a Multi-armed Bandit algorithm with reinforcement learning capabilities is employed to select the most effective forecasting algorithm.

CATEGORY: ML (The primary contribution lies in the application of machine learning algorithms for energy consumption prediction, with the Multi-armed Bandit algorithm being a reinforcement learning technique but still classified under ML due to its primary role being algorithm selection rather than a specific neural network architecture)",6.94,,False,2026-08-16T00:31:50
11,mistral:7b,V3,abstract,DL,DL,"REASONING: The paper describes a deep learning approach (CNN) for classifying cancer versus normal tissue and predicting drug response in high-grade serous ovarian cancer. Machine learning methods (Lasso, AdaBoost, Naive Bayes, XGBoost, and Random Forest) are used for feature selection. The primary contribution of the paper is the development and application of the deep learning pipeline for predicting chemotherapy response.

CATEGORY: DL",5.46,,False,2026-08-16T00:31:56
12,mistral:7b,V3,abstract,ML,ML,"REASONING: The paper discusses the use of machine learning algorithms for predicting intraoperative hypotension, specifically mentioning electrocardiography, basal systolic, and diastolic blood pressure. The primary contribution of the paper is the evaluation of the clinical performance of these machine learning algorithms.

CATEGORY: ML",4.1,,False,2026-08-16T00:32:00
13,mistral:7b,V3,abstract,ML,ML,"REASONING: The paper discusses the problem of selective inference, which involves statistical learning methods such as forward stepwise regression, the lasso, and principal components analysis. The primary contribution of the paper is the application of these methods to address the challenge of assessing the strength of associations found in data mining.

CATEGORY: ML",3.89,,False,2026-08-16T00:32:04
14,mistral:7b,V3,abstract,Unclear,AI,"REASONING: The paper discusses the application of machine learning, deep learning, and natural language processing in sustainable green finance. It mentions various techniques such as default prediction, market forecasting, portfolio optimization, ESG evaluation, greenwashing detection, and personalized green investment strategies. However, the primary contribution of the paper is the synthesis and review of these techniques in the context of green finance, rather than the development or implementation of any specific algorithm or architecture.

CATEGORY: AI",5.27,,False,2026-08-16T00:32:09
15,mistral:7b,V3,abstract,Unclear,DL,"REASONING: The paper describes the use of three pre-trained deep learning models (DenseNet-121, EfficientNet-B0, and ResNet-50) for classifying oral lesions as malignant or benign using intraoral photographs. The primary contribution of the paper is the superior performance of DenseNet-121 in classifying oral lesions, which exceeds the diagnostic accuracy of an experienced oral specialist.

CATEGORY: DL",5.42,,False,2026-08-16T00:32:15
16,mistral:7b,V3,abstract,ML,ML,"REASONING: The paper utilizes a machine learning model (LightGBM) for predicting contraceptive continuation among women in sub-Saharan Africa, and SHAP analysis to identify and rank influential features. The primary contribution of the paper is the development and application of the machine learning model.

CATEGORY: ML",4.08,,False,2026-08-16T00:32:19
17,mistral:7b,V3,abstract,Unclear,ML,"REASONING: The paper discusses various AI and machine learning techniques, including artificial neural networks, support vector machines, random forests, convolutional neural networks, and deep learning models, for improving bioanalytical workflows, particularly in LC-MS/MS applications. The primary contribution of the paper is the evaluation of AI-assisted bioanalytical methodologies for matrix-effect prediction, signal interpretation, chromatographic performance, and workflow automation.

CATEGORY: ML",5.73,,False,2026-08-16T00:32:24
18,mistral:7b,V3,abstract,Unclear,ML,"REASONING: The paper discusses the integration of multi-omics data using AI, particularly deep learning and machine learning, for cancer diagnosis and prognosis. It mentions various AI methodologies like graph neural networks, transformers, and explainable AI (XAI).

CATEGORY: ML (The primary contribution is the application of various machine learning methodologies for integrating multi-omics data, even though deep learning is also mentioned)",5.04,,False,2026-08-16T00:32:30
19,mistral:7b,V3,abstract,AI,DL,"REASONING: The paper discusses the application of AI techniques, including machine learning, deep learning, reinforcement learning, and generative models, in the development and optimization of theranostic nanoparticles for cancer treatment. It also analyzes clinical applications of AI solutions for patient identification, response predictions, and individualized cancer treatment.

CATEGORY: DL (Deep Learning is the most specific category that applies as the paper discusses the application of deep learning techniques, although it also mentions other machine learning techniques)",5.84,,False,2026-08-16T00:32:35
20,mistral:7b,V3,abstract,ML,ML,"REASONING: The paper presents a new technique called ""t-SNE"" for visualizing high-dimensional data in a two or three-dimensional map. The technique is a variation of Stochastic Neighbor Embedding and is easier to optimize, producing better visualizations by reducing the tendency to crowd points together. The paper compares t-SNE with other non-parametric visualization techniques and shows its superiority on various data sets.

CATEGORY: ML",5.3,,False,2026-08-16T00:32:41
21,mistral:7b,V3,abstract,DL,DL,"REASONING: The paper presents a novel Two-Tier Metaheuristic Algorithm for Cyberattack Defense Analysis using Explainable Artificial Intelligence based Bayesian Deep Learning (TTMCDA-XAIBDL) method. The method involves data preprocessing, feature selection using ISCSO, Bayesian neural network (BNN) classification, hyperparameter optimization using the whale optimization algorithm (WOA), and explainability using SHAP. The primary contribution of the paper is the development and evaluation of the TTMCDA-XAIBDL method for detecting and mitigating ransomware cyber threats.

CATEGORY: DL",7.38,,False,2026-08-16T00:32:48
22,mistral:7b,V3,abstract,AI,ML,"REASONING: The paper synthesizes available evidence on the cost-effectiveness of AI-PM, extracts data, and conducts regression analyses incorporating machine learning. The primary contribution is the quantitative summary and regression analyses using machine learning.

CATEGORY: ML",3.54,,False,2026-08-16T00:32:52
23,mistral:7b,V3,abstract,DL,DL,"REASONING: The paper describes a deep learning model (3D nnU-Net) for ACL segmentation, and classical machine learning models (SVM, RF, SGD) for ACL tear diagnosis using radiomics. The primary contribution of the paper is the development of a CT-based artificial intelligence system for ACL segmentation and tears diagnosis.

CATEGORY: DL (for the deep learning segmentation model) and ML (for the classical machine learning diagnosis models)",5.41,,False,2026-08-16T00:32:57
24,mistral:7b,V3,abstract,ML,ML,"REASONING: The paper describes the use of various machine learning algorithms for predicting food addiction among university students, with SHAP used for feature importance analysis. The primary contribution lies in the integration of psychological and artificial intelligence approaches for early identification of high-risk individuals.

CATEGORY: ML",3.83,,False,2026-08-16T00:33:01
25,mistral:7b,V3,abstract,Unclear,DL,"REASONING: The paper proposes a hybrid AI model that integrates particle swarm optimization (PSO), coati optimization (COO), gated recurrent unit (GRU), and adaptive neuro-fuzzy inference system (ANFIS) for predicting groundwater levels. The primary contribution of the paper is the development of the PSO-COO-GRU-ANFIS (PCGA) model, which uses GRU for pattern extraction and ANFIS for prediction.

CATEGORY: DL (Deep Learning)",6.23,,False,2026-08-16T00:33:07
26,mistral:7b,V3,abstract,AI,AI,"REASONING: The paper discusses the application of Explainable AI (XAI) methods in sports science, focusing on SHapley Additive Explanations (SHAP) as the most commonly used method. The paper does not mention any specific neural network architecture, so it is not about deep learning. The primary contribution of the paper is the systematic review and analysis of XAI techniques in sports science.

CATEGORY: AI",4.91,,False,2026-08-16T00:33:12
27,mistral:7b,V3,abstract,ML,ML,"REASONING: The paper uses multiple machine learning models (Extreme Gradient Boosting, Multilayer Perceptron, L1- and L2-regularized logistic regression) to predict functional outcome after acute ischemic stroke. Shapley additive global explanations are used to assess feature importance.

CATEGORY: ML",4.3,,False,2026-08-16T00:33:16
28,mistral:7b,V3,abstract,Unclear,ML,"REASONING: The paper describes the use of several machine learning algorithms (SVM, GBR, ANN, CatBoost, XGBoost, and RF) to develop a predictive model for rainfall isotopic values in Iraq. The primary contribution of the paper is the demonstration of the RF model's superior predictive performance in this context.

CATEGORY: ML",4.53,,False,2026-08-16T00:33:21
29,mistral:7b,V3,abstract,ML,ML,"REASONING: The paper applies machine learning algorithms, specifically Random Forest, Gradient Boosting, and Extreme Gradient Boosting, to predict cognitive outcomes after traumatic brain injury. The primary contribution of the paper is the development of these predictive models using harmonized data from multiple studies.

CATEGORY: ML",3.84,,False,2026-08-16T00:33:25
30,mistral:7b,V3,abstract,AI,ML,"REASONING: The paper discusses the application of AI in phytochemical-based anticancer drug discovery, focusing on machine learning and deep learning approaches for metabolite identification, virtual screening, target prediction, and toxicity assessment. The primary contribution of the paper lies in the discussion and evaluation of AI techniques in this specific context.

CATEGORY: ML (Machine Learning)",4.47,,False,2026-08-16T00:33:29
31,mistral:7b,V3,abstract,Unclear,DL,"REASONING: The paper develops and benchmarks a novel ensemble of six hybrid models, including three machine learning (ML) and three deep learning (DL) models to forecast nocturnal Surface Urban Heat Island (SUHI) in Tehran. The primary contribution is the development of the hybrid models, with the U-Net + LSTM model being the optimal one.

CATEGORY: DL",4.92,,False,2026-08-16T00:33:34
32,mistral:7b,V3,abstract,Unclear,ML,"REASONING: The paper discusses AI and ML applications in NSCLC, focusing on deep learning and ensemble methods for imaging, genomics, and multimodal integration. The primary contribution lies in the critical examination and synthesis of recent studies on these applications.

CATEGORY: ML (The paper discusses deep learning as a subset of machine learning, and the primary contribution is a review of various ML applications in NSCLC)",4.78,,False,2026-08-16T00:33:39
33,mistral:7b,V3,abstract,Unclear,ML,"REASONING: The paper discusses the application of AI and ML techniques in the field of drug repurposing for hepatitis B virus (HBV) infection. It mentions various ML methods such as supervised learning, deep neural networks, natural language processing, and reinforcement learning. The primary contribution of the paper is the discussion of how these ML methods can be used to predict interventions between drugs and their targets, and to stratify patients for personalized interventions.

CATEGORY: ML",5.73,,False,2026-08-16T00:33:45
34,mistral:7b,V3,abstract,DL,DL,"REASONING: The paper proposes an AI methodology for kidney cancer detection using deep learning techniques, specifically a CNN-BiLSTM-AM classifier, and employs feature extraction models like VGG16, MobileNetV1, and EfficientNetB5. The primary contribution lies in the development and validation of the AIDCNN-CDMKO methodology for kidney cancer detection.

CATEGORY: DL",5.2,,False,2026-08-16T00:33:50
35,mistral:7b,V3,abstract,ML,ML,"REASONING: The paper employs supervised machine learning classifiers (LinearSVC, Complement Naive Bayes, XGBoost, and AdaBoost) to detect Adverse Drug Reactions (ADRs) from texts, specifically from social media and drug reviews. The primary contribution of the paper is the application of these classifiers to the fusion dataset, which demonstrates their effectiveness in ADRs detection.

CATEGORY: ML",5.12,,False,2026-08-16T00:33:55
36,mistral:7b,V3,abstract,DL,DL,"REASONING: The paper proposes an AI-based intrusion detection and secure communication technique for 6G IoT networks. The method involves min-max normalization, improved sparrow search algorithm (ISSA) for feature selection, long short-term memory (MIX_LSTM) model for intrusion detection, and rabbit optimization algorithm (ROA) for hyperparameter selection. The primary contribution of the paper is the development and validation of the AIBID-SCSA technique, which is a deep learning-based intrusion detection model.

CATEGORY: DL",6.44,,False,2026-08-16T00:34:01
37,mistral:7b,V3,abstract,Unclear,ML,"REASONING: The paper describes two approaches for automating and standardizing the interpretation of cystometry (CMG) tracings: a deep learning approach using CNN-VGG16 and a wavelet-based machine learning approach using Daubechies transforms. The primary contribution of the paper is the wavelet-based machine learning approach, which provides detailed contraction descriptors and improves accuracy in detecting detrusor overactivity (DO). The deep learning approach is used as a comparison and does not yield quantitative metrics.

CATEGORY: ML",6.32,,False,2026-08-16T00:34:08
38,mistral:7b,V3,abstract,DL,DL,"REASONING: The paper describes the use of a sparse convolutional neural network for predicting key amino acid mutations to enhance the thermostability of microbial transglutaminase, and molecular dynamics simulations to investigate the molecular basis of this enhanced stability. The primary contribution of the paper is the development and experimental validation of the sparse convolutional neural network.

CATEGORY: DL",4.76,,False,2026-08-16T00:34:12
39,mistral:7b,V3,abstract,Unclear,ML,"REASONING: The paper discusses the application of various machine learning techniques (Convolutional Neural Networks, Random Forest, Support Vector Machine, and Extreme Gradient Boosting) in the context of skin injuries, particularly pressure injuries in hospitalized individuals. The primary contribution of the paper is the identification and analysis of the use of artificial intelligence in the assessment, monitoring, and management of skin injuries.

CATEGORY: ML",4.85,,False,2026-08-16T00:34:17
40,mistral:7b,V3,abstract,ML,ML,"REASONING: The paper presents a machine learning framework that integrates artificial neural networks (ANNs) with explainable artificial intelligence (XAI) for device modeling of WBG semiconductors. The primary contribution is the development of this interpretable machine learning framework.

CATEGORY: ML",3.48,,False,2026-08-16T00:34:21
41,mistral:7b,V3,abstract,ML,ML,"REASONING: The paper describes the development of machine learning models for predicting yarn properties based on cotton fiber properties, and uses Shapley Additive Explanations (SHAP) for interpretability. The primary contribution of the paper is the use of SHAP for explaining the predictions of the machine learning models.

CATEGORY: ML (Machine Learning)",4.26,,False,2026-08-16T00:34:25
42,mistral:7b,V3,abstract,ML,ML,"REASONING: The paper describes the development and evaluation of machine learning models for oral cancer diagnosis, specifically using Gray Level Co-occurrence Matrix (GLCM) features and several classical machine learning algorithms like Fine Tree, Medium Tree, Linear Discriminant, Linear Support Vector Machine, K-Nearest Neighbors, and Neural Network (MLP). The primary contribution of the paper is the development and evaluation of these machine learning models.

CATEGORY: ML",5.64,,False,2026-08-16T00:34:31
43,mistral:7b,V3,abstract,Unclear,None,"REASONING: The paper provides a bibliometric analysis of AI-based knee OA progression prediction research, mapping global trends and thematic evolution. It does not develop or study any specific AI, ML, or DL concept, method, or architecture.

CATEGORY: None",3.67,,False,2026-08-16T00:34:34
44,mistral:7b,V3,abstract,ML,ML,"REASONING: The paper employs machine learning regression techniques, optimized using metaheuristic algorithms, and uses SHAP and CAM for sensitivity analysis. The primary contribution of the paper is the integration of optimization algorithms with advanced models to improve predictive accuracy and model robustness in global energy forecasting.

CATEGORY: ML",3.96,,False,2026-08-16T00:34:38
45,mistral:7b,V3,abstract,DL,ML,"REASONING: The paper proposes an AI-based diagnostic approach that combines an improved Exponential Triangular Optimization (ETO) algorithm with a Convolutional Neural Network (CNN) model for CNC machine tool bearing fault diagnosis. The primary contribution lies in the improved ETO algorithm with a phase-switching mechanism and a joint hyperparameter optimization plan.

CATEGORY: ML (Machine Learning)",4.82,,False,2026-08-16T00:34:43
46,mistral:7b,V3,abstract,ML,ML,"REASONING: The paper describes the development and validation of AI models for predicting early recurrence of hepatocellular carcinoma (HCC) using machine learning algorithms. The primary contribution is the construction of these predictive models.

CATEGORY: ML",3.43,,False,2026-08-16T00:34:47
47,mistral:7b,V3,abstract,AI,AI,"REASONING: The paper discusses the integration of AI in discussion forums, focusing on various applications such as intelligent tutoring systems, AI-assisted apps, chatbots, automatic formative assessment, AI teaching assistants, and AI-assisted lifelong learning assistants. The primary contribution of the paper is not the development or study of any specific AI, ML, or DL concept, method, or architecture, but rather the investigation and summary of the effective integration of AI in discussion forums.

CATEGORY: AI",6.16,,False,2026-08-16T00:34:53
48,mistral:7b,V3,abstract,ML,ML,"REASONING: The paper describes the development of a dual-mode biosensing platform based on iron-doped carbon quantum dots (Fe0.45-CDs) coupled with sarcosine oxidase (SOX) for the ultrasensitive detection of sarcosine, an emerging biomarker for prostate cancer. The primary contribution lies in the construction of a cascade reaction-based sensor integrating colorimetric and ratiometric fluorescent readouts, which utilizes the unique structural and optical advantages of Fe0.45-CDs. Machine learning is employed to analyze RGB features extracted from smartphone-captured images, with the k-nearest neighbors (KNN) model achieving optimal prediction accuracy toward Sar concentration.

CATEGORY: ML",8.63,,False,2026-08-16T00:35:01
49,mistral:7b,V3,abstract,ML,ML,"REASONING: The paper proposes a data-driven predictive model for estimating mean pulmonary artery pressure (mPAP) based on individual patient clinical diagnostic features. The model is designed to learn from small datasets and incorporate CMR-related features into the disease evaluation framework. The primary contribution is the development of this predictive model, which is a machine learning technique.

CATEGORY: ML",4.49,,False,2026-08-16T00:35:06
50,mistral:7b,V3,abstract,ML,ML,"REASONING: The paper introduces a formal reduction between two machine learning algorithms, the Elastic Net (and Lasso as a special case) to the Support Vector Machine. The primary contribution is a parallel solver for the Elastic Net (and Lasso) that utilizes GPU and multi-core CPUs, significantly improving the speed of these algorithms.

CATEGORY: ML",4.23,,False,2026-08-16T00:35:10
51,mistral:7b,V3,abstract,Unclear,ML,"REASONING: The paper focuses on assessing the effectiveness of AI models, specifically those utilizing machine learning (ML) and deep learning (DL) in predicting hematoma expansion in patients with intracerebral hemorrhage. The primary contribution of the paper is the meta-analysis of various AI models, which makes it a machine learning study.

CATEGORY: ML",4.71,,False,2026-08-16T00:35:15
52,mistral:7b,V3,abstract,DL,ML,"REASONING: The paper describes a machine learning model based on a multilayer artificial neural network for predicting COVID-19 cases, deaths, and case fatality ratio. The model's performance is evaluated using metrics like R2, MAE, and RMSE.

CATEGORY: ML",3.81,,False,2026-08-16T00:35:19
53,mistral:7b,V3,abstract,Unclear,AI,"REASONING: The paper discusses various AI and ML techniques, including Deep Learning, Natural Language Processing, Radiomics, and multi-omics analysis, in the context of oncology. The primary contribution of the paper is a review of the use of these techniques in oncology, rather than the development of a specific AI or ML model.

CATEGORY: AI (since the paper discusses general AI approaches and work not specific to ML/DL techniques)",5.3,,False,2026-08-16T00:35:24
54,mistral:7b,V3,abstract,DL,DL,"REASONING: The paper presents a large-scale, data-driven, concentric deep learning model for forecasting financial risks. The model uses deep learning techniques for optimization and prediction, and it follows rules such as the EU AI Act.

CATEGORY: DL",3.21,,False,2026-08-16T00:35:27
55,mistral:7b,V3,abstract,Unclear,ML,"REASONING: The paper discusses the potential of AI and machine learning in improving risk stratification for plasma cell disorders, with a focus on the integration of multi-omics data. The primary contribution lies in the exploration of how AI can be used to identify novel biomarkers and predict disease outcomes with greater precision. However, the paper also touches upon classical machine learning and the challenges in integrating complex data types, standardizing protocols, and addressing data privacy and algorithmic bias.

CATEGORY: ML (The primary contribution is about the potential of AI and machine learning, but the specific AI techniques are not clearly defined, so it falls under the machine learning category)",7.15,,False,2026-08-16T00:35:34
56,mistral:7b,V3,abstract,ML,ML,"REASONING: The paper proposes a multi-level feature Dempster–Shafer joint (MLDSJ) attribution method for Advanced Persistent Threat (APT) groups based on threat intelligence. The method involves extracting multi-level features such as attack patterns, textual information, and graph topology from CTI reports, classifying these features using simple machine learning models, and integrating them using Dempster–Shafer (DS) evidence theory.

CATEGORY: ML",5.59,,False,2026-08-16T00:35:40
57,mistral:7b,V3,abstract,ML,ML,"REASONING: The paper discusses the use of supervised machine learning models for pneumonia discrimination and optimal therapeutic dosing determination, as well as ML-CDSS for potential integration into clinical practice. The primary contribution of the paper is the systematic review of existing studies evaluating the use of AI tools for risk prediction and therapy optimization of MRSA pneumonia, which falls under the machine learning category.

CATEGORY: ML",4.94,,False,2026-08-16T00:35:45
58,mistral:7b,V3,abstract,AI,AI,"REASONING: The paper discusses AI models for food formulation, recipe generation, ingredient selection, and formulation optimization, but no specific neural network architecture or learning method is developed or studied. The treatment of AI remains at the level of general capability rather than any specific ML or DL technique.

CATEGORY: AI",3.76,,False,2026-08-16T00:35:49
59,mistral:7b,V3,abstract,ML,ML,"REASONING: The paper employs machine learning models for predicting concrete compressive strength, with the Arithmetic Optimization Algorithm (AOA) optimization for the best predictive performance. The novelty lies in the application of AOA optimization for ensemble ML models. The results are interpreted using explainable artificial intelligence (XAI) to connect model predictions with hydration chemistry and mix design principles.

CATEGORY: ML",5.08,,False,2026-08-16T00:35:54
60,mistral:7b,V3,abstract,DL,DL,"REASONING: The paper introduces a quantum-inspired deep learning framework for EEG-based neurological diagnosis, which combines quantum-inspired feature encoding with a deep-learning architecture that blends temporal convolutional and attention-based recurrent modelling. The framework also includes a multi-level explainability module.

CATEGORY: DL",4.61,,False,2026-08-16T00:35:58
61,mistral:7b,V3,abstract,AI,ML,"REASONING: The paper discusses the role of AI in abdominal oncology, focusing on computer-aided detection (CAD) and diagnosis (CADx), and radiomics. Although it mentions other AI systems, the primary contribution lies in the application of CAD, CADx, and radiomics in abdominal oncology.

CATEGORY: ML (Machine Learning)",4.62,,False,2026-08-16T00:36:03
62,mistral:7b,V3,abstract,ML,ML,"REASONING: The paper describes the application of six supervised machine-learning algorithms to predict postoperative hearing outcomes following tympanoplasty. The primary contribution of the paper is the use of the Random Forest classifier, which achieves the highest predictive accuracy.

CATEGORY: ML",3.56,,False,2026-08-16T00:36:07
63,mistral:7b,V3,abstract,ML,ML,"REASONING: The paper focuses on comparing four supervised learning algorithms (Logistic Regression, Random Forest, XGBoost, and LightGBM) for credit card fraud detection. The primary contribution is the assessment of these algorithms based on their predictive performance and applicability with Explainable Artificial Intelligence (XAI) techniques. The study also uses the SHAP framework for feature importance and interpretability.

CATEGORY: ML",4.91,,False,2026-08-16T00:36:11
64,mistral:7b,V3,abstract,Unclear,AI,"REASONING: The paper reviews the application of AI and ML in sports medicine, discussing various studies and their methods, but does not develop or study any specific AI, ML or DL concept, method or architecture.

CATEGORY: AI (General)",3.11,,False,2026-08-16T00:36:15
65,mistral:7b,V3,abstract,nan,AI,"REASONING: The paper discusses the use of three-dimensional NVU organoids, spatial transcriptomics with single-cell resolution, and artificial intelligence technology, specifically machine learning and deep learning, in the study of Alzheimer's disease. The primary contribution of the paper is the review and application of these technologies in NVU studies, with a focus on Alzheimer's disease.

CATEGORY: AI (since the paper discusses the application of machine learning and deep learning, but the specific techniques or architectures are not developed or studied)",6.04,,False,2026-08-16T00:36:21
66,mistral:7b,V3,abstract,DL,ML,"REASONING: The paper's primary contribution is the development and comparison of machine learning models, specifically deep neural networks, for predicting functional outcomes after successful endovascular thrombectomy. The Shapley additive explanations (SHAP) analysis is used to provide model explanation and understand the importance of SBP metrics.

CATEGORY: ML",4.41,,False,2026-08-16T00:36:25
67,mistral:7b,V3,abstract,Unclear,ML,"REASONING: The paper discusses various machine learning, deep learning, and optimization algorithms for anemia detection, with a focus on three types of anemia: iron deficiency, sickle cell disease, and thalassemia. The primary contribution of the paper is a review and comparison of these techniques in terms of accuracy, key features, research gaps, and future scope.

CATEGORY: ML (The paper discusses various machine learning techniques, but it does not focus on any specific deep learning architecture or neural network, so it cannot be classified as DL)",6.22,,False,2026-08-16T00:36:31
68,mistral:7b,V3,abstract,ML,ML,"REASONING: The paper proposes LIME, a local interpretation method for any classifier, and a method to present explanations in a non-redundant way. The primary contribution is the introduction of LIME, which is a machine learning technique. Although the paper also discusses image and text classification, the focus is on the explanation technique.

CATEGORY: ML",4.19,,False,2026-08-16T00:36:35
69,mistral:7b,V3,abstract,DL,DL,"REASONING: The paper presents a Temporal Convolutional Network-Based Fall Activity Recognition System for Disabled Persons (TCN-FARSDP) that uses image pre-processing, feature extraction, and a TCN classifier for fall detection. The primary contribution of the paper is the development of the TCN-FARSDP method, which is a deep learning technique.

CATEGORY: DL",5.06,,False,2026-08-16T00:36:41
70,mistral:7b,V3,abstract,Unclear,AI,"REASONING: The paper discusses the use of AI in tailoring virtual reality exposure therapy (VRET), focusing on conversational AI, machine learning for outcome prediction, and personalizing cues and contexts. However, the primary contribution of the paper is not in developing or studying any specific AI, ML or DL concept, method or architecture, but rather in mapping and reviewing the current state of AI applications in VRET.

CATEGORY: AI",5.11,,False,2026-08-16T00:36:46
71,mistral:7b,V3,abstract,AI,AI,"REASONING: The paper discusses the importance of trust in AI for diabetes care, outlining six key attributes for a trustworthy medical AI system. It presents practical methods to achieve these attributes, but does not describe any specific AI, ML, or DL techniques.

CATEGORY: AI",3.49,,False,2026-08-16T00:36:49
72,mistral:7b,V3,abstract,Unclear,DL,"REASONING: The paper discusses various AI-based algorithms for dermoscopic image analysis, with Convolutional Neural Networks (CNNs) being the most common model type. It also mentions hybrid and ensemble models that incorporate different architectures like EfficientNet, DenseNet, and ResNet. The primary contribution of the paper is the evaluation of these AI algorithms for diagnostic purposes in dermoscopy.

CATEGORY: DL",5.42,,False,2026-08-16T00:36:55
73,mistral:7b,V3,abstract,Unclear,AI,"REASONING: The paper discusses the integration of Quantum Computing (QC) and Artificial Intelligence (AI) as key technologies in Industry 6.0, focusing on their applications, methodologies, and sectoral impacts. Although the paper mentions quantum optimization, Quantum Machine Learning (QML), and post-quantum cryptography, it does not delve into the specific algorithms or architectures of these techniques. Instead, the primary contribution lies in the systematic literature review, the identification of convergence dimensions, and the proposed classification framework for QC-AI applications.

CATEGORY: AI (due to the general discussion of QC and AI integration without focusing on specific ML or DL techniques)",7.71,,False,2026-08-16T00:37:02
74,mistral:7b,V3,abstract,DL,DL,"REASONING: The paper proposes a new framework, R-DELF, that combines genomic, structural, and temporal intelligence to predict proactive viral mutations and assess vaccine suitability. The methodology uses an ESM-2 Transformer, dual-attention Graph Neural Networks (GNNs), and an Explainable AI layer.

CATEGORY: DL",4.59,,False,2026-08-16T00:37:07
75,mistral:7b,V3,abstract,ML,ML,"REASONING: The paper discusses the efficiency of random search for hyper-parameter optimization compared to grid search and manual search. It provides empirical evidence and theoretical analysis to support its claims.

CATEGORY: ML (Machine Learning)",2.95,,False,2026-08-16T00:37:10
76,mistral:7b,V3,abstract,Unclear,ML,"REASONING: The paper evaluates the diagnostic performance of various imaging modalities for pancreatic neuroendocrine tumor grading, comparing conventional expert interpretation with Machine Learning/Deep Learning (ML/DL) algorithms. The primary contribution of the paper is the meta-analysis of the diagnostic performance of these imaging modalities, with a focus on ML/DL algorithms.

CATEGORY: ML (Machine Learning)",4.89,,False,2026-08-16T00:37:15
77,mistral:7b,V3,abstract,ML,ML,"REASONING: The paper introduces Variational Quantum Classifiers (VQCs), a hybrid algorithm that combines classical machine learning with quantum computing techniques. The primary contribution of the paper is testing the hypothesis that VQCs can model cross-sector nonlinear dependencies more effectively than standard classical classifiers in a low-dimensional classification setting.

CATEGORY: ML (since VQCs are a hybrid of classical machine learning and quantum computing techniques, but the primary contribution is a classical machine learning approach)",5.46,,False,2026-08-16T00:37:20
78,mistral:7b,V3,abstract,ML,ML,"REASONING: The paper employs machine learning techniques, specifically K-means clustering, KNN, SVM, ANN, SHAP, and LIME, to analyze the determinants of fiscal openness in a global context. The primary contribution of the paper is the use of these machine learning tools, particularly the unsupervised algorithm of K-means clustering and the supervised algorithm of KNN, to determine different regimes of governance.

CATEGORY: ML",5.58,,False,2026-08-16T00:37:26
79,mistral:7b,V3,abstract,ML,ML,"REASONING: The paper presents a decision support system for stroke diagnosis using machine learning techniques to fuse EHR variables with EV features. The primary contribution is the development of this system, which uses a decision tree learning model.

CATEGORY: ML",3.04,,False,2026-08-16T00:37:29
80,mistral:7b,V3,abstract,DL,DL,"REASONING: The paper proposes a new approach to neural machine translation, which is a deep learning method. The model aims to improve the performance of the encoder-decoder architecture by allowing it to automatically search for relevant parts of a source sentence, without forming these parts as a hard segment explicitly.

CATEGORY: DL",3.65,,False,2026-08-16T00:37:32
81,mistral:7b,V3,abstract,ML,ML,"REASONING: The paper compares 14 machine learning models for estimating patient-level EQ-5D-5L index scores using sociodemographic and Minimum European Health Module (MEHM) data. The primary contribution is the comparison and ranking of these models, with AdaBoost emerging as the best model.

CATEGORY: ML",4.2,,False,2026-08-16T00:37:37
82,mistral:7b,V3,abstract,ML,ML,"REASONING: The paper discusses a least squares version for support vector machine (SVM) classifiers, which is a classical machine learning method. The primary contribution of the paper is the development of a new SVM formulation that solves a set of linear equations instead of quadratic programming.

CATEGORY: ML",3.46,,False,2026-08-16T00:37:40
83,mistral:7b,V3,abstract,AI,AI,"REASONING: The paper describes an AI-driven platform that uses natural language processing, machine learning, and data analytics to provide immersive learning experiences for business students. The primary contribution of the paper is the development and application of BizAssistBot, an AI tool designed for business education.

CATEGORY: AI",3.69,,False,2026-08-16T00:37:44
84,mistral:7b,V3,abstract,Unclear,ML,"REASONING: The paper describes the use of FEM for stress analysis of various materials for rib cage reconstruction, and the integration of FEM with machine learning and deep learning regression models for predicting mechanical responses. The primary contribution of the paper is the development and evaluation of AI models for predicting stresses, strains, and deformations in rib cage reconstruction.

CATEGORY: ML",4.59,,False,2026-08-16T00:37:48
85,mistral:7b,V3,abstract,DL,ML,"REASONING: The paper introduces a functional pruning approach for reconstructing functional brain networks from fMRI data, using geometric deep learning to learn network representations and an XAI tool to identify discriminative sub-networks. The primary contribution lies in the functional pruning method, which focuses on collective co-activation patterns within sub-networks, rather than individual statistical significance.

CATEGORY: ML",4.68,,False,2026-08-16T00:37:53
86,mistral:7b,V3,abstract,Unclear,AI,"REASONING: The paper discusses the application of AI, machine learning, deep learning, and radiomics in prostate cancer diagnosis and treatment. While all these techniques are mentioned, the primary contribution seems to be the application of AI in prostate cancer detection and treatment, with machine learning and deep learning being the specific techniques used.

CATEGORY: AI",3.83,,False,2026-08-16T00:37:57
87,mistral:7b,V3,abstract,ML,ML,"REASONING: The paper describes a two-stage machine learning pipeline for heart failure screening, with the first stage using logistic regression and the second stage using XGBoost. The primary contribution of the paper is the development and validation of this machine learning pipeline.

CATEGORY: ML",3.8,,False,2026-08-16T00:38:01
88,mistral:7b,V3,abstract,DL,ML,"REASONING: The paper describes the development and evaluation of a machine learning model, specifically a multilayer perceptron, for predicting dosage in strabismus surgery. The model's performance is analyzed using explainable artificial intelligence techniques to determine feature importance. The primary contribution of the paper is the development of the machine learning model.

CATEGORY: ML",4.32,,False,2026-08-16T00:38:05
89,mistral:7b,V3,abstract,ML,ML,"REASONING: The paper presents a machine learning-based petrophysical inversion method for reservoir characterization and seismic modeling, integrating rock physics modeling, seismic modeling, and seismic inversion techniques. The primary contribution is the development of this ML-based methodology for a unified multiscale approach.

CATEGORY: ML",4.53,,False,2026-08-16T00:38:10
90,mistral:7b,V3,abstract,AI,AI,"REASONING: The paper presents a systematic literature review of Green AI in finance, identifies gaps in the current state, and proposes a new approach for implementing Green AI models. The primary contribution is the proposed framework that integrates Green AI principles with energy-monitoring tools to guide sustainable AI adoption in finance.

CATEGORY: AI (The paper discusses general artificial intelligence approaches, although it is focused on a specific application in finance)",4.95,,False,2026-08-16T00:38:15
91,mistral:7b,V3,abstract,ML,DL,"REASONING: The paper describes a hybrid framework that combines deep learning (ConvNeXt-Tiny, ResNet-18, etc.) and classical machine learning (RBF SVM) for automatic Coeliac disease detection from duodenal endoscopy images. The primary contribution is the development of the hybrid framework, which outperforms the best end-to-end model.

CATEGORY: DL (Deep Learning)",5.26,,False,2026-08-16T00:38:20
92,mistral:7b,V3,abstract,Unclear,Unclear,"REASONING: The paper presents a dataset of numerical signature descriptors derived from fragment images of six stored-product beetle species. The descriptors are extracted using standardized image acquisition and segmentation techniques, and four statistical descriptors - skewness, kurtosis, entropy, and standard deviation - are used to capture fragment-level texture and morphological variation. These descriptors are designed to support AI and machine learning workflows.

CATEGORY: Unclear (The paper is interdisciplinary, combining image processing, statistics, and AI/ML, making it difficult to assign a single category)",6.69,,False,2026-08-16T00:38:27
93,mistral:7b,V3,abstract,Unclear,DL,"REASONING: The paper describes a multimodal AI model that combines muscle imaging properties with physical performance for sarcopenia diagnosis. The model uses various Machine Learning (ML) and Deep Learning (DL) algorithms, with a multilayer perceptron network as classifier and Xception architectures for image feature extraction. Explainable AI (XAI) methods are integrated to provide transparent interpretation of the model's diagnostic decisions.

CATEGORY: DL",5.85,,False,2026-08-16T00:38:32
94,mistral:7b,V3,abstract,Unclear,AI,"REASONING: The paper presents a framework, TAXAI, that combines multiple existing XAI techniques (SHAP, LIME, Grad-CAM, DeepLIFT) with new components to operationalize explainability as a quantifiable and governance-focused concept. The primary contribution is the development of the TAXAI framework, which includes algorithmic transparency, interpretability alignment, compliance and reliability, and a mathematically robust Trust Index.

CATEGORY: AI",5.47,,False,2026-08-16T00:38:38
95,mistral:7b,V3,abstract,AI,AI,"REASONING: The paper discusses various AI applications in child and adolescent psychiatry, but no specific AI, ML, or DL concept, method, or architecture is developed or studied. The paper primarily focuses on the ethical concerns and limitations of AI in this field.

CATEGORY: AI",3.54,,False,2026-08-16T00:38:41
96,mistral:7b,V3,abstract,ML,ML,"REASONING: The paper focuses on developing a machine learning model for predicting the success of camouflage orthodontic treatment, using four specific algorithms (Random Forest, CART, Neural Network, and XGBoost). The primary contribution lies in the development and evaluation of these models, with XGBoost exhibiting the best predictive performance.

CATEGORY: ML",4.46,,False,2026-08-16T00:38:46
97,mistral:7b,V3,abstract,AI,ML,"REASONING: The paper discusses the application of AI algorithms, specifically Machine Learning (ML) models, in predicting remission outcomes for Cushing’s disease following transsphenoidal surgery. The primary contribution of the paper is the evaluation of these ML models and the presentation of their performance metrics.

CATEGORY: ML",4.02,,False,2026-08-16T00:38:50
98,mistral:7b,V3,abstract,AI,AI,"REASONING: The paper discusses the application of AI, specifically machine learning and deep learning, in various aspects of echocardiography for pediatric and fetal heart disease. The primary contribution of the paper is the exploration of AI's integration in image acquisition, optimization, automated view classification, structure segmentation, and diagnosis, making it a comprehensive review of AI's role in the echocardiography pipeline.

CATEGORY: AI",4.99,,False,2026-08-16T00:38:55
99,mistral:7b,V3,abstract,Unclear,AI,"REASONING: The paper reviews recent advancements in IoT, ML, and AI technologies for early detection of cattle diseases. The primary contribution is a systematic literature review of 20 peer-reviewed studies that apply AI-based techniques for disease detection, classification, prediction, and monitoring.

CATEGORY: AI (general artificial intelligence approaches)",4.08,,False,2026-08-16T00:38:59
100,mistral:7b,V3,abstract,AI,AI,"REASONING: The paper discusses the integration of 2D materials into neuromorphic systems, highlighting applications in wearable electronics, brain-machine interfaces, and quantum neuromorphic platforms. The primary contribution of the paper is the exploration of 2D materials and their potential in neuromorphic computing for energy-efficient AI.

CATEGORY: AI (General artificial intelligence approaches)",4.39,,False,2026-08-16T00:39:03
101,mistral:7b,V3,abstract,AI,AI,"REASONING: The paper evaluates dental residents' knowledge and perception regarding AI's application in dentistry, and it does not describe any specific technical methods or algorithms. The primary contribution of the paper is the assessment of dental residents' understanding and attitudes towards AI in dentistry.

CATEGORY: AI",3.7,,False,2026-08-16T00:39:07
102,mistral:7b,V3,abstract,Unclear,ML,"REASONING: The paper proposes a framework that integrates machine learning and deep learning techniques to predict cardiovascular disease outcomes. The primary contribution is the comparison and evaluation of multiple machine learning and deep learning models, with the SVM model demonstrating superior performance.
CATEGORY: ML (since the primary contribution is the comparison and evaluation of multiple machine learning models, including SVM, random forest, XGBoost, logistic regression, feed forward neural network (FFNN), and multi-layer perceptron (MLP), and the deep learning models are used as part of the comparison)",6.87,,False,2026-08-16T00:39:14
103,mistral:7b,V3,abstract,AI,AI,"REASONING: The paper discusses various AI-based privacy-preserving strategies in the IoV, including Federated Learning (FL), Differential Privacy (DP), Homomorphic Encryption (HE), Blockchain-enhanced AI, Adversarial Machine Learning (AML), and anomaly detection. The primary contribution is the creation of a six-domain taxonomy that systematically evaluates these methodologies.

CATEGORY: AI",5.17,,False,2026-08-16T00:39:19
104,mistral:7b,V3,abstract,Unclear,AI,"REASONING: The paper discusses the application of AI in ARDS management, focusing on the use of Machine Learning (ML) for early risk prediction, diagnosis, phenotyping, management, and outcome prediction. It mentions the use of electronic health records, imaging, physiological waveforms, and omics data for ML models. However, the primary contribution of the paper is not the development or implementation of any specific ML model, but rather a review and discussion of the potential and challenges of using ML in ARDS management.

CATEGORY: AI",6.12,,False,2026-08-16T00:39:25
105,mistral:7b,V3,abstract,ML,ML,"REASONING: The paper discusses various model selection techniques in the context of phylogenetics, including the Akaike Information Criterion (AIC), Bayesian methods, and likelihood ratio tests. The primary contribution of the paper is the application of AIC-based model averaging to a specific dataset of ground beetles.

CATEGORY: ML",4.18,,False,2026-08-16T00:39:29
106,mistral:7b,V3,abstract,DL,DL,"REASONING: The paper presents a deep learning-based approach for detecting artificial intelligence-generated artwork using a self-distilled transformer model (DINO v2). The primary contribution is the development and evaluation of this model for distinguishing human-created art from AI-generated content.

CATEGORY: DL",3.75,,False,2026-08-16T00:39:33
107,mistral:7b,V3,abstract,ML,AI,"REASONING: The paper proposes a novel component, the quantitative argumentation layer, for tabular data that mines concepts from both data and data descriptions. It constructs a concept and argumentation model (CAM) that embeds human-aligned reasoning processes, providing decisions based on human-level knowledge and an intrinsically interpretable reasoning process.

CATEGORY: AI (General artificial intelligence approaches)",4.49,,False,2026-08-16T00:39:38
108,mistral:7b,V3,abstract,AI,AI,"REASONING: The paper discusses AI in the context of pathology, outlining its applications, workflow, and the role of pathologists in AI development and deployment. No specific AI, ML, or DL technique is developed or studied.

CATEGORY: AI",3.27,,False,2026-08-16T00:39:41
109,mistral:7b,V3,abstract,ML,DL,"REASONING: The paper proposes an optimized hybrid deep learning framework that integrates Convolutional Neural Networks (CNN) and Recurrent Neural Networks (RNN) enhanced by Genetic Algorithm (GA)-based hyperparameter optimization. The primary contribution of the paper is the development and optimization of the CNN-RNN model using GA.

CATEGORY: DL",4.85,,False,2026-08-16T00:39:46
110,mistral:7b,V3,abstract,nan,None,"REASONING: The paper's contribution is a Python framework for loading, visualizing, and annotating medical time series. Although AI is mentioned as motivation, no AI, ML, or DL concept, method, or architecture is developed or studied.
CATEGORY: None",3.27,,True,2026-08-16T00:39:49
111,mistral:7b,V3,abstract,AI,AI,"REASONING: The paper discusses various AI-based approaches for improving medication adherence in patients with cardiovascular diseases. These approaches include natural language processing, reinforcement learning, and machine learning algorithms such as neural networks, random forests, support vector machines, and decision tree models. The primary contribution of the paper is not the development or comparison of a specific AI, ML, or DL technique but rather the review and analysis of existing literature on AI-based approaches for medication adherence.

CATEGORY: AI (general artificial intelligence approaches)",6.28,,False,2026-08-16T00:39:55
112,mistral:7b,V3,abstract,ML,ML,"REASONING: The paper describes a two-stage AI framework that integrates multimodal MRI and clinical indicators for the noninvasive assessment of renal fibrosis. The primary contribution is the development of a deep learning model (MobileNetV2-SE) for RF classification, which is combined with classical machine learning models (XGBoost, ExtraTree) for improved performance.

CATEGORY: ML (since the primary contribution is a combination of deep learning and classical machine learning models)",5.99,,False,2026-08-16T00:40:01
113,mistral:7b,V3,abstract,DL,ML,"REASONING: The paper discusses the training of deep multi-layer neural networks, focusing on understanding why standard gradient descent from random initialization fails with deep neural networks. It proposes a new initialization scheme to improve convergence. The paper does not mention any specific deep learning architectures like CNNs, RNNs, or transformers, and the primary contribution is the proposed initialization scheme, which places it in the machine learning category.

CATEGORY: ML",4.92,,False,2026-08-16T00:40:06
114,mistral:7b,V3,abstract,ML,ML,"REASONING: The paper describes the development of a pilot study to assess the feasibility of using ultrasound for body composition assessment in infants, and the development of preliminary machine learning models, including convolutional neural networks (CNN), for predicting body composition from ultrasound images. The primary contribution of the paper is the development of the machine learning models.

CATEGORY: ML",4.85,,False,2026-08-16T00:40:11
115,mistral:7b,V3,abstract,nan,None,"REASONING: The paper does not describe any AI, ML, or DL techniques. It only corrects a typesetting error in an author's name.
CATEGORY: None",2.33,,False,2026-08-16T00:40:14
116,mistral:7b,V3,abstract,Unclear,DL,"REASONING: The paper evaluates the impact of annotation quality and model architecture on Arabic sentiment analysis, comparing traditional machine learning algorithms with transformer-based architectures. The primary contribution is the use of transformer-based architectures, specifically AraBERTv2, CAMeL Lab BERT, and XLM-RoBERTa, which outperform all other models in the study.

CATEGORY: DL",5.07,,False,2026-08-16T00:40:19
117,mistral:7b,V3,abstract,Unclear,DL,"REASONING: The paper describes an integrated workflow that uses robot-automated experimentation, machine learning predictions, and finite element simulations to design stretchable electrodes. The primary contribution of the paper is the development of an ensemble of artificial neural networks for predicting the strain-insensitive performance of stretchable electrodes.

CATEGORY: DL",4.03,,False,2026-08-16T00:40:23
118,mistral:7b,V3,abstract,ML,ML,"REASONING: The paper discusses the generation of synthetic data for AI algorithms, focusing on statistical, probabilistic, and ML-based tabular data generation methods. The primary contribution of the paper is the exploration of these methods for synthetic data generation.

CATEGORY: ML",3.43,,False,2026-08-16T00:40:26
119,mistral:7b,V3,abstract,ML,DL,"REASONING: The paper proposes a multimodal AI system, DMDNet, for detecting digital manipulation in documents. The system uses a convolutional neural network (CNN) for feature extraction, and four advanced classification strategies, including transformer-based, adversarial, self-supervised, and feature-selection approaches. The primary contribution of the paper is the development and evaluation of the DMDNet system.

CATEGORY: DL (The paper's primary contribution is the development of a neural network-based system, DMDNet, for digital manipulation detection)",6.79,,False,2026-08-16T00:40:33
120,mistral:7b,V3,abstract,ML,ML,"REASONING: The paper proposes an Accurate Surgical Time Prediction (ASTP) framework that combines feature importance and advanced machine learning models, including Long Short Term Memory (LSTM) with SHapley Additive exPlanations (SHAP) values, Random Forest permutation importance, Histogram Gradient Boosting Regression (HGBR), artificial neural networks (ANNs), and recurrent models (Long Short Term Memory, Gated Recurrent Unit, and hybrid Long Short-Term Memory + Gated Recurrent Unit). The primary contribution of the paper is the development and evaluation of the ASTP framework, which is a machine learning approach.

CATEGORY: ML",7.74,,False,2026-08-16T00:40:41
121,mistral:7b,V3,abstract,ML,AI,"REASONING: The paper discusses various mathematical and machine learning-assisted spectral generation methods for Raman spectroscopy, including quantum mechanics simulations, GANs, and Auto-encoders. The primary contribution is the critical evaluation and summary of these existing methodologies for signal optimization, safety analysis, and probe design.

CATEGORY: AI (General artificial intelligence approaches)",4.44,,False,2026-08-16T00:40:45
122,mistral:7b,V3,abstract,Unclear,DL,"REASONING: The paper compares the performance of classical machine learning (Naive Bayes), deep learning (LSTM, Bi-LSTM), and transformer-based models (DistilBERT) for sentiment analysis of ChatGPT-related educational discourse. The primary contribution of the paper is the comparison and identification of the best-performing approach, which is the fine-tuned DistilBERT model.

CATEGORY: DL (Deep Learning)",5.55,,True,2026-08-16T00:40:51
123,mistral:7b,V3,abstract,AI,DL,"REASONING: The paper proposes an AI-based decision support approach for the development of upper limb exoskeletons, with the primary contribution being the use of a multilayer perceptron (MLP) for accurate and realistic results in exoskeleton design and production. The MLP is a neural network architecture, making this a deep learning (DL) application.

CATEGORY: DL",4.61,,False,2026-08-16T00:40:55
124,mistral:7b,V3,abstract,nan,DL,"REASONING: The paper introduces a new language representation model called BERT, which is a transformer-based model. The primary contribution of the paper is the development and pre-training of the BERT model, which can be fine-tuned for various natural language processing tasks without substantial architecture modifications.

CATEGORY: DL",3.91,,False,2026-08-16T00:40:59
125,mistral:7b,V3,abstract,ML,DL,"REASONING: The paper introduces a novel AI framework for fault detection and diagnosis (FDD) in photovoltaic (PV) systems that combines Convolutional Neural Networks (CNNs) with time–frequency analysis via the Wigner–Ville Distribution (WVD). The primary contribution is the development and benchmarking of this CNN-WVD model for PV FDD.

CATEGORY: DL",5.59,,False,2026-08-16T00:41:05
126,mistral:7b,V3,abstract,Unclear,DL,"REASONING: The paper discusses the use of AI and ML, particularly deep learning and convolutional neural networks (CNNs), for the early detection and prevention of Alzheimer's disease. The primary contribution is the application of these techniques to multimodal data integration from neuroimaging, genetics, and clinical records for predicting disease progression and guiding individualized treatment plans.

CATEGORY: DL",4.84,,False,2026-08-16T00:41:10
127,mistral:7b,V3,abstract,ML,ML,"REASONING: The paper describes the development and comparison of multiple machine learning algorithms for IDA prediction, with CatBoost being identified as the most effective model. SHAP values are used to characterize feature importance.

CATEGORY: ML",3.48,,False,2026-08-16T00:41:13
128,mistral:7b,V3,abstract,AI,AI,"REASONING: The paper discusses AI applications in various aspects of precision immunotherapy, including biomarker discovery, prediction of immune checkpoint inhibitor response and toxicity, neoantigen prioritization, CAR-T cell optimization, and therapeutic antibody engineering. While it mentions multiple AI techniques, the focus is on the application of AI in the field of immunotherapy, rather than the development or study of specific AI, ML, or DL concepts, methods, or architectures.

CATEGORY: AI",5.94,,False,2026-08-16T00:41:19
129,mistral:7b,V3,abstract,ML,ML,"REASONING: The paper proposes a machine learning framework for proactive detection of Android ransomware using network traffic metadata. The framework employs advanced classifiers like Light Gradient Boosting Machine, eXtreme Gradient Boosting Machine, and Random Forest, with Synthetic Minority Oversampling Technique enhanced stratified cross-validation to mitigate class imbalance and improve generalizability. Explainable artificial intelligence methods such as SHapley Additive exPlanations and Local Interpretable Model-Agnostic Explanations are used to enhance interpretability and analyst trust. The primary contribution of the paper is the development of this ensemble-based machine learning framework.

CATEGORY: ML",7.91,,False,2026-08-16T00:41:27
130,mistral:7b,V3,abstract,AI,AI,"REASONING: The paper discusses the application of AI, deep learning, and robotic microscopy in parasitology diagnostics, highlighting their potential to improve diagnostic equity in low-resource settings. The primary contribution of the paper is the evaluation of these emerging digital technologies in parasitology diagnostics.

CATEGORY: AI (General)",3.98,,False,2026-08-16T00:41:31
131,mistral:7b,V3,abstract,ML,DL,"REASONING: The paper develops three hybrid predictive models using artificial neural networks (ANN) optimized with genetic algorithm (GA), particle swarm optimization (PSO), and the Levenberg–Marquardt (LM) algorithm for predicting the crack healing percentage in self-healing concrete. The primary contribution of the paper is the development of these hybrid models.

CATEGORY: DL",4.57,,False,2026-08-16T00:41:35
132,mistral:7b,V3,abstract,ML,ML,"REASONING: The paper investigates the impact of adjunct VR-haptic simulator practice on undergraduate dental education and explores whether machine-learning models can predict faculty-assigned letter grades. The primary contribution is the use of machine learning models, specifically Naive Bayes, decision tree, random forest, and support vector machines, to predict the letter grades assigned by faculty members. SHAP is used to explain the results of the best-performing method.

CATEGORY: ML",5.75,,False,2026-08-16T00:41:41
133,mistral:7b,V3,abstract,AI,ML,"REASONING: The paper discusses the application of AI in enhancing PPE training, primarily focusing on computer vision and machine learning techniques for real-time feedback, virtual simulation, and compliance monitoring. The primary contribution of the paper lies in the review and evaluation of these AI-assisted training methods.

CATEGORY: ML (Machine Learning)",4.16,,False,2026-08-16T00:41:45
134,mistral:7b,V3,abstract,AI,AI,"REASONING: The paper discusses the applications of artificial intelligence in orthopedics, focusing on machine learning for structured perioperative risk prediction, deep learning for standardized musculoskeletal imaging, and large language models for workflow and decision support. The primary contribution lies in the discussion of the barriers to implementation and the need for rigorous evaluation, probability calibration, and uncertainty estimation.

CATEGORY: AI",4.83,,False,2026-08-16T00:41:50
135,mistral:7b,V3,abstract,ML,ML,"REASONING: The paper integrates behavioral theory with machine learning, specifically LASSO regression and SHAP analysis, along with machine-learning classifiers like XGBoost, LightGBM, and CatBoost. The primary contribution of the paper is the identification of psychological predictors of intention to use antimicrobials appropriately among clinicians using these machine learning techniques.

CATEGORY: ML",4.71,,False,2026-08-16T00:41:55
136,mistral:7b,V3,abstract,Unclear,ML,"REASONING: The paper discusses the application of AI, specifically machine learning and deep learning, in optimizing the design of nanobiological materials for neurodegenerative diseases treatment. The primary contribution is the proposal of a closed-loop system that integrates AI-driven design, patient-specific data, and real-time monitoring for personalized medicine.

CATEGORY: ML (since the primary contribution involves machine learning techniques, but the paper also discusses deep learning and AI in general)",5.46,,False,2026-08-16T00:42:00
137,mistral:7b,V3,abstract,ML,ML,"REASONING: The paper employs machine learning models (XGBoost and LightGBM) for cross-prediction of cancer survival rates. The primary contribution is the use of these models for cross-prediction of different cancer types, rather than the specific algorithms themselves.

CATEGORY: ML",3.56,,False,2026-08-16T00:42:04
138,mistral:7b,V3,abstract,ML,ML,"REASONING: The paper's primary contribution is the application of multiple machine learning algorithms (KNN, SVC, RFC, XGBoost) to a synthetic predictive maintenance dataset for multiclass failure prediction in infrastructure and facilities management. The research focuses on improving maintenance strategies by leveraging AI, and the comparative analysis of the models reveals XGBoost as the best performer.

CATEGORY: ML",4.91,,False,2026-08-16T00:42:09
139,mistral:7b,V3,missing,nan,NO_INPUT,,0.0,no abstract available,False,2026-08-16T00:42:09
140,mistral:7b,V3,abstract,AI,AI,"REASONING: The paper discusses the use of large language models (LLMs) for automating annotation of regulatory documents in the field of medical device regulatory science. The primary contribution of the paper is the validation study of LLMs for scaling data analyses in this field.

CATEGORY: AI",3.61,,False,2026-08-16T00:42:13
141,mistral:7b,V3,abstract,ML,ML,"REASONING: The paper discusses the application of Automated Machine Learning (AutoML) in oral healthcare, evaluating its performance and translational relevance. It mentions various dental specialties and data modalities, but the core concept is AutoML.

CATEGORY: ML",3.37,,False,2026-08-16T00:42:16
142,mistral:7b,V3,abstract,Unclear,DL,"REASONING: The paper presents a machine learning-based framework for predicting the residual flexural strength of FR-UHPC after exposure to elevated temperatures. The primary contribution is the development and validation of the hybrid AegisFusion architecture, a dual-track neural/tree fusion with MetaSwarm tuning and Bayesian calibration.

CATEGORY: DL",4.5,,False,2026-08-16T00:42:20
143,mistral:7b,V3,abstract,ML,DL,"REASONING: The paper introduces the concept of Dropout, a regularization technique used to prevent overfitting in deep neural networks by randomly dropping out units during training. The primary contribution of the paper is the introduction and demonstration of the effectiveness of Dropout in improving the performance of neural networks on various supervised learning tasks.

CATEGORY: DL",4.04,,False,2026-08-16T00:42:24
144,mistral:7b,V3,abstract,ML,ML,"REASONING: The paper proposes a hybrid framework that integrates federated learning with ensemble-based machine learning models and explainable AI techniques for sepsis mortality prediction. The primary contribution lies in the development of this hybrid framework, which includes various classical machine learning models (Random Forest, LightGBM, XGBoost, K-Nearest Neighbors, and Logistic Regression) and explainability techniques (SHapley Additive exPlanations (SHAP), Local Interpretable Model-agnostic Explanations (LIME), and Partial Dependence Plots (PDP)).

CATEGORY: ML",6.98,,False,2026-08-16T00:42:31
145,mistral:7b,V3,abstract,Unclear,AI,"REASONING: The paper discusses the application of AI, specifically machine learning and deep learning, in the diagnosis and prediction of acute ischemic stroke. It focuses on the use of AI for lesion segmentation and functional outcome forecasting, and the integration of multimodal data. The primary contribution of the paper is the synthesis of evidence on AI applications in stroke care, rather than the development of a specific AI model or algorithm.

CATEGORY: AI",5.3,,False,2026-08-16T00:42:37
146,mistral:7b,V3,abstract,Unclear,Unclear,"REASONING: The paper integrates AI, ML, and SEM to predict consumer purchase intentions. The primary contribution is the hybrid SEM-ML framework, which uses ensemble ML models (Logistic Regression, Random Forest, XGBoost, and Neural Networks) and SEM. Sentiment analysis, TF-IDF text vectorization, and DistilBERT are used as tools supporting the primary contribution.

CATEGORY: Unclear (The paper is interdisciplinary, combining AI, ML, and SEM, and it is not possible to identify a single most specific applicable category.)",6.9,,False,2026-08-16T00:42:44
147,mistral:7b,V3,abstract,Unclear,DL,"REASONING: The paper introduces a hybrid computational framework that integrates Graph Convolutional Networks, Variational Autoencoders, and Uncertainty Aware Adaptive Multi-Objective Optimization-based Reinforcement Learning (UAAMOO-RL) for drug discovery. The primary contribution of the paper is the development of this novel hybrid method.

CATEGORY: DL",4.66,,False,2026-08-16T00:42:48
148,mistral:7b,V3,abstract,ML,ML,"REASONING: The paper describes the Bagging predictors method, which is a classical machine learning technique that involves generating multiple versions of a predictor and averaging or voting them to get an aggregated predictor. The method is instable, meaning that perturbing the learning set can cause significant changes in the predictor constructed.

CATEGORY: ML",3.87,,False,2026-08-16T00:42:52
149,mistral:7b,V3,abstract,AI,AI,"REASONING: The paper discusses the diagnostic and prognostic applications of multimodal AI in retinal vascular diseases, comparing the performance of multimodal AI systems to unimodal models and expert ophthalmologists. It does not focus on a specific AI, ML, or DL technique, but rather on the integration of diverse imaging modalities and clinical data.

CATEGORY: AI",5.19,,False,2026-08-16T00:42:57
150,mistral:7b,V3,abstract,ML,ML,"REASONING: The paper develops a data-driven Bayesian Network framework using a Tree-Augmented Naive Bayes (TAN) structure to analyze and predict the consequences of ship collision accidents on a global scale. The model is trained on a long-term dataset of collision accident investigation reports.
CATEGORY: ML",3.82,,False,2026-08-16T00:43:01
151,mistral:7b,V3,abstract,ML,Unclear,"REASONING: The paper discusses various topics related to the application of machine learning, deep learning, and other AI techniques in various domains such as wildfire risk prediction, healthcare, sentiment analysis, cybersecurity, finance, and education. However, the primary contribution of the paper is not clearly identified as it is a collection of 35 papers on various AI-related topics.

CATEGORY: Unclear",4.85,,False,2026-08-16T00:43:06
152,mistral:7b,V3,abstract,ML,ML,"REASONING: The paper describes a combination of portable GC-MS and an AI model for the detection of viral respiratory infections. The AI model employs machine learning algorithms to enhance the specificity and sensitivity of the model. The primary contribution of the paper is the development of this AI model for breath biomarker analysis.

CATEGORY: ML",4.42,,False,2026-08-16T00:43:10
153,mistral:7b,V3,abstract,Unclear,ML,"REASONING: The paper describes a hybrid AI and ML model that uses supervised and unsupervised techniques like auto-encoders and Isolation Forests classifiers for insider threat detection. The primary contribution of the paper is the development of this hybrid model.

CATEGORY: ML",3.4,,False,2026-08-16T00:43:14
154,mistral:7b,V3,abstract,Unclear,AI,"REASONING: The paper reviews the role of AI in wildfire management, focusing on geospatial and climatic analysis, technological and algorithmic advancements, machine learning-driven wildfire prediction, and behavior modeling. The primary contribution of the paper is the bibliometric study and the identification of thematic clusters in the field of AI and wildfire management.

CATEGORY: AI",4.25,,False,2026-08-16T00:43:18
155,mistral:7b,V3,abstract,AI,AI,"REASONING: The paper proposes an AI-enriched digital Educational Framework (AIEDF) based on a Holistic Digital Literacy Framework (HDLF), which synthesizes competencies from existing frameworks. The primary contribution is the development of the AIEDF and HDLF, which are not specific to any ML/DL techniques.

CATEGORY: AI",4.57,,False,2026-08-16T00:43:23
156,mistral:7b,V3,missing,nan,NO_INPUT,,0.0,no abstract available,False,2026-08-16T00:43:23
157,mistral:7b,V3,abstract,AI,ML,"REASONING: The paper discusses various AI-driven multimodal fusion approaches for Alzheimer's Disease prediction, categorizing them into data-level, feature-level, decision-level, and temporal paradigms. It also investigates the adoption of explainable AI (XAI) techniques across studies.

CATEGORY: ML (The paper's primary contribution lies in the categorization and analysis of various machine learning techniques for multimodal data fusion in Alzheimer's Disease prediction, without explicitly mentioning any neural network architecture.)",6.17,,False,2026-08-16T00:43:29
158,mistral:7b,V3,abstract,Unclear,ML,"REASONING: The paper discusses the role of artificial intelligence (AI) and machine learning (ML) in optimizing microalgae production for food and water security. Although the paper mentions various aspects of AI and ML, the primary contribution lies in the application of these techniques to microalgae bioprocessing.

CATEGORY: ML (Machine Learning)",4.43,,False,2026-08-16T00:43:33
159,mistral:7b,V3,abstract,Unclear,ML,"REASONING: The paper presents an AI-enabled smart farming framework for optimizing date palm cultivation through the integration of Machine Learning (ML) and Internet of Things (IoT) technologies. The primary contribution of the paper is the development and optimization of four ML algorithms (Random Forest, Gradient Boosting Machine, Artificial Neural Network, and Support Vector Machine) for classifying palm health and supporting data-driven irrigation management.

CATEGORY: ML",5.11,,False,2026-08-16T00:43:38
160,mistral:7b,V3,abstract,ML,DL,"REASONING: The paper introduces a hybrid framework for detecting synthetic Spanish text using a tri-layer feature fusion strategy that includes structural stylometry, probabilistic surprisal via perplexity, and topical-aware semantic contrast. The primary contribution is the multi-model stacking ensemble that combines diverse learning architectures to maximize classification robustness.

CATEGORY: DL (Deep Learning)",4.67,,False,2026-08-16T00:43:43
161,mistral:7b,V3,abstract,Unclear,ML,"REASONING: The paper discusses the application of AI and ML techniques for the optimization of electrochemical devices, with a focus on surrogate models, prognostic health management, adaptive control strategies, and physics-informed neural networks. The primary contribution of the paper lies in the discussion of AI/ML architectures and hybrid strategies for hydrogen economy-related devices.

CATEGORY: ML (The paper discusses various ML techniques, but the primary focus is on the hybrid strategies that incorporate physics-informed neural networks, which can be considered a subset of ML)",6.18,,False,2026-08-16T00:43:49
162,mistral:7b,V3,abstract,Unclear,ML,"REASONING: The paper describes a hybrid approach that combines computational fluid dynamics (CFD) simulations and artificial intelligence (AI) techniques, specifically artificial neural networks (ANNs) and support vector machine regressions, for aerodynamic performance enhancement of an airfoil. The primary contribution of the paper is the development and validation of the AI models for predicting and optimizing the performance of the airfoil with the use of riblets and active plasma control.

CATEGORY: ML",5.52,,False,2026-08-16T00:43:55
163,mistral:7b,V3,abstract,ML,ML,"REASONING: The paper discusses the application of machine learning in functional materials design, focusing on three levels: macroscopic compositional design, microscopic electronic and structural responses, and dynamic or time-dependent processes. It mentions various methodological choices and practical tools, but no specific neural network architecture or learning method is developed or studied.

CATEGORY: ML",4.13,,False,2026-08-16T00:43:59
164,mistral:7b,V3,abstract,DL,DL,"REASONING: The paper proposes a method for traffic noise map prediction using a convolutional neural network (CNN) regression model. The primary contribution of the paper is the development and application of this CNN model for noise prediction.

CATEGORY: DL",3.04,,False,2026-08-16T00:44:02
165,mistral:7b,V3,abstract,ML,ML,"REASONING: The paper proposes an approach based on machine learning and graph analysis for diagnosing dementia. The primary contribution is the evaluation of ten machine learning models, with Random Forest achieving the highest accuracy. The graphical analysis is used for validation. No neural network architecture is mentioned, so it is not deep learning.

CATEGORY: ML",4.13,,False,2026-08-16T00:44:06
166,mistral:7b,V3,abstract,ML,ML,"REASONING: The paper's primary contribution is the development and evaluation of multiple machine learning models to assess the risk of depression among the elderly population. The models include bagged tree, RDA, LR, MARS, ANN, RF, SVM, and XGBoost. The feature selection analysis is also a part of the machine learning process.

CATEGORY: ML",4.66,,False,2026-08-16T00:44:11
167,mistral:7b,V3,abstract,AI,AI,"REASONING: The paper discusses AI technologies in plastic and reconstructive surgery, focusing on machine learning algorithms for automated image analysis, AI-driven virtual assistants, and large language models for clinical decision making and medical education. However, no specific neural network architecture or learning methodology is developed or studied.

CATEGORY: AI",3.76,,False,2026-08-16T00:44:15
168,mistral:7b,V3,abstract,ML,ML,"REASONING: The paper employs the double machine learning (DML) method with random forest regression as the DML learner to investigate the relationship mechanism between government-level AI policies and corporate supply chain resilience. The primary contribution of the paper is the application of the DML method, which is a machine learning technique.

CATEGORY: ML",4.3,,False,2026-08-16T00:44:19
169,mistral:7b,V3,abstract,AI,ML,"REASONING: The paper discusses AI-driven models for pattern recognition, predicting temporal trends, and detecting anomalies from wastewater data, which are all machine learning techniques. However, the primary contribution of the paper is the examination of these AI-driven models in the context of wastewater-based epidemiology, making it a machine learning paper.

CATEGORY: ML",4.32,,False,2026-08-16T00:44:23
170,mistral:7b,V3,abstract,Unclear,DL,"REASONING: The paper introduces a transformers-based architecture, RoBERTa-Large, for the automated detection of clickbait news headlines. The model is evaluated against state-of-the-art ML and DL approaches, and XAI methods like LIME and SHAP are used for better understanding and explainability.

CATEGORY: DL",4.24,,False,2026-08-16T00:44:27
171,mistral:7b,V3,abstract,nan,AI,"REASONING: The paper uses bibliometric analysis of SCOPUS data to map knowledge trends and research patterns in the field of AI and ML applied to sustainable development. The primary contribution is the analysis of the evolution of research topics, influential authors, and institutions, and the tracing of ideas across disciplines.

CATEGORY: AI (general artificial intelligence approaches)",4.29,,False,2026-08-16T00:44:32
172,mistral:7b,V3,abstract,ML,ML,"REASONING: The paper presents an interpretable machine learning architecture for early diagnosis of Alzheimer's disease using multimodal clinical and behavioral data. The primary contribution lies in the development of an enhanced Grey Relational Grade index, feature engineering, and the comparison of seven mainstream classifiers, including Deep Neural Networks.

CATEGORY: ML",4.37,,False,2026-08-16T00:44:36
173,mistral:7b,V3,abstract,Unclear,AI,"REASONING: The paper discusses Federated Learning (FL) and Explainable Artificial Intelligence (XAI) as a joint paradigm for privacy-preserving, collaborative model training across distributed and heterogeneous data sources. It reviews various FedXAI methods, their integration levels, and evaluation practices. The primary contribution lies in the introduction of a multi-axis taxonomy for categorizing FedXAI methods and the identification of open challenges in the field.

CATEGORY: AI (The paper discusses a general approach to artificial intelligence, specifically Federated Explainable Artificial Intelligence, without focusing on specific machine learning or deep learning techniques.)",7.15,,False,2026-08-16T00:44:43
174,mistral:7b,V3,abstract,ML,ML,"REASONING: The paper presents a machine learning framework for predicting antenatal care uptake in Ghana, using multiple supervised learning models, fairness auditing, explainability, and causal inference. The primary contribution is the integration of these techniques to create a fairness-aware machine learning framework. No neural network architecture is mentioned, so it cannot be classified as deep learning.

CATEGORY: ML",5.57,,False,2026-08-16T00:44:49
175,mistral:7b,V3,abstract,ML,DL,"REASONING: The paper introduces a new machine learning framework (GRACE) for interatomic potentials, which is trained on large materials datasets and demonstrated to be efficient and accurate. The primary contribution is the development of the GRACE framework, which is a deep learning method. The paper also discusses fine-tuning and knowledge distillation, which are techniques used in deep learning.

CATEGORY: DL",4.47,,False,2026-08-16T00:44:53
176,mistral:7b,V3,abstract,ML,DL,"REASONING: The paper describes a two-stage system that uses the Real-Time Detection Transformer (RT-DETR) for localizing ocular landmarks and supervised machine learning classifiers for binary screening of horizontal strabismus versus orthotropia. The primary contribution of the paper is the combination of transformer-based landmark detection with geometric ratios for strabismus screening, which places it in the deep learning category.

CATEGORY: DL",5.28,,False,2026-08-16T00:44:59
177,mistral:7b,V3,abstract,ML,ML,"REASONING: The paper's primary contribution is the development and evaluation of machine learning models (SVM, KNN, and RUSBoost) for predicting recurrent ischemic stroke using real-world data. Although the study also uses SMOTE for handling imbalanced data and SHAP for feature importance analysis, these techniques are secondary to the machine learning models.

CATEGORY: ML",4.99,,False,2026-08-16T00:45:04
178,mistral:7b,V3,abstract,ML,ML,"REASONING: The paper describes the use of various machine learning algorithms for predicting hand movements using fNIRS signals. The primary contribution of the paper is the comparison of these algorithms, with the Random Forest algorithm performing notably superior.

CATEGORY: ML",3.28,,False,2026-08-16T00:45:07
179,mistral:7b,V3,abstract,nan,DL,"REASONING: The paper presents a Quantum-Inspired Algorithm (QIA) for sustainable machine learning, which optimizes hyperparameters, model compression, and scheduling in a single framework. The algorithm uses tunnelling-based search and amplitude reweighting to find energy-efficient configurations faster, and builds a metric comparison to evaluate trade-offs among accuracy, energy consumption, and carbon footprint using a new Quantum-Sustainable AI (Q-SAI) index.

CATEGORY: DL (Deep Learning)",5.81,,False,2026-08-16T00:45:13
180,mistral:7b,V3,abstract,nan,ML,"REASONING: The paper discusses the application of machine learning, particularly deep learning models like LSTM-DDQN, CNN-BiGRU, and transformer-based frameworks, in the context of electric vehicle design, battery systems, and charging infrastructure. The primary contribution of the paper is the quantitative benchmarking of these models using unified statistical metrics.

CATEGORY: ML (Machine Learning)",5.02,,False,2026-08-16T00:45:18
181,mistral:7b,V3,abstract,DL,DL,"REASONING: The paper proposes an Assistive Communication System Using Deep Sparse Autoencoder with Feature Learning (ACS-DSAEFL) approach for improving communication for the deaf community. The system employs image pre-processing, Inception-enhanced vision transformer (IEViT) for feature extraction, and stacked sparse denoising autoencoder (SSDAE) for classification.

CATEGORY: DL",5.12,,False,2026-08-16T00:45:23
182,mistral:7b,V3,abstract,Unclear,DL,"REASONING: The paper develops a tool, FungiGuard, that integrates Random Forest, Long Short-Term Memory, and attention mechanisms for the specific task of classifying plant antifungal peptides. The primary contribution is the development of this tool, which uses deep learning techniques.

CATEGORY: DL",3.67,,False,2026-08-16T00:45:27
183,mistral:7b,V3,abstract,ML,ML,"REASONING: The paper proposes a method for improving multiple regression by adding small positive quantities to the diagonal of X'X, and introduces the ridge trace as a visualization tool for demonstrating the effects of nonorthogonality. The primary contribution of the paper lies in the proposed estimation procedure for multiple regression, which is a classical machine learning technique.

CATEGORY: ML",4.27,,False,2026-08-16T00:45:31
184,mistral:7b,V3,abstract,DL,DL,"REASONING: The paper presents a framework for protective antigen prediction using Protein Language and Geometric Deep Learning models. The primary contribution of the paper is the development of the PLGDL framework, which integrates both primary sequence features and three-dimensional structural features of protein antigens.

CATEGORY: DL (Geometric Deep Learning models are a subset of deep learning)",4.24,,False,2026-08-16T00:45:35
185,mistral:7b,V3,abstract,Unclear,AI,"REASONING: The paper presents a bibliometric analysis of AI and ML in renal cancer research, using various tools to visualize patterns in co-authorship, institutional collaborations, citations, keyword co-occurrences, and emerging research trends. The primary contribution of the paper is the analysis itself, not the AI or ML techniques used in the research it is analyzing.

CATEGORY: AI (since the analysis is about AI and ML in general, not specific to ML/DL techniques)",5.75,,False,2026-08-16T00:45:41
186,mistral:7b,V3,abstract,DL,DL,"REASONING: The paper discusses advancements in AI, deep learning, transformer-based sequence models, graph neural networks, and multimodal architectures for microbiology, with a focus on antibiotic resistance surveillance. The primary contribution of the paper is the review of AI-aided microbiology, particularly deep learning frameworks for ARG annotation, emerging approaches to identifying new resistance genes, and multimodal applications.

CATEGORY: DL (Deep Learning)",5.59,,False,2026-08-16T00:45:46
187,mistral:7b,V3,abstract,nan,ML,"REASONING: The paper presents a machine learning model (NVUPreM) for predicting 30-day NVUGIB mortality, using a variety of machine learning algorithms for model development and comparison with traditional scoring systems. The primary contribution of the paper is the development and validation of the NVUPreM model.

CATEGORY: ML",4.49,,False,2026-08-16T00:45:51
188,mistral:7b,V3,abstract,ML,AI,"REASONING: The paper presents a comprehensive review of Quantum Machine Learning (QML) and classical Machine Learning (ML), comparing their foundations, complexity, and applications across various domains. It discusses the advantages and disadvantages of QML compared to classical ML, and highlights patterns that indicate when quantum models tend to outperform or underperform classical baselines.

CATEGORY: AI (since the paper covers a broad range of ML techniques, including neural networks, kernel methods, generative models, representation learning, and clustering, without focusing on a specific ML or DL technique)",6.18,,False,2026-08-16T00:45:57
189,mistral:7b,V3,abstract,AI,AI,"REASONING: The paper evaluates AI applications in ACL injury prediction and prevention, focusing on techniques, performance metrics, sports contexts, and intervention effectiveness. The primary contribution lies in the systematic review of various AI techniques, including machine learning (ML) and deep learning (DL), applied to ACL injury prediction and prevention.

CATEGORY: AI",4.35,,False,2026-08-16T00:46:01
190,mistral:7b,V3,abstract,ML,ML,"REASONING: The paper describes the development of a machine learning-based model for bladder cancer identification, using Extreme Gradient Boosting, Logistic Regression, and Support Vector Machine. The primary contribution is the Extreme Gradient Boosting model, which achieves superior predictive performance.

CATEGORY: ML",3.94,,False,2026-08-16T00:46:05
191,mistral:7b,V3,abstract,Unclear,Unclear,"REASONING: The paper compares the performance of classical machine learning models, deep learning, and a pre-trained large language model in classifying bronchiolitis diagnosis from EHRs. The primary contribution of the paper is the comparison of these three approaches.

CATEGORY: Unclear",3.95,,False,2026-08-16T00:46:09
192,mistral:7b,V3,abstract,DL,DL,"REASONING: The paper presents a brain-inspired reinforcement learning computing architecture using a α-In2Se3 ferroelectric semiconductor field-effect transistor. The device leverages multi-terminal conductance modulation for reward signal modulation of reinforcement learning and ferroelectric relaxation for implementing biological eligibility trace decay. The paper demonstrates autonomous driving tasks with an RL neural network constructed by the α-In2Se3 transistor array.

CATEGORY: DL (Deep Learning)",6.11,,False,2026-08-16T00:46:15
193,mistral:7b,V3,abstract,AI,AI,"REASONING: The paper discusses the use of AI, ML, and DL in oncological drug development, with a focus on various applications such as target identification, virtual screening, de novo molecular design, and cancer applications. The primary contribution of the paper is the review of AI applications in drug development, with a focus on ML and DL techniques.

CATEGORY: AI (since the paper discusses a broad range of AI techniques, including ML and DL, without focusing on a specific neural network architecture or learning methodology)",5.7,,False,2026-08-16T00:46:21
194,mistral:7b,V3,abstract,ML,DL,"REASONING: The paper presents a study comparing the performance of deep learning models (XLNET, DistilBERT, and ALBERT) and traditional machine learning models in detecting depression-related texts in social media comments. The primary contribution is the use of XLNET with text summarization, which outperforms other models and gives 63.33% accuracy. The paper also tests the task-incremental learning capability of the transformer models in a continual learning setting.

CATEGORY: DL",5.77,,False,2026-08-16T00:46:27
195,mistral:7b,V3,abstract,Unclear,ML,"REASONING: The paper describes a supervised AI/ML algorithm for automated, rapid, objective quantification of fibrosis content and spatial distribution in histology slides. The primary contribution of the paper is the development and validation of this AI/ML algorithm.

CATEGORY: ML",3.59,,False,2026-08-16T00:46:31
196,mistral:7b,V3,abstract,ML,ML,"REASONING: The paper evaluates eight machine learning models for predicting ACL injuries, using four datasets and a three-class schema. The primary contribution is the identification of significant predictors of ACL injury across multiple models, particularly early-phase force metrics and initial-contact forces.

CATEGORY: ML",3.82,,False,2026-08-16T00:46:34
197,mistral:7b,V3,abstract,nan,ML,"REASONING: The paper introduces an innovative methodology that integrates remote sensing data and machine learning to assess risks to heritage sites. The primary contribution is the development of a novel risk assessment framework that uses machine learning models to evaluate and prioritize vulnerable heritage sites.

CATEGORY: ML",3.65,,False,2026-08-16T00:46:38
198,mistral:7b,V3,abstract,nan,AI,"REASONING: The paper discusses the application of AI and machine learning in various aspects of HLA research, including HLA-peptide binding, presentation, TCR-epitope models, HLA imputation, transplant decision support, and more. However, the primary contribution of the paper is the integration of AI and machine learning into HLA research, which is a broad topic that encompasses both machine learning and AI.

CATEGORY: AI (Artificial Intelligence)",5.67,,False,2026-08-16T00:46:44
199,mistral:7b,V3,abstract,Unclear,ML,"REASONING: The paper's primary contribution is the development of an open-access, eXplainable AI platform named ""KidneyTox_v1.0"" for nephrotoxicity prediction. The platform uses a robust supervised machine learning model for classification and provides interpretability through interactive SHAP-based waterfall plots.

CATEGORY: ML",4.35,,False,2026-08-16T00:46:48
200,mistral:7b,V3,abstract,Unclear,ML,"REASONING: The paper discusses the role of AI in Carbon Capture and Utilization (CCU) technologies, focusing on machine learning, deep learning, and optimization algorithms as the primary AI techniques applied.

CATEGORY: ML (since the paper does not explicitly mention neural network architectures like CNNs, RNNs, transformers, or deep reinforcement learning)",4.33,,False,2026-08-16T00:46:52
201,mistral:7b,V3,missing,nan,NO_INPUT,,0.0,no abstract available,False,2026-08-16T00:46:52
202,mistral:7b,V3,abstract,Unclear,ML,"REASONING: The paper presents a novel hybrid stacking ensemble model that combines Random Forest, Extreme Gradient Boosting, and Artificial Neural Network models to predict the flexural strength of aluminium fibre reinforced concrete. The primary contribution of the paper is the development and validation of this hybrid model.

CATEGORY: ML (Machine Learning)",4.21,,False,2026-08-16T00:46:57
203,mistral:7b,V3,abstract,ML,ML,"REASONING: The paper evaluates the diagnostic performance of various machine learning algorithms (MLAs) for predicting Tuberculous pericardial effusion (TPE) among patients with pericardial effusion. The primary contribution of the paper is the comparison and evaluation of eight different MLAs, with the random tree model demonstrating the highest accuracy.

CATEGORY: ML",4.51,,False,2026-08-16T00:47:01
204,mistral:7b,V3,abstract,Unclear,AI,"REASONING: The paper provides a comprehensive analysis of the global research landscape on AI and ML applications in telesurgery. It uses bibliometric indicators and keyword co-occurrence analysis to identify trends and themes, but does not develop or study any specific AI, ML, or DL concept, method, or architecture.

CATEGORY: AI (general artificial intelligence approaches)",4.62,,False,2026-08-16T00:47:06
205,mistral:7b,V3,abstract,ML,ML,"REASONING: The paper introduces the Support Vector Network, a machine learning algorithm for two-group classification problems, which is an extension of the Support Vector Machine (SVM) for non-separable training data. The algorithm uses polynomial input transformations to map input vectors to a high-dimensional feature space and construct a linear decision surface. The paper demonstrates high generalization ability of the support-vector network and compares its performance with various classical learning algorithms.

CATEGORY: ML",5.14,,False,2026-08-16T00:47:11
206,mistral:7b,V3,abstract,Unclear,DL,"REASONING: The paper focuses on the use of a convolutional neural network (CNN) for detecting biological sex from EEG signals and its impact on pathological EEG diagnosis. The primary contribution of the paper is the application of the CNN for sex detection in EEG data.

CATEGORY: DL",3.87,,False,2026-08-16T00:47:15
207,mistral:7b,V3,abstract,Unclear,AI,"REASONING: The paper discusses various AI technologies, including machine learning (ML), deep learning (DL), natural language processing (NLP), generative AI (GenAI), large language models (LLMs), and explainable AI (XAI). The primary contribution of the paper is the application of these AI technologies to suicide prevention, with a focus on NLP and DL approaches.

CATEGORY: AI",4.72,,False,2026-08-16T00:47:19
208,mistral:7b,V3,abstract,Unclear,DL,"REASONING: The paper proposes a machine learning model for disaster management-based healthcare system, utilizing deep learning techniques such as deep adversarial gaussian multilayer perceptron and firefly swarm binary grasshopper optimization for data preprocessing and feature optimization. The primary contribution of the paper lies in the application of these deep learning techniques to disaster management.

CATEGORY: DL",4.5,,False,2026-08-16T00:47:24
209,mistral:7b,V3,abstract,Unclear,ML,"REASONING: The paper presents a machine learning workflow for predicting hydrogen wettability in underground storage systems. The workflow includes multivariate imputation, multicollinearity diagnostics, and systematic benchmarking of various machine learning models, including linear, tree-based, boosting, and neural-network models. The optimized CatBoost model is used for predictions, and SHAP and partial dependence analysis are used for explainable interpretation.

CATEGORY: ML",5.81,,False,2026-08-16T00:47:30
210,mistral:7b,V3,abstract,Unclear,ML,"REASONING: The paper examines the performance of various machine learning and deep learning algorithms for classifying pulmonary diseases using spirometry features. The primary contribution lies in comparing the performance of different classical machine learning methods (logistic regression, support vector machine, k-nearest neighbor, random forest, XGBoost) and deep learning models (deep neural networks, convolutional neural networks) for this specific application.

CATEGORY: ML",5.18,,False,2026-08-16T00:47:35
211,mistral:7b,V3,abstract,DL,ML,"REASONING: The paper discusses the phenomenon of benign overfitting in deep learning, specifically focusing on linear regression and the minimum norm interpolating prediction rule. The primary contribution of the paper is the characterization of linear regression problems for which the minimum norm interpolating prediction rule has near-optimal prediction accuracy.

CATEGORY: ML",4.05,,False,2026-08-16T00:47:39
212,mistral:7b,V3,abstract,Unclear,ML,"REASONING: The paper develops an XGBoost model for dental caries detection using questionnaire data, and uses cross-validation nested resampling for training and external validation for testing. The model's performance is visualized using beeswarm plots for variable importance.

CATEGORY: ML",3.88,,False,2026-08-16T00:47:43
213,mistral:7b,V3,abstract,ML,ML,"REASONING: The paper describes a scalable end-to-end tree boosting system called XGBoost, which is a machine learning method. The primary contribution of the paper is the development of XGBoost, which includes a novel parity-aware algorithm for sparse data, weighted quantile sketch for approximate tree learning, and insights on cache access patterns, data compression, and sharding to build a scalable tree boosting system.

CATEGORY: ML",5.07,,False,2026-08-16T00:47:48
214,mistral:7b,V3,abstract,Unclear,ML,"REASONING: The paper discusses the use of various machine learning and deep learning models (SVM, Random Forest, deep neural networks, SHAP, LIME) for the analysis of EEG data in the context of mood disorders. The primary contribution of the paper is the systematic review of EEG-based biomarkers for depression, anxiety, and bipolar disorder as informed by XAI techniques.

CATEGORY: ML (Machine Learning)",5.65,,False,2026-08-16T00:47:54
215,mistral:7b,V3,abstract,Unclear,ML,"REASONING: The paper discusses the application of AI, specifically machine learning (ML) and deep learning (DL), in optimizing experimental design for CRISPR screening. It also introduces large language model–agent (LLM–agent) systems to externalize scientific reasoning and integrate biological knowledge at scale.

CATEGORY: ML (since the primary contribution is the application of ML techniques for optimizing experimental design in CRISPR screening)",4.92,,False,2026-08-16T00:47:59
216,mistral:7b,V3,abstract,Unclear,ML,"REASONING: The paper introduces a self-supervised machine learning platform, CLOSER, for monitoring spontaneous behavior in a depressive disease model. The platform uses 3D pose skeleton data and kinematic features in a unique data augmentation strategy to characterize semantic behavioral syllables with a high-quality feature space.

CATEGORY: ML",4.33,,False,2026-08-16T00:48:03
217,mistral:7b,V3,abstract,Unclear,ML,"REASONING: The paper applies multiple machine learning models to vocal biomarkers for the early detection of Parkinson's disease and uses explainable artificial intelligence techniques to interpret the predictions. The primary contribution of the paper is the application of various machine learning models, with HGB model being the highest-ranked model based on accuracy, precision, recall, and F1-score.

CATEGORY: ML",4.8,,False,2026-08-16T00:48:08
218,mistral:7b,V3,abstract,Unclear,ML,"REASONING: The paper presents an AI-driven predictive model (KinicI) for classifying HCC patients into two distinct Kinic subgroups, uses machine learning approaches (LASSO, RSF) for prognostic variable identification, and GraphBAN deep learning framework for drug discovery. The primary contribution of the paper is the development and application of the KinicI model, which makes it a machine learning approach. However, the GraphBAN deep learning framework is also significant as it is used for drug discovery.

CATEGORY: ML (Primary contribution is a machine learning approach, but the paper also involves deep learning)",6.92,,False,2026-08-16T00:48:15
219,mistral:7b,V3,abstract,Unclear,AI,"REASONING: The paper discusses the application of artificial intelligence in Endourology, focusing on novel technologies such as causal artificial intelligence modeling and reinforcement learning. These technologies are the primary contribution of the paper.

CATEGORY: AI",3.04,,False,2026-08-16T00:48:18
220,mistral:7b,V3,abstract,Unclear,ML,"REASONING: The paper discusses sentiment analysis, a technique used in natural language processing and artificial intelligence, and its evolution to multimodal sentiment analysis that includes other modalities like images, audio, and video. It reviews various techniques used for sentiment analysis, such as deep learning models, machine learning methods, and hybrid methods.

CATEGORY: ML (Machine Learning)",4.39,,False,2026-08-16T00:48:22
221,mistral:7b,V3,abstract,AI,Unclear,"REASONING: The paper compares two approaches for robotic manipulation tasks: a fine-tuned VLA model and a neuro-symbolic architecture that combines symbolic planning with learned low-level control. The primary contribution of the paper is the comparison and evaluation of these two approaches on structured manipulation tasks.

CATEGORY: Unclear (as the paper compares two different approaches, both of which involve elements of AI, ML, and DL)",5.16,,False,2026-08-16T00:48:27
222,mistral:7b,V3,abstract,Unclear,ML,"REASONING: The paper's primary contribution is the development and application of an explainable machine learning framework using LASSO regression for feature selection, SHAP analysis for model interpretation, and unsupervised clustering with supervised UMAP and HDBSCAN. The framework is used to identify key predictors and a novel high-risk patient phenotype for PICC-CRBSI.

CATEGORY: ML",5.08,,False,2026-08-16T00:48:32
223,mistral:7b,V3,abstract,Unclear,AI,"REASONING: The paper discusses the application of AI, ML, and DL in orthodontics, with a focus on categorizing AI methods and their effectiveness in clinical practice. The primary contribution is the categorization of AI methods into four clinical groups: hybrid or custom systems, imaging-based applications, diagnostic tools, and treatment-planning solutions.

CATEGORY: AI (general artificial intelligence approaches)",5.0,,False,2026-08-16T00:48:37
224,mistral:7b,V3,abstract,Unclear,AI,"REASONING: The paper discusses various AI applications in climate science, including machine learning and deep learning techniques. However, the primary contribution is a field-level synthesis of recent advances in AI for climate science, which includes a PRISMA-aligned protocol for surveying studies, a study-quality checklist, and recommendations for future directions in the field.

CATEGORY: AI",4.4,,False,2026-08-16T00:48:42
225,mistral:7b,V3,abstract,Unclear,ML,"REASONING: The paper discusses the use of quantum computing and deep learning algorithms for the prediction and design of high-entropy materials, specifically MXenes, for energy storage applications. The primary contribution lies in the application of these algorithms to predict and design materials before synthesis.

CATEGORY: ML (Machine Learning)",3.71,,False,2026-08-16T00:48:45
226,mistral:7b,V3,abstract,ML,ML,"REASONING: The paper presents a comprehensive survey using DNA metabarcoding analysis of approximately 1,500 publicly available ITS1 samples, integrating conventional statistical approaches with Machine Learning (ML) methods and explainable Artificial Intelligence (XAI). The primary contribution lies in the development and application of the ML models that predict host health status with accuracies exceeding 80%.

CATEGORY: ML",4.68,,False,2026-08-16T00:48:50
227,mistral:7b,V3,abstract,AI,AI,"REASONING: The paper discusses AI applications in emergency general surgery, focusing on clinical decision-support tools for preoperative risk stratification and intraoperative assistance. It does not describe any specific AI, ML, or DL techniques, methodologies, or architectures. Instead, it provides a critical appraisal of the current literature on these topics.

CATEGORY: AI",4.38,,False,2026-08-16T00:48:55
228,mistral:7b,V3,abstract,AI,DL,"REASONING: The paper discusses the application of AI in veterinary oncology, focusing on diagnostic applications, particularly image-based diagnostics like digital pathology and radiomics. Deep learning models are mentioned as having demonstrated high performance in tasks like tumor grading and non-invasive characterization.

CATEGORY: DL",4.08,,False,2026-08-16T00:48:59
229,mistral:7b,V3,abstract,AI,AI,"REASONING: The paper describes a methodology for curating clinical trial databases specifically for the training or testing of artificial intelligence tools. The primary contribution is the development of a curation process for MRI databases, which includes steps like defining inclusion and exclusion criteria, removing unnecessary data, quality control, and harmonisation. No specific AI, ML or DL technique is developed or studied.

CATEGORY: AI",4.78,,False,2026-08-16T00:49:03
230,mistral:7b,V3,abstract,Unclear,ML,"REASONING: The paper conducts a systematic review of AI methods applied to IRI prediction for rigid and composite pavements, focusing on ensemble learning methods, artificial neural networks, and hybrid architectures. The primary contribution is the synthesis and analysis of various AI methods used in IRI prediction.

CATEGORY: ML",4.15,,False,2026-08-16T00:49:08
231,mistral:7b,V3,abstract,Unclear,DL,"REASONING: The paper proposes an optimization framework for centrifugal compressor maintenance strategies in natural gas pipeline systems, using deep reinforcement learning for optimal maintenance policies. The primary contribution lies in the integration of deep reinforcement learning for system-wide maintenance optimization.

CATEGORY: DL",3.47,,False,2026-08-16T00:49:11
232,mistral:7b,V3,abstract,nan,ML,"REASONING: The paper discusses machine learning techniques for diabetes prediction systems, focusing on ensemble and deep learning methods. The primary contribution lies in the analysis and comparison of these methods, their advantages, and their drawbacks.

CATEGORY: ML",2.89,,False,2026-08-16T00:49:14
233,mistral:7b,V3,abstract,Unclear,ML,"REASONING: The paper proposes an advanced and interpretable framework for Parkinson's disease diagnosis using machine learning (ML) classifiers and explainable artificial intelligence (XAI) methods. The primary contribution lies in the integration of XAI methods, SHAP, LIME, and ELI5, to provide better interpretability for the ML models.

CATEGORY: ML",4.36,,False,2026-08-16T00:49:18
234,mistral:7b,V3,abstract,ML,ML,"REASONING: The paper introduces a machine learning-driven platform for detecting suspicious financial activities, with experiments performed using several popular supervised learning algorithms. The primary contribution of the paper is the Gradient Boosting classifier, which performs best in detecting suspicious financial transactions.

CATEGORY: ML",3.62,,False,2026-08-16T00:49:22
235,mistral:7b,V3,abstract,ML,ML,"REASONING: The paper's primary contribution is the development and application of an automated machine learning (AutoML) framework for predicting case durations and delays in the Indian judiciary. The framework employs tree-based ensemble models and XAI techniques, with a focus on interpretability. The models are used to construct multiple predictive models for case length and delays, and a hybrid classification-regression framework is demonstrated for improved prediction.

CATEGORY: ML",5.4,,False,2026-08-16T00:49:27
236,mistral:7b,V3,abstract,DL,DL,"REASONING: The paper proposes a transfer learning-based approach using pre-trained models like ResNet-50, DenseNet-121, and EfficientNet-B0, and a contrastive-learning-based approach using triplet loss for SCD detection. It also uses focal loss to handle class imbalance and integrates XAI methodologies for interpretation and explanation. The primary contribution of the paper is the combination of transfer learning, triplet loss, and focal loss for SCD detection, making it a deep learning (DL) approach.

CATEGORY: DL",6.41,,False,2026-08-16T00:49:34
237,mistral:7b,V3,abstract,AI,ML,"REASONING: The paper applies a machine learning-based prediction model (AI-IR) to predict diabetes and cancer incidence. The primary contribution of the paper is the development and validation of the AI-IR model, which is a machine learning model.

CATEGORY: ML",3.39,,False,2026-08-16T00:49:37
238,mistral:7b,V3,abstract,AI,AI,"REASONING: The paper discusses various AI methods including machine learning, deep learning, large language models, and digital twins, but the primary contribution is the proposed 6P-AI implementation blueprint that links common use cases to data requirements, workflow integration steps, evaluation designs, and post-deployment monitoring. This blueprint is not specific to any particular AI method, but rather provides a framework for integrating various AI methods into healthcare.

CATEGORY: AI",5.1,,False,2026-08-16T00:49:42
239,mistral:7b,V3,abstract,Unclear,ML,"REASONING: The paper compares various machine learning models (base classifiers and ensemble models) for predicting tumor type from morphometric data, with a focus on CatBoost, Voting, and Stacking classifiers. The SHAP framework is employed for interpretability.

CATEGORY: ML",3.63,,False,2026-08-16T00:49:46
240,mistral:7b,V3,abstract,Unclear,DL,"REASONING: The paper discusses the use of deep learning models, specifically ResNet-50 variants with attention mechanisms (CBAM) and ensemble strategies, for sperm morphology classification and CNN-based motility assessment. It also mentions emerging AI applications for DNA fragmentation prediction and ZP binding capability prediction. The primary contribution of the paper is the evaluation of deep learning models for automated semen analysis.

CATEGORY: DL",5.47,,False,2026-08-16T00:49:51
241,mistral:7b,V3,abstract,Unclear,ML,"REASONING: The paper describes the use of Support Vector Machine (SVM) models, a classical machine learning technique, to predict student satisfaction with university choices. The primary contribution of the paper is the development of an SVM-based predictive model for student satisfaction.

CATEGORY: ML",3.41,,False,2026-08-16T00:49:55
242,mistral:7b,V3,abstract,Unclear,AI,"REASONING: The paper provides a literature review of AI applications in disaster management, using bibliometric analysis and visual graphics. It does not develop or study any specific AI, ML, or DL concept, method, or architecture.

CATEGORY: AI",2.95,,False,2026-08-16T00:49:58
243,mistral:7b,V3,abstract,ML,ML,"REASONING: The paper describes various machine learning models such as XGBoost, SVM, KNN, LR, DT, RF, and MLP, and employs techniques like SMOTE, US, MFE, MSFE, and cost-sensitive learning approaches. The primary contribution of the paper is the development and fine-tuning of these machine learning models for blood donor recruitment, with MLP and RF being the best performers.

CATEGORY: ML",6.0,,False,2026-08-16T00:50:04
244,mistral:7b,V3,abstract,AI,AI,"REASONING: The paper focuses on the economic evaluation of AI applications in oncology, which involves the systematic assessment of health economic evaluations (HEEs) of AI systems in oncology. The methods used are scoping review, data extraction, quality assessment, and analysis. The primary contribution is the systematic assessment of the economic risks and benefits of integrating AI systems into oncology.

CATEGORY: AI",5.05,,False,2026-08-16T00:50:09
245,mistral:7b,V3,abstract,Unclear,ML,"REASONING: The paper describes the use of machine learning (ML) techniques, specifically natural language processing (NLP), and a Python topic modeling technique called BERTopic, to categorize and label development projects based on their narrative descriptions. The primary contribution of the paper is the application of BERTopic for topic modeling in development finance.

CATEGORY: ML",4.1,,False,2026-08-16T00:50:13
246,mistral:7b,V3,abstract,ML,ML,"REASONING: The paper uses traditional statistical methods and machine learning techniques to predict post-surgery sexual satisfaction in prostate cancer patients. The primary contribution of the paper is the development and validation of machine learning models for predicting post-operative sexual impairment, with the Extra-Trees classifier yielding the best performance.

CATEGORY: ML",4.39,,False,2026-08-16T00:50:17
247,mistral:7b,V3,abstract,AI,AI,"REASONING: The paper discusses the progress of cognitive science and artificial intelligence, the impact of large language models (LLMs), and proposes a new route to intelligent machines grounded in theories and models of thinking and learning. No specific AI, ML, or DL technique is developed or studied.

CATEGORY: AI",3.75,,False,2026-08-16T00:50:21
248,mistral:7b,V3,abstract,ML,ML,"REASONING: The paper introduces a generalized version of the DBSCAN clustering algorithm, called GDBSCAN, which can handle both point objects and spatially extended objects, and can consider both spatial and non-spatial attributes. The paper also presents four applications of GDBSCAN in various fields.

CATEGORY: ML",3.73,,False,2026-08-16T00:50:25
249,mistral:7b,V3,abstract,AI,AI,"REASONING: The paper's primary contribution lies in the systematic review, meta-analysis, and bibliometric visualization analysis of the roles and effects of AI in nursing simulation education. No specific AI, ML, or DL technique is developed or studied.
CATEGORY: AI",3.57,,False,2026-08-16T00:50:28
250,mistral:7b,V3,abstract,Unclear,DL,"REASONING: The paper describes the development and validation of an AI-driven CAD prediction model that integrates OCTA-derived retinal features with EHR data. The model uses a Transformer-based multi-scale style learning algorithm for feature extraction, LASSO regression for relevant predictor selection, and XGBoost classifier for model training. The paper's primary contribution is the development of the Transformer-based multi-scale style learning algorithm and the integration of OCTA-derived retinal features with EHR data for CAD prediction.

CATEGORY: DL",6.94,,False,2026-08-16T00:50:35
251,mistral:7b,V3,abstract,AI,AI,"REASONING: The paper discusses the application of machine learning and deep learning models in cancer research, including tumor detection, molecular subtyping, prognosis, and treatment response prediction. It also covers AI-enabled drug discovery and optimization. However, the primary contribution of the paper is not the development or comparison of any specific ML or DL technique, but rather a narrative review of the various ways AI is being used in oncology.

CATEGORY: AI",5.08,,False,2026-08-16T00:50:40
252,mistral:7b,V3,abstract,ML,ML,"REASONING: The paper evaluates the effectiveness of various machine learning models for predicting the shear strength of steel-fiber-reinforced concrete beams. The primary contribution of the paper is the comparison of different machine learning models, with the ELM-PSO model emerging as the most accurate estimator.

CATEGORY: ML",4.08,,False,2026-08-16T00:50:45
253,mistral:7b,V3,abstract,Unclear,AI,"REASONING: The paper discusses the application of AI and ML algorithms to improve liquid biopsy techniques for cancer detection, prognosis, and treatment monitoring. The primary contribution of the paper is the examination of the convergence of AI and ML with liquid biopsy, and the potential benefits for precision oncology.

CATEGORY: AI (General)",4.26,,False,2026-08-16T00:50:49
254,mistral:7b,V3,abstract,Unclear,ML,"REASONING: The paper discusses the application of machine learning and radiomics approaches for diagnosing and predicting outcomes in Ankylosing Spondylitis, using MRI or X-ray data. The primary contribution of the paper is the meta-analysis of various studies that used these approaches, and the quantitative determination of their diagnostic and prognostic capability. The paper does not focus on the development or comparison of specific machine learning or deep learning algorithms, but rather on the evaluation of their performance across different studies.

CATEGORY: ML (Machine Learning)",6.62,,False,2026-08-16T00:50:55
255,mistral:7b,V3,abstract,ML,ML,"REASONING: The paper presents a machine learning approach for the simultaneous quantification of naringin and naringenin in plant extracts using UV-Vis spectrophotometry. The primary contribution is the use of Ridge Regression as the machine learning model for predicting the concentrations of both flavonoids from their spectral data.

CATEGORY: ML",4.61,,False,2026-08-16T00:51:00
256,mistral:7b,V3,abstract,Unclear,ML,"REASONING: The paper introduces a multi-modal dataset, WxC-Bench, designed to support the development of AI models for various weather and climate research tasks. The dataset is curated, pre-processed, and made publicly available for ML-ready use.

CATEGORY: ML",3.55,,False,2026-08-16T00:51:04
257,mistral:7b,V3,abstract,ML,ML,"REASONING: The paper describes the use of eight supervised machine learning algorithms for sex determination using mandibular symphysis measurements from lateral cephalometric images. The primary contribution of the paper is the development of these machine learning models.

CATEGORY: ML",3.45,,False,2026-08-16T00:51:07
258,mistral:7b,V3,abstract,Unclear,ML,"REASONING: The paper proposes an XAI architecture that combines explainable models with the Enhanced Squirrel Search Optimization (ESSO) method for feature selection. The primary contribution is the integration of ESSO-based feature selection with Random Forest classification and explainable AI techniques (SHAP and LIME) for improving predictive performance and providing interpretable insights for clinical decision support.

CATEGORY: ML",4.9,,False,2026-08-16T00:51:12
259,mistral:7b,V3,abstract,Unclear,AI,"REASONING: The paper reviews the role of AI in psychiatry across various domains, but it does not develop or study any specific AI, ML, or DL concept, method, or architecture. The paper's contribution is a review of existing literature, not the development of a new AI, ML, or DL technique.

CATEGORY: AI",3.96,,False,2026-08-16T00:51:16
260,mistral:7b,V3,abstract,Unclear,DL,"REASONING: The paper presents an ANN-based machine learning technique for analyzing the behavior of spherical gas bubbles in Carreau fluids under an ambient sonic field. The primary contribution of the paper is the development and testing of this ANN-based model.

CATEGORY: DL",3.74,,False,2026-08-16T00:51:20
261,mistral:7b,V3,abstract,Unclear,ML,"REASONING: The paper discusses AI applications in pediatric rehabilitation, focusing on various AI methods and models applied, outcome domains, and implementation stages. The primary contribution of the paper is the examination of AI methods and models applied in pediatric rehabilitation, with supervised machine learning, neural networks, and deep learning approaches being the most commonly used.

CATEGORY: ML",4.84,,False,2026-08-16T00:51:24
262,mistral:7b,V3,abstract,Unclear,ML,"REASONING: The paper presents a comprehensive assessment framework for Physical Education (PE) teaching effectiveness using Multimodal Machine Learning (MML). The framework employs preprocessing methods, feature extraction, and a hybrid machine learning model (EMP-EBM) for evaluation. The primary contribution is the development and application of the EMP-EBM model.

CATEGORY: ML",4.6,,False,2026-08-16T00:51:29
263,mistral:7b,V3,abstract,ML,ML,"REASONING: The paper primarily focuses on the Support Vector (SV) method, a classical machine learning technique, and does not mention any neural network architectures or deep learning concepts.

CATEGORY: ML",2.34,,False,2026-08-16T00:51:31
264,mistral:7b,V3,abstract,Unclear,ML,"REASONING: The paper describes the development and validation of an interpretable machine learning model for predicting MDR/RR-TB in patients with TB-DM multimorbidity. The primary contribution is the Random Forest (RF) model, which is a classical machine learning algorithm.

CATEGORY: ML",3.96,,False,2026-08-16T00:51:35
265,mistral:7b,V3,abstract,Unclear,ML,"REASONING: The paper proposes a media analytics framework that combines traditional statistical modeling, natural language processing tools, and explainable machine learning to predict audience engagement with TV channel posts on social media. The primary contribution lies in the application of machine learning techniques (Extreme Gradient Boosting and Support Vector Regression) to predict engagement on Facebook and Instagram.

CATEGORY: ML",4.27,,False,2026-08-16T00:51:40
266,mistral:7b,V3,abstract,Unclear,ML,"REASONING: The paper proposes a workflow that combines physics-based petrophysical calculations, Random Forest regression (ML), and Deepseek-R1 cognitive perception (unclear, as the specifics of Deepseek-R1 are not detailed). The primary contribution of the paper is the development of this workflow for reservoir characterisation and exploration optimisation.

CATEGORY: ML (as the primary contribution is Random Forest regression, a classical machine learning technique)",5.63,,False,2026-08-16T00:51:45
267,mistral:7b,V3,abstract,Unclear,DL,"REASONING: The paper discusses the application of AI, particularly deep learning, in the diagnosis of bladder cancer. It mentions various AI-based methods such as cystoscopic tumor detection, urine cytology analysis, radiomics-based staging, computational pathology, multimodal fusion architectures, and intraoperative guidance. The primary contribution of the paper is the review and synthesis of contemporary evidence on AI applications in bladder cancer diagnosis, with a focus on deep learning approaches.

CATEGORY: DL",6.27,,False,2026-08-16T00:51:52
268,mistral:7b,V3,abstract,ML,ML,"REASONING: The paper develops an interpretable machine learning framework for the joint modeling of CO2 and N2O emissions using country-level socio-economic indicators. The primary contribution is the optimization of the Random Forest model for both gases, with R2 values of 0.989 for CO2 and 0.982 for N2O. The paper also provides interpretability analyses using SHAP, LIME, and ablation testing.

CATEGORY: ML",5.75,,False,2026-08-16T00:51:57
269,mistral:7b,V3,abstract,AI,AI,"REASONING: The paper reviews the use of AI in the diagnosis, severity assessment, and prognostication of Mitral Regurgitation, focusing on performance metrics. The technical methods described include convolutional neural networks, support vector machines, and ensemble models, primarily applied to echocardiographic data. The primary contribution of the paper is the review and comparison of these AI models for MR-related tasks.

CATEGORY: AI",5.06,,False,2026-08-16T00:52:02
270,mistral:7b,V3,abstract,Unclear,ML,"REASONING: The paper discusses the application of AI to ultrasound imaging for the diagnosis of endometriosis, using machine learning and deep learning algorithms. The primary contribution of the paper is the evaluation of the role of AI in improving the diagnosis and prediction of endometriosis using ultrasound images.

CATEGORY: ML (Machine Learning)",4.55,,False,2026-08-16T00:52:07
271,mistral:7b,V3,abstract,AI,DL,"REASONING: The paper discusses the application of both machine learning (ML) and deep learning (DL) techniques for the early prediction of life-threatening cardiac events using time series ECG data. The primary contribution of the paper is the experimental results demonstrating the superior performance of deep learning models, with a Convolutional Neural Network (CNN) achieving an accuracy of 99.89%.

CATEGORY: DL",5.01,,False,2026-08-16T00:52:12
272,mistral:7b,V3,abstract,ML,ML,"REASONING: The paper focuses on the optimization of the number of trees in a Random Forest, a classical machine learning technique. The primary contribution is the identification of an optimal number of trees and the experimental relationship for AUC gain when doubling the number of trees.

CATEGORY: ML",3.43,,False,2026-08-16T00:52:15
273,mistral:7b,V3,abstract,AI,ML,"REASONING: The paper describes the development of an AI-based model for predicting myopia progression among children, using machine learning algorithms (linear regression, support vector machines, XGBoost) and deep learning models (convolutional neural networks). The primary contribution of the paper is the development of the AI-based model and mobile application.

CATEGORY: ML (The paper's primary contribution is the development of an AI-based model, which is a machine learning approach. Although deep learning models are mentioned, they are not the primary focus of the paper.)",6.32,,False,2026-08-16T00:52:22
274,mistral:7b,V3,abstract,ML,ML,"REASONING: The paper investigates the load-settlement behavior of micro-piled raft foundations in clay using supervised machine learning algorithms. The primary contribution of the paper is the evaluation and comparison of six machine learning algorithms for predicting the load-settlement behavior, with Gaussian process regression (GPR) demonstrating superior accuracy and generalization.

CATEGORY: ML",4.59,,False,2026-08-16T00:52:26
275,mistral:7b,V3,abstract,ML,ML,"REASONING: The paper's primary contribution lies in the application and evaluation of various machine learning classifiers (Logistic Regression, Decision Tree, K-nearest Neighbor, Support Vector Machine, Multinomial Naïve Bayes, and Random Forest) to forecast player partnerships in football matches.

CATEGORY: ML",4.28,,False,2026-08-16T00:52:31
276,mistral:7b,V3,abstract,AI,ML,"REASONING: The paper provides a bibliometric analysis of AI applications in eating behavior and food choice, using machine learning, deep learning, and image recognition techniques for dietary assessment and behavioral prediction. The primary contribution is the analysis of publication trends, citation patterns, collaboration networks, and keyword co-occurrence.

CATEGORY: ML (The paper primarily discusses machine learning techniques, but it also includes deep learning and image recognition, which are subsets of machine learning, so it falls under the ML category.)",5.64,,False,2026-08-16T00:52:36
277,mistral:7b,V3,abstract,ML,ML,"REASONING: The paper's primary contribution lies in the implementation and comparison of seven machine learning algorithms for predicting academic achievement from student data. The LDA model is determined to be the most successful model.
CATEGORY: ML",2.82,,False,2026-08-16T00:52:39
278,mistral:7b,V3,abstract,Unclear,ML,"REASONING: The paper uses a machine learning tool (OpenFace 2.0) to analyze facial expressions of medical students during online lectures, focusing on seven action units (AUs) and their association with lecture satisfaction. The primary contribution of the paper is the use of OpenFace 2.0, a machine learning tool, to quantify facial movements of learners and examine their relationship with lecture satisfaction.

CATEGORY: ML",4.94,,False,2026-08-16T00:52:44
279,mistral:7b,V3,abstract,AI,AI,"REASONING: The paper provides an overview of AI technologies in medical devices, discussing their integration, advancements, and regulatory frameworks. It explores the trade-off between speed and accuracy in AI systems, ethical and practical challenges, and presents case studies showcasing AI medical devices. The primary contribution of the paper is not the development or application of a specific AI, ML, or DL technique, but rather the discussion and analysis of AI technologies in medical devices.

CATEGORY: AI",5.37,,False,2026-08-16T00:52:49
280,mistral:7b,V3,abstract,DL,AI,"REASONING: The paper discusses the relationship between deep learning and physics, focusing on the efficiency of deep neural networks in approximating functions of practical interest. It introduces concepts from physics such as symmetry, locality, compositionality, and polynomial log-probability, and uses information theory to formalize these claims. The paper proves various theorems about the efficiency of deep neural networks, which are not typically found in classical machine learning or deep learning research.

CATEGORY: AI (General artificial intelligence approaches)",5.37,,False,2026-08-16T00:52:55
281,mistral:7b,V3,abstract,Unclear,DL,"REASONING: The paper employs radiomics, logistic regression, support vector machines, multiple neural network architectures, and a fusion neural network for distinguishing HCC from ICC using CECT. The primary contribution of the paper is the development and validation of a fusion neural network that outperforms single-modality models.

CATEGORY: DL",4.4,,False,2026-08-16T00:52:59
282,mistral:7b,V3,abstract,AI,Unclear,"REASONING: The paper aims to systematically review and critically appraise the published predictive performance of AI models for GDM prediction. It does not describe any specific AI, ML, or DL technique, methodology, or architecture. Instead, it focuses on the evaluation of existing models.

CATEGORY: Unclear (as the abstract does not provide enough information to assign a category individually)",4.45,,False,2026-08-16T00:53:04
283,mistral:7b,V3,abstract,AI,AI,"REASONING: The paper discusses AI applications in breast cancer management, focusing on machine learning techniques for data analysis from various sources. The primary contribution of the paper is a review of AI-driven advancements across the entire breast cancer management continuum, including detection, diagnosis, prognosis, treatment, and recovery. No specific neural network architecture or learning methodology is developed or studied.

CATEGORY: AI",4.43,,False,2026-08-16T00:53:08
284,mistral:7b,V3,abstract,Unclear,ML,"REASONING: The paper proposes a federated learning approach, Fed3C, that uses federated clustering and centralized classification. The method involves K-means for generating centroids, Bayesian optimization for determining the optimal number of centroids, and K-nearest neighbors (KNN) for classification at the server.

CATEGORY: ML",4.14,,False,2026-08-16T00:53:12
285,mistral:7b,V3,abstract,AI,AI,"REASONING: The paper discusses the application of AI in local flap surgery, but no specific AI, ML or DL concept, method, or architecture is developed or studied. The paper is in the ""proof-of-concept"" stage and focuses on the potential benefits of AI integration, rather than any specific ML or DL technique.

CATEGORY: AI",4.08,,False,2026-08-16T00:53:16
286,mistral:7b,V3,abstract,ML,ML,"REASONING: The paper describes the development and validation of machine learning models to predict preeclampsia-associated outcomes using a reduced feature set. The primary contribution of the paper is the development of these machine learning models.

CATEGORY: ML",3.36,,False,2026-08-16T00:53:20
287,mistral:7b,V3,abstract,Unclear,ML,"REASONING: The paper proposes a digital twin solution for predictive maintenance in logistics, utilizing various machine learning models for anomaly detection, RUL prediction, and failure classification. The primary contribution lies in the integration of these ML models into an IoT environment for real-time monitoring and predictive maintenance of logistics equipment.

CATEGORY: ML",4.32,,False,2026-08-16T00:53:24
288,mistral:7b,V3,abstract,Unclear,AI,"REASONING: The paper discusses the potential application of machine learning (ML) and artificial intelligence (AI) in the context of cardiogenic shock, a rapidly evolving syndrome. The primary focus is on using these technologies to adapt to changing patient trajectories and support real-time clinical decision-making, rather than replacing clinical judgment. No specific ML or AI technique is developed or studied.

CATEGORY: AI",4.49,,False,2026-08-16T00:53:28
289,mistral:7b,V3,abstract,ML,ML,"REASONING: The paper develops a theoretical learning model for Support Vector Machines (SVMs) in text classification, explaining their effectiveness in handling large feature spaces in text classification. The primary contribution of the paper is the development of this theoretical model, which is a classical machine learning technique.

CATEGORY: ML",3.51,,False,2026-08-16T00:53:32
290,mistral:7b,V3,abstract,Unclear,ML,"REASONING: The paper discusses the use of machine learning (ML) for predicting food-drug interactions, comparing it to traditional methods. It covers various ML techniques such as supervised learning, unsupervised learning, and reinforcement learning in the context of drug development and ADME forecasting.

CATEGORY: ML",3.83,,False,2026-08-16T00:53:36
291,mistral:7b,V3,abstract,Unclear,DL,"REASONING: The paper discusses the application of AI and ML in the diagnosis, risk stratification, prediction, and treatment of Fibromuscular dysplasia. The primary contribution is the use of AI-enhanced imaging, particularly convolutional neural network (CNN) analysis, and ML models for various aspects of FMD care.

CATEGORY: DL (Convolutional Neural Networks are a subset of deep learning)",5.03,,False,2026-08-16T00:53:41
292,mistral:7b,V3,abstract,ML,AI,"REASONING: The paper discusses various machine learning techniques, deep learning architectures, and data preprocessing strategies for cancer imaging. The primary contribution of the paper is a review of the applications of ML in cancer imaging, including tumor detection, radiomics, multi-modal imaging, and therapy monitoring.

CATEGORY: AI",3.85,,False,2026-08-16T00:53:45
293,mistral:7b,V3,abstract,Unclear,DL,"REASONING: The paper describes a combination of psychophysics, fMRI, and intracranial recordings to study the neural substrate of one-shot perceptual learning in humans, and also develops a deep neural network model that recapitulates and predicts human behavior. The primary contribution of the paper is the development of the deep neural network model.

CATEGORY: DL",4.52,,False,2026-08-16T00:53:49
294,mistral:7b,V3,abstract,ML,ML,"REASONING: The paper presents a machine learning study on ESG modeling using publicly available World Bank indicators. It formulates ESG analysis as four computational tasks: representation learning, level forecasting, directional change classification, and explainability. The primary contribution lies in comparing linear and nonlinear models across these tasks using a time-aware evaluation protocol.

CATEGORY: ML",4.31,,False,2026-08-16T00:53:54
295,mistral:7b,V3,abstract,Unclear,AI,"REASONING: The paper investigates relationships among undergraduate students' awareness, perception, and preparedness to use AI tools for decision-making during health emergencies. It uses statistical analysis methods like one-sample t-tests, simple linear regression, and random forest regression, but no specific AI, ML, or DL techniques are developed or studied.

CATEGORY: AI (General artificial intelligence approaches)",4.84,,False,2026-08-16T00:53:58
296,mistral:7b,V3,abstract,AI,AI,"REASONING: The paper discusses AI-guided tools for the diagnosis of structural heart disease and valvular heart disease, mentioning ECGs, chest X-rays, and coronary artery calcium scans. Although AI is mentioned as the guiding technology, no specific AI, ML, or DL concept, method, or architecture is developed or studied.

CATEGORY: AI",4.41,,False,2026-08-16T00:54:03
297,mistral:7b,V3,abstract,ML,ML,"REASONING: The paper describes the Random Forest algorithm, a machine learning technique that combines multiple decision trees. The primary contribution of the paper is the analysis of the generalization error of Random Forests, their correlation, and the importance of features used in the splitting.

CATEGORY: ML",3.35,,False,2026-08-16T00:54:06
298,mistral:7b,V3,abstract,Unclear,AI,"REASONING: The paper discusses AI, NLP, ML, and DL as transformative technologies in education, but the primary contribution lies in the description of AI-driven adaptive learning systems that personalize learning experiences, predict individual progress, and recommend tailored learning materials. Although NLP, ML, and DL are mentioned, the paper's core concept follows the development and application of these AI-driven platforms.

CATEGORY: AI",4.74,,False,2026-08-16T00:54:11
299,mistral:7b,V3,abstract,AI,AI,"REASONING: The paper discusses various timekeeping methods, dissemination methods, and emerging applications, with a focus on atomic clocks and their applications. It also mentions the use of AI/ML for predictive control and resilience in timekeeping systems. However, the primary contribution of the paper is not in AI/ML, but in the review of timekeeping methods and their applications.

CATEGORY: AI (due to the mention of AI/ML, but the primary contribution is not in AI/ML)",5.65,,False,2026-08-16T00:54:17
