paper_id,model_version,prompt_version,input_source,predicted_label,raw_output,elapsed_sec,error,is_fewshot_example,run_timestamp
0,llama3.1:8b,V1,abstract,DL,DL,0.89,,False,2026-08-09T18:56:40
1,llama3.1:8b,V1,abstract,AI,AI,0.68,,False,2026-08-09T18:56:41
2,llama3.1:8b,V1,abstract,DL,DL,0.74,,False,2026-08-09T18:56:42
3,llama3.1:8b,V1,abstract,AI,AI,0.94,,False,2026-08-09T18:56:43
4,llama3.1:8b,V1,abstract,DL,DL,1.01,,False,2026-08-09T18:56:44
5,llama3.1:8b,V1,abstract,ML,ML,0.91,,False,2026-08-09T18:56:45
6,llama3.1:8b,V1,abstract,AI,AI,0.81,,False,2026-08-09T18:56:45
7,llama3.1:8b,V1,abstract,AI,AI,0.69,,False,2026-08-09T18:56:46
8,llama3.1:8b,V1,abstract,AI,AI,0.77,,False,2026-08-09T18:56:47
9,llama3.1:8b,V1,abstract,ML,ML,1.07,,False,2026-08-09T18:56:48
10,llama3.1:8b,V1,abstract,ML,ML,1.17,,False,2026-08-09T18:56:49
11,llama3.1:8b,V1,abstract,ML,ML,1.32,,False,2026-08-09T18:56:50
12,llama3.1:8b,V1,abstract,ML,ML,1.38,,False,2026-08-09T18:56:52
13,llama3.1:8b,V1,abstract,ML,ML,0.72,,False,2026-08-09T18:56:53
14,llama3.1:8b,V1,abstract,AI,AI,0.67,,False,2026-08-09T18:56:53
15,llama3.1:8b,V1,abstract,DL,DL,0.83,,False,2026-08-09T18:56:54
16,llama3.1:8b,V1,abstract,ML,ML,0.95,,False,2026-08-09T18:56:55
17,llama3.1:8b,V1,abstract,AI,AI,0.98,,False,2026-08-09T18:56:56
18,llama3.1:8b,V1,abstract,AI,AI,0.85,,False,2026-08-09T18:56:57
19,llama3.1:8b,V1,abstract,AI,AI,0.86,,False,2026-08-09T18:56:58
20,llama3.1:8b,V1,abstract,ML,ML,0.84,,False,2026-08-09T18:56:59
21,llama3.1:8b,V1,abstract,AI,AI,0.96,,False,2026-08-09T18:56:59
22,llama3.1:8b,V1,abstract,,,0.85,,False,2026-08-09T18:57:00
23,llama3.1:8b,V1,abstract,ML,ML,0.81,,False,2026-08-09T18:57:01
24,llama3.1:8b,V1,abstract,ML,ML,1.29,,False,2026-08-09T18:57:02
25,llama3.1:8b,V1,abstract,AI,AI,1.44,,False,2026-08-09T18:57:04
26,llama3.1:8b,V1,abstract,AI,AI,1.38,,False,2026-08-09T18:57:05
27,llama3.1:8b,V1,abstract,ML,ML,0.87,,False,2026-08-09T18:57:06
28,llama3.1:8b,V1,abstract,ML,ML,0.87,,False,2026-08-09T18:57:07
29,llama3.1:8b,V1,abstract,ML,ML,0.83,,False,2026-08-09T18:57:08
30,llama3.1:8b,V1,abstract,AI,AI,0.82,,False,2026-08-09T18:57:09
31,llama3.1:8b,V1,abstract,DL,DL,1.02,,False,2026-08-09T18:57:10
32,llama3.1:8b,V1,abstract,AI,AI,0.77,,False,2026-08-09T18:57:10
33,llama3.1:8b,V1,abstract,AI,AI,0.9,,False,2026-08-09T18:57:11
34,llama3.1:8b,V1,abstract,DL,DL,0.97,,False,2026-08-09T18:57:12
35,llama3.1:8b,V1,abstract,ML,ML,0.83,,False,2026-08-09T18:57:13
36,llama3.1:8b,V1,abstract,ML,ML,0.98,,False,2026-08-09T18:57:14
37,llama3.1:8b,V1,abstract,ML,ML,1.0,,False,2026-08-09T18:57:15
38,llama3.1:8b,V1,abstract,ML,ML,1.34,,False,2026-08-09T18:57:16
39,llama3.1:8b,V1,abstract,AI,AI,1.32,,False,2026-08-09T18:57:18
40,llama3.1:8b,V1,abstract,ML,ML,1.21,,False,2026-08-09T18:57:19
41,llama3.1:8b,V1,abstract,ML,ML,0.89,,False,2026-08-09T18:57:20
42,llama3.1:8b,V1,abstract,ML,ML,0.99,,False,2026-08-09T18:57:21
43,llama3.1:8b,V1,abstract,,,1.14,,False,2026-08-09T18:57:22
44,llama3.1:8b,V1,abstract,ML,ML,0.88,,False,2026-08-09T18:57:23
45,llama3.1:8b,V1,abstract,DL,DL,0.84,,False,2026-08-09T18:57:24
46,llama3.1:8b,V1,abstract,ML,ML,0.93,,False,2026-08-09T18:57:25
47,llama3.1:8b,V1,abstract,,,1.1,,False,2026-08-09T18:57:26
48,llama3.1:8b,V1,abstract,ML,ML,0.93,,False,2026-08-09T18:57:27
49,llama3.1:8b,V1,abstract,ML,ML,0.74,,False,2026-08-09T18:57:27
50,llama3.1:8b,V1,abstract,ML,ML,0.68,,False,2026-08-09T18:57:28
51,llama3.1:8b,V1,abstract,AI,AI,0.92,,False,2026-08-09T18:57:29
52,llama3.1:8b,V1,abstract,ML,ML,1.46,,False,2026-08-09T18:57:31
53,llama3.1:8b,V1,abstract,AI,AI,1.27,,False,2026-08-09T18:57:32
54,llama3.1:8b,V1,abstract,DL,DL,1.24,,False,2026-08-09T18:57:33
55,llama3.1:8b,V1,abstract,AI,AI,0.87,,False,2026-08-09T18:57:34
56,llama3.1:8b,V1,abstract,ML,ML,0.86,,False,2026-08-09T18:57:35
57,llama3.1:8b,V1,abstract,ML,ML,0.83,,False,2026-08-09T18:57:36
58,llama3.1:8b,V1,abstract,AI,AI,0.83,,False,2026-08-09T18:57:36
59,llama3.1:8b,V1,abstract,ML,ML,0.87,,False,2026-08-09T18:57:37
60,llama3.1:8b,V1,abstract,DL,DL,1.02,,False,2026-08-09T18:57:38
61,llama3.1:8b,V1,abstract,AI,AI,0.76,,False,2026-08-09T18:57:39
62,llama3.1:8b,V1,abstract,ML,ML,1.37,,False,2026-08-09T18:57:40
63,llama3.1:8b,V1,abstract,ML,ML,1.5,,False,2026-08-09T18:57:42
64,llama3.1:8b,V1,abstract,,,2.13,,False,2026-08-09T18:57:44
65,llama3.1:8b,V1,abstract,,,1.88,,False,2026-08-09T18:57:46
66,llama3.1:8b,V1,abstract,ML,ML,1.34,,False,2026-08-09T18:57:47
67,llama3.1:8b,V1,abstract,AI,AI,0.96,,False,2026-08-09T18:57:48
68,llama3.1:8b,V1,abstract,ML,ML,0.8,,False,2026-08-09T18:57:49
69,llama3.1:8b,V1,abstract,DL,DL,0.84,,False,2026-08-09T18:57:50
70,llama3.1:8b,V1,abstract,AI,AI,0.9,,False,2026-08-09T18:57:51
71,llama3.1:8b,V1,abstract,AI,AI,0.81,,False,2026-08-09T18:57:52
72,llama3.1:8b,V1,abstract,AI,AI,0.9,,False,2026-08-09T18:57:53
73,llama3.1:8b,V1,abstract,AI,AI,1.01,,False,2026-08-09T18:57:54
74,llama3.1:8b,V1,abstract,DL,DL,0.86,,False,2026-08-09T18:57:54
75,llama3.1:8b,V1,abstract,ML,ML,0.85,,False,2026-08-09T18:57:55
76,llama3.1:8b,V1,abstract,ML,ML,0.96,,False,2026-08-09T18:57:56
77,llama3.1:8b,V1,abstract,AI,AI,0.71,,False,2026-08-09T18:57:57
78,llama3.1:8b,V1,abstract,ML,ML,0.77,,False,2026-08-09T18:57:58
79,llama3.1:8b,V1,abstract,AI,AI,1.25,,False,2026-08-09T18:57:59
80,llama3.1:8b,V1,abstract,DL,DL,1.17,,False,2026-08-09T18:58:00
81,llama3.1:8b,V1,abstract,ML,ML,1.27,,False,2026-08-09T18:58:01
82,llama3.1:8b,V1,abstract,ML,ML,0.79,,False,2026-08-09T18:58:02
83,llama3.1:8b,V1,abstract,AI,AI,0.77,,False,2026-08-09T18:58:03
84,llama3.1:8b,V1,abstract,ML,ML,0.95,,False,2026-08-09T18:58:04
85,llama3.1:8b,V1,abstract,ML,ML,0.82,,False,2026-08-09T18:58:05
86,llama3.1:8b,V1,abstract,AI,AI,0.64,,False,2026-08-09T18:58:05
87,llama3.1:8b,V1,abstract,ML,ML,0.96,,False,2026-08-09T18:58:06
88,llama3.1:8b,V1,abstract,DL,DL,0.94,,False,2026-08-09T18:58:07
89,llama3.1:8b,V1,abstract,ML,ML,0.98,,False,2026-08-09T18:58:08
90,llama3.1:8b,V1,abstract,AI,AI,0.9,,False,2026-08-09T18:58:09
91,llama3.1:8b,V1,abstract,DL,DL,1.01,,False,2026-08-09T18:58:10
92,llama3.1:8b,V1,abstract,ML,ML,0.87,,False,2026-08-09T18:58:11
93,llama3.1:8b,V1,abstract,AI,AI,1.09,,False,2026-08-09T18:58:12
94,llama3.1:8b,V1,abstract,AI,AI,1.27,,False,2026-08-09T18:58:13
95,llama3.1:8b,V1,abstract,AI,AI,1.24,,False,2026-08-09T18:58:15
96,llama3.1:8b,V1,abstract,ML,ML,1.26,,False,2026-08-09T18:58:16
97,llama3.1:8b,V1,abstract,AI,AI,0.96,,False,2026-08-09T18:58:17
98,llama3.1:8b,V1,abstract,AI,AI,0.86,,False,2026-08-09T18:58:18
99,llama3.1:8b,V1,abstract,,,0.92,,False,2026-08-09T18:58:19
100,llama3.1:8b,V1,abstract,AI,AI,0.92,,False,2026-08-09T18:58:20
101,llama3.1:8b,V1,abstract,,,0.98,,False,2026-08-09T18:58:21
102,llama3.1:8b,V1,abstract,AI,AI,1.17,,False,2026-08-09T18:58:22
103,llama3.1:8b,V1,abstract,AI,AI,1.04,,False,2026-08-09T18:58:23
104,llama3.1:8b,V1,abstract,ML,ML,0.91,,False,2026-08-09T18:58:24
105,llama3.1:8b,V1,abstract,,,0.86,,False,2026-08-09T18:58:25
106,llama3.1:8b,V1,abstract,DL,DL,0.9,,False,2026-08-09T18:58:26
107,llama3.1:8b,V1,abstract,AI,AI,0.83,,False,2026-08-09T18:58:26
108,llama3.1:8b,V1,abstract,AI,AI,1.24,,False,2026-08-09T18:58:28
109,llama3.1:8b,V1,abstract,DL,DL,1.46,,False,2026-08-09T18:58:29
110,llama3.1:8b,V1,abstract,AI,AI,1.28,,True,2026-08-09T18:58:30
111,llama3.1:8b,V1,abstract,AI,AI,1.12,,False,2026-08-09T18:58:31
112,llama3.1:8b,V1,abstract,DL,DL,13.82,,False,2026-08-09T18:58:45
113,llama3.1:8b,V1,abstract,DL,DL,0.92,,False,2026-08-09T18:58:46
114,llama3.1:8b,V1,abstract,ML,ML,1.01,,False,2026-08-09T18:58:47
115,llama3.1:8b,V1,abstract,,,0.69,,False,2026-08-09T18:58:48
116,llama3.1:8b,V1,abstract,ML,ML,0.84,,False,2026-08-09T18:58:49
117,llama3.1:8b,V1,abstract,ML,ML,0.83,,False,2026-08-09T18:58:50
118,llama3.1:8b,V1,abstract,ML,ML,0.86,,False,2026-08-09T18:58:50
119,llama3.1:8b,V1,abstract,DL,DL,0.98,,False,2026-08-09T18:58:51
120,llama3.1:8b,V1,abstract,ML,ML,0.92,,False,2026-08-09T18:58:52
121,llama3.1:8b,V1,abstract,ML,ML,0.87,,False,2026-08-09T18:58:53
122,llama3.1:8b,V1,abstract,ML,ML,1.04,,True,2026-08-09T18:58:54
123,llama3.1:8b,V1,abstract,AI,AI,1.01,,False,2026-08-09T18:58:55
124,llama3.1:8b,V1,abstract,DL,DL,1.12,,False,2026-08-09T18:58:56
125,llama3.1:8b,V1,abstract,DL,DL,1.6,,False,2026-08-09T18:58:58
126,llama3.1:8b,V1,abstract,DL,DL,1.09,,False,2026-08-09T18:58:59
127,llama3.1:8b,V1,abstract,ML,ML,1.12,,False,2026-08-09T18:59:00
128,llama3.1:8b,V1,abstract,AI,AI,0.87,,False,2026-08-09T18:59:01
129,llama3.1:8b,V1,abstract,ML,ML,0.91,,False,2026-08-09T18:59:02
130,llama3.1:8b,V1,abstract,,,0.78,,False,2026-08-09T18:59:03
131,llama3.1:8b,V1,abstract,AI,AI,0.74,,False,2026-08-09T18:59:04
132,llama3.1:8b,V1,abstract,ML,ML,0.96,,False,2026-08-09T18:59:04
133,llama3.1:8b,V1,abstract,AI,AI,0.96,,False,2026-08-09T18:59:05
134,llama3.1:8b,V1,abstract,AI,AI,0.81,,False,2026-08-09T18:59:06
135,llama3.1:8b,V1,abstract,ML,ML,0.86,,False,2026-08-09T18:59:07
136,llama3.1:8b,V1,abstract,,,0.88,,False,2026-08-09T18:59:08
137,llama3.1:8b,V1,abstract,ML,ML,0.9,,False,2026-08-09T18:59:09
138,llama3.1:8b,V1,abstract,ML,ML,1.31,,False,2026-08-09T18:59:10
139,llama3.1:8b,V1,missing,NO_INPUT,,0.0,no abstract available (no fallback columns in this sheet),False,2026-08-09T18:59:10
140,llama3.1:8b,V1,abstract,AI,AI,1.22,,False,2026-08-09T18:59:11
141,llama3.1:8b,V1,abstract,AI,AI,1.3,,False,2026-08-09T18:59:13
142,llama3.1:8b,V1,abstract,ML,ML,0.96,,False,2026-08-09T18:59:14
143,llama3.1:8b,V1,abstract,DL,DL,0.76,,False,2026-08-09T18:59:14
144,llama3.1:8b,V1,abstract,ML,ML,0.91,,False,2026-08-09T18:59:15
145,llama3.1:8b,V1,abstract,ML,ML,0.89,,False,2026-08-09T18:59:16
146,llama3.1:8b,V1,abstract,ML,ML,1.01,,False,2026-08-09T18:59:17
147,llama3.1:8b,V1,abstract,DL,DL,0.9,,False,2026-08-09T18:59:18
148,llama3.1:8b,V1,abstract,ML,ML,0.71,,False,2026-08-09T18:59:19
149,llama3.1:8b,V1,abstract,AI,AI,0.99,,False,2026-08-09T18:59:20
150,llama3.1:8b,V1,abstract,ML,ML,0.84,,False,2026-08-09T18:59:21
151,llama3.1:8b,V1,abstract,ML,ML,1.02,,False,2026-08-09T18:59:22
152,llama3.1:8b,V1,abstract,ML,ML,0.94,,False,2026-08-09T18:59:23
153,llama3.1:8b,V1,abstract,AI,AI,1.61,,False,2026-08-09T18:59:24
154,llama3.1:8b,V1,abstract,AI,AI,1.51,,False,2026-08-09T18:59:26
155,llama3.1:8b,V1,abstract,AI,AI,1.25,,False,2026-08-09T18:59:27
156,llama3.1:8b,V1,missing,NO_INPUT,,0.0,no abstract available (no fallback columns in this sheet),False,2026-08-09T18:59:27
157,llama3.1:8b,V1,abstract,AI,AI,0.87,,False,2026-08-09T18:59:28
158,llama3.1:8b,V1,abstract,ML,ML,0.98,,False,2026-08-09T18:59:29
159,llama3.1:8b,V1,abstract,AI,AI,0.83,,False,2026-08-09T18:59:30
160,llama3.1:8b,V1,abstract,DL,DL,0.87,,False,2026-08-09T18:59:31
161,llama3.1:8b,V1,abstract,ML,ML,0.77,,False,2026-08-09T18:59:31
162,llama3.1:8b,V1,abstract,AI,AI,0.9,,False,2026-08-09T18:59:32
163,llama3.1:8b,V1,abstract,ML,ML,0.83,,False,2026-08-09T18:59:33
164,llama3.1:8b,V1,abstract,DL,DL,0.76,,False,2026-08-09T18:59:34
165,llama3.1:8b,V1,abstract,ML,ML,0.82,,False,2026-08-09T18:59:35
166,llama3.1:8b,V1,abstract,ML,ML,1.1,,False,2026-08-09T18:59:36
167,llama3.1:8b,V1,abstract,AI,AI,0.83,,False,2026-08-09T18:59:37
168,llama3.1:8b,V1,abstract,ML,ML,1.15,,False,2026-08-09T18:59:38
169,llama3.1:8b,V1,abstract,,,1.24,,False,2026-08-09T18:59:39
170,llama3.1:8b,V1,abstract,DL,DL,1.25,,False,2026-08-09T18:59:40
171,llama3.1:8b,V1,abstract,AI,AI,1.2,,False,2026-08-09T18:59:42
172,llama3.1:8b,V1,abstract,ML,ML,0.9,,False,2026-08-09T18:59:42
173,llama3.1:8b,V1,abstract,AI,AI,0.92,,False,2026-08-09T18:59:43
174,llama3.1:8b,V1,abstract,ML,ML,1.43,,False,2026-08-09T18:59:45
175,llama3.1:8b,V1,abstract,ML,ML,0.76,,False,2026-08-09T18:59:46
176,llama3.1:8b,V1,abstract,AI,AI,0.81,,False,2026-08-09T18:59:46
177,llama3.1:8b,V1,abstract,ML,ML,1.02,,False,2026-08-09T18:59:47
178,llama3.1:8b,V1,abstract,ML,ML,0.89,,False,2026-08-09T18:59:48
179,llama3.1:8b,V1,abstract,ML,ML,0.85,,False,2026-08-09T18:59:49
180,llama3.1:8b,V1,abstract,ML,ML,1.0,,False,2026-08-09T18:59:50
181,llama3.1:8b,V1,abstract,DL,DL,0.91,,False,2026-08-09T18:59:51
182,llama3.1:8b,V1,abstract,ML,ML,1.15,,False,2026-08-09T18:59:52
183,llama3.1:8b,V1,abstract,ML,ML,1.05,,False,2026-08-09T18:59:53
184,llama3.1:8b,V1,abstract,DL,DL,1.08,,False,2026-08-09T18:59:54
185,llama3.1:8b,V1,abstract,,,1.35,,False,2026-08-09T18:59:56
186,llama3.1:8b,V1,abstract,AI,AI,0.93,,False,2026-08-09T18:59:57
187,llama3.1:8b,V1,abstract,ML,ML,1.11,,False,2026-08-09T18:59:58
188,llama3.1:8b,V1,abstract,AI,AI,0.84,,False,2026-08-09T18:59:59
189,llama3.1:8b,V1,abstract,ML,ML,0.96,,False,2026-08-09T19:00:00
190,llama3.1:8b,V1,abstract,ML,ML,0.91,,False,2026-08-09T19:00:00
191,llama3.1:8b,V1,abstract,DL,DL,1.17,,False,2026-08-09T19:00:02
192,llama3.1:8b,V1,abstract,AI,AI,0.78,,False,2026-08-09T19:00:02
193,llama3.1:8b,V1,abstract,AI,AI,0.82,,False,2026-08-09T19:00:03
194,llama3.1:8b,V1,abstract,DL,DL,0.87,,False,2026-08-09T19:00:04
195,llama3.1:8b,V1,abstract,AI,AI,0.95,,False,2026-08-09T19:00:05
196,llama3.1:8b,V1,abstract,ML,ML,1.23,,False,2026-08-09T19:00:06
197,llama3.1:8b,V1,abstract,ML,ML,1.44,,False,2026-08-09T19:00:08
198,llama3.1:8b,V1,abstract,,,1.41,,False,2026-08-09T19:00:09
199,llama3.1:8b,V1,abstract,AI,AI,0.99,,False,2026-08-09T19:00:10
200,llama3.1:8b,V1,abstract,AI,AI,0.84,,False,2026-08-09T19:00:11
201,llama3.1:8b,V1,missing,NO_INPUT,,0.0,no abstract available (no fallback columns in this sheet),False,2026-08-09T19:00:11
202,llama3.1:8b,V1,abstract,ML,ML,0.81,,False,2026-08-09T19:00:12
203,llama3.1:8b,V1,abstract,ML,ML,0.93,,False,2026-08-09T19:00:13
204,llama3.1:8b,V1,abstract,AI,AI,1.12,,False,2026-08-09T19:00:14
205,llama3.1:8b,V1,abstract,ML,ML,0.76,,False,2026-08-09T19:00:15
206,llama3.1:8b,V1,abstract,DL,DL,0.8,,False,2026-08-09T19:00:15
207,llama3.1:8b,V1,abstract,AI,AI,0.96,,False,2026-08-09T19:00:16
208,llama3.1:8b,V1,abstract,ML,ML,0.85,,False,2026-08-09T19:00:17
209,llama3.1:8b,V1,abstract,ML,ML,0.98,,False,2026-08-09T19:00:18
210,llama3.1:8b,V1,abstract,ML,ML,1.03,,False,2026-08-09T19:00:19
211,llama3.1:8b,V1,abstract,DL,DL,0.9,,False,2026-08-09T19:00:20
212,llama3.1:8b,V1,abstract,ML,ML,1.36,,False,2026-08-09T19:00:21
213,llama3.1:8b,V1,abstract,ML,ML,1.04,,False,2026-08-09T19:00:23
214,llama3.1:8b,V1,abstract,AI,AI,1.5,,False,2026-08-09T19:00:24
215,llama3.1:8b,V1,abstract,AI,AI,0.82,,False,2026-08-09T19:00:25
216,llama3.1:8b,V1,abstract,ML,ML,0.81,,False,2026-08-09T19:00:26
217,llama3.1:8b,V1,abstract,ML,ML,0.99,,False,2026-08-09T19:00:27
218,llama3.1:8b,V1,abstract,AI,AI,0.89,,False,2026-08-09T19:00:28
219,llama3.1:8b,V1,abstract,AI,AI,0.88,,False,2026-08-09T19:00:28
220,llama3.1:8b,V1,abstract,ML,ML,0.92,,False,2026-08-09T19:00:29
221,llama3.1:8b,V1,abstract,AI,AI,0.83,,False,2026-08-09T19:00:30
222,llama3.1:8b,V1,abstract,ML,ML,0.98,,False,2026-08-09T19:00:31
223,llama3.1:8b,V1,abstract,AI,AI,1.05,,False,2026-08-09T19:00:32
224,llama3.1:8b,V1,abstract,AI,AI,0.86,,False,2026-08-09T19:00:33
225,llama3.1:8b,V1,abstract,ML,ML,0.76,,False,2026-08-09T19:00:34
226,llama3.1:8b,V1,abstract,ML,ML,1.16,,False,2026-08-09T19:00:35
227,llama3.1:8b,V1,abstract,AI,AI,1.3,,False,2026-08-09T19:00:36
228,llama3.1:8b,V1,abstract,AI,AI,1.31,,False,2026-08-09T19:00:38
229,llama3.1:8b,V1,abstract,ML,ML,1.28,,False,2026-08-09T19:00:39
230,llama3.1:8b,V1,abstract,ML,ML,1.07,,False,2026-08-09T19:00:40
231,llama3.1:8b,V1,abstract,AI,AI,0.82,,False,2026-08-09T19:00:41
232,llama3.1:8b,V1,abstract,ML,ML,0.73,,False,2026-08-09T19:00:42
233,llama3.1:8b,V1,abstract,AI,AI,0.84,,False,2026-08-09T19:00:42
234,llama3.1:8b,V1,abstract,ML,ML,0.79,,False,2026-08-09T19:00:43
235,llama3.1:8b,V1,abstract,ML,ML,0.88,,False,2026-08-09T19:00:44
236,llama3.1:8b,V1,abstract,DL,DL,0.8,,False,2026-08-09T19:00:45
237,llama3.1:8b,V1,abstract,ML,ML,0.84,,False,2026-08-09T19:00:46
238,llama3.1:8b,V1,abstract,AI,AI,0.74,,False,2026-08-09T19:00:46
239,llama3.1:8b,V1,abstract,ML,ML,0.85,,False,2026-08-09T19:00:47
240,llama3.1:8b,V1,abstract,DL,DL,1.14,,False,2026-08-09T19:00:48
241,llama3.1:8b,V1,abstract,ML,ML,1.21,,False,2026-08-09T19:00:50
242,llama3.1:8b,V1,abstract,AI,AI,1.15,,False,2026-08-09T19:00:51
243,llama3.1:8b,V1,abstract,ML,ML,1.51,,False,2026-08-09T19:00:52
244,llama3.1:8b,V1,abstract,,,1.18,,False,2026-08-09T19:00:53
245,llama3.1:8b,V1,abstract,ML,ML,0.8,,False,2026-08-09T19:00:54
246,llama3.1:8b,V1,abstract,ML,ML,0.94,,False,2026-08-09T19:00:55
247,llama3.1:8b,V1,abstract,AI,AI,0.82,,False,2026-08-09T19:00:56
248,llama3.1:8b,V1,abstract,ML,ML,0.7,,False,2026-08-09T19:00:57
249,llama3.1:8b,V1,abstract,AI,AI,0.94,,False,2026-08-09T19:00:58
250,llama3.1:8b,V1,abstract,ML,ML,1.06,,False,2026-08-09T19:00:59
251,llama3.1:8b,V1,abstract,AI,AI,0.8,,False,2026-08-09T19:01:00
252,llama3.1:8b,V1,abstract,ML,ML,0.87,,False,2026-08-09T19:01:00
253,llama3.1:8b,V1,abstract,ML,ML,0.77,,False,2026-08-09T19:01:01
254,llama3.1:8b,V1,abstract,ML,ML,1.06,,False,2026-08-09T19:01:02
255,llama3.1:8b,V1,abstract,ML,ML,1.17,,False,2026-08-09T19:01:03
256,llama3.1:8b,V1,abstract,AI,AI,1.23,,False,2026-08-09T19:01:05
257,llama3.1:8b,V1,abstract,ML,ML,1.31,,False,2026-08-09T19:01:06
258,llama3.1:8b,V1,abstract,AI,AI,1.26,,False,2026-08-09T19:01:07
259,llama3.1:8b,V1,abstract,,,0.8,,False,2026-08-09T19:01:08
260,llama3.1:8b,V1,abstract,ML,ML,0.84,,False,2026-08-09T19:01:09
261,llama3.1:8b,V1,abstract,AI,AI,1.08,,False,2026-08-09T19:01:10
262,llama3.1:8b,V1,abstract,ML,ML,0.94,,False,2026-08-09T19:01:11
263,llama3.1:8b,V1,abstract,ML,ML,0.59,,False,2026-08-09T19:01:11
264,llama3.1:8b,V1,abstract,ML,ML,0.9,,False,2026-08-09T19:01:12
265,llama3.1:8b,V1,abstract,ML,ML,0.78,,False,2026-08-09T19:01:13
266,llama3.1:8b,V1,abstract,ML,ML,0.9,,False,2026-08-09T19:01:14
267,llama3.1:8b,V1,abstract,AI,AI,0.87,,False,2026-08-09T19:01:15
268,llama3.1:8b,V1,abstract,ML,ML,0.98,,False,2026-08-09T19:01:16
269,llama3.1:8b,V1,abstract,AI,AI,0.92,,False,2026-08-09T19:01:17
270,llama3.1:8b,V1,abstract,ML,ML,1.47,,False,2026-08-09T19:01:18
271,llama3.1:8b,V1,abstract,DL,DL,1.26,,False,2026-08-09T19:01:20
272,llama3.1:8b,V1,abstract,ML,ML,1.19,,False,2026-08-09T19:01:21
273,llama3.1:8b,V1,abstract,AI,AI,0.94,,False,2026-08-09T19:01:22
274,llama3.1:8b,V1,abstract,ML,ML,0.89,,False,2026-08-09T19:01:23
275,llama3.1:8b,V1,abstract,ML,ML,1.06,,False,2026-08-09T19:01:24
276,llama3.1:8b,V1,abstract,,,0.88,,False,2026-08-09T19:01:25
277,llama3.1:8b,V1,abstract,ML,ML,0.78,,False,2026-08-09T19:01:25
278,llama3.1:8b,V1,abstract,AI,AI,0.85,,False,2026-08-09T19:01:26
279,llama3.1:8b,V1,abstract,AI,AI,0.85,,False,2026-08-09T19:01:27
280,llama3.1:8b,V1,abstract,DL,DL,0.77,,False,2026-08-09T19:01:28
281,llama3.1:8b,V1,abstract,AI,AI,0.97,,False,2026-08-09T19:01:29
282,llama3.1:8b,V1,abstract,,,0.87,,False,2026-08-09T19:01:30
283,llama3.1:8b,V1,abstract,AI,AI,0.76,,False,2026-08-09T19:01:30
284,llama3.1:8b,V1,abstract,ML,ML,0.84,,False,2026-08-09T19:01:31
285,llama3.1:8b,V1,abstract,AI,AI,1.16,,False,2026-08-09T19:01:32
286,llama3.1:8b,V1,abstract,ML,ML,1.41,,False,2026-08-09T19:01:34
287,llama3.1:8b,V1,abstract,ML,ML,1.47,,False,2026-08-09T19:01:35
288,llama3.1:8b,V1,abstract,AI,AI,0.75,,False,2026-08-09T19:01:36
289,llama3.1:8b,V1,abstract,ML,ML,0.68,,False,2026-08-09T19:01:37
290,llama3.1:8b,V1,abstract,ML,ML,0.78,,False,2026-08-09T19:01:37
291,llama3.1:8b,V1,abstract,ML,ML,0.76,,False,2026-08-09T19:01:38
292,llama3.1:8b,V1,abstract,ML,ML,0.71,,False,2026-08-09T19:01:39
293,llama3.1:8b,V1,abstract,DL,DL,0.69,,False,2026-08-09T19:01:40
294,llama3.1:8b,V1,abstract,ML,ML,0.75,,False,2026-08-09T19:01:40
295,llama3.1:8b,V1,abstract,,,0.97,,False,2026-08-09T19:01:41
296,llama3.1:8b,V1,abstract,AI,AI,0.77,,False,2026-08-09T19:01:42
297,llama3.1:8b,V1,abstract,ML,ML,0.72,,False,2026-08-09T19:01:43
298,llama3.1:8b,V1,abstract,AI,AI,0.7,,False,2026-08-09T19:01:44
299,llama3.1:8b,V1,abstract,,,0.7,,False,2026-08-09T19:01:44
0,llama3.1:8b,V2.1,abstract,DL,"REASONING: The abstract describes empirical scaling laws for language model performance, specifically focusing on the cross-entropy loss as a function of model size, dataset size, and computational resources. The primary contribution is the derivation of simple equations governing these relationships, which enables optimal allocation of compute budgets.

CATEGORY: DL",3.16,,False,2026-08-09T19:01:47
1,llama3.1:8b,V2.1,abstract,DL,"REASONING: The abstract describes a comparative study between classical and quantum neural networks on both classical and quantum data, highlighting their differences in response to data corruption and introducing a framework for quantum machine unlearning. The primary contribution of the paper is the comparison of these two types of models and the introduction of this new framework. The technical methods described include classical and quantum neural networks, as well as approximate unlearning methods.

CATEGORY: DL",4.15,,False,2026-08-09T19:01:52
2,llama3.1:8b,V2.1,abstract,DL,"REASONING: The abstract describes the training of a large, deep convolutional neural network (CNN) for image classification on the ImageNet dataset. The primary contribution of the paper is the development and application of this specific neural network architecture.

CATEGORY: DL",2.52,,False,2026-08-09T19:01:54
3,llama3.1:8b,V2.1,abstract,ML,"REASONING: The abstract describes a comparative study evaluating the performance of four AI chatbots in addressing patient and physician-oriented questions on adrenal incidentalomas. The primary contribution of the paper is the comparison of these chatbots' performance using various metrics, including accuracy, quality, hallucination tendency, and readability.

CATEGORY: ML",3.24,,False,2026-08-09T19:01:57
4,llama3.1:8b,V2.1,abstract,DL,"**Step 1: Identify the technical methods described in the text**

The paper describes the use of a deep learning-based computer vision system to automatically recognize key anatomical structures during laparoscopic donor nephrectomy surgery. Specifically, it mentions the adaptation of the YOLOv11x neural network for training and optimization using a sophisticated loss function that incorporates binary cross-entropy loss, bounding box loss, and distribution focal loss.

**Step 2: Determine which method represents the paper's primary contribution**

The paper's primary contribution is the development and pilot testing of a deep learning-based computer vision system to automatically recognize key anatomical structures during laparoscopic donor nephrectomy surgery. While the paper mentions machine learning design in general, the specific focus on deep learning (DL) and neural networks makes DL the most relevant category.

**Step 3: Assign the most specific applicable category**

REASONING: The paper focuses on the application of a deep learning-based computer vision system to recognize key anatomical structures during surgery. While machine learning is also involved, the primary contribution is the use of a specific type of neural network architecture.
CATEGORY: DL",9.49,,False,2026-08-09T19:02:07
5,llama3.1:8b,V2.1,abstract,ML,"REASONING: 
1. The technical methods described in the text include various machine learning-based models (CART, C5, Random Tree, CHAID, KNN, MLP, RBF, SVM), data partitioning strategies, and input feature selection.
2. The primary contribution of this paper is to compare these machine learning-based models and evaluate their performance on a specific dataset for fetal distress detection.
3. Although the abstract mentions AI as a broader category, the focus is specifically on classical machine learning techniques.

CATEGORY: ML",4.85,,False,2026-08-09T19:02:12
6,llama3.1:8b,V2.1,abstract,DL,"REASONING: 
1. The technical methods described in the text include digital imaging, database management, deep neural networks, machine learning (ML), automated image analysis, and facial reconstruction.
2. The primary contribution of this paper is the evaluation of advancements in Forensic Odontology (FO) through the integration of AI and ML techniques to improve human identification.
3. Since the core method involves the application of deep neural networks and ML for improving analytical precision, accelerating data processing, and enhancing reliability in human identification, it falls under the category of Deep Learning.

CATEGORY: DL",4.88,,False,2026-08-09T19:02:17
7,llama3.1:8b,V2.1,abstract,ML,"REASONING: The technical methods described in the text include the EM (Expectation-Maximization) algorithm, maximum likelihood estimation, and variants of the EM algorithm for mixture estimation problems with sparse conditional distributions. The primary contribution of the paper is a new variant of the EM algorithm that gives faster convergence in certain cases. This variant is based on an incremental approach to updating the distribution over unobserved variables.

CATEGORY: ML",3.83,,False,2026-08-09T19:02:20
8,llama3.1:8b,V2.1,abstract,AI,"REASONING: The abstract discusses a philosophical critique of anthropocentric views of intelligence and proposes an expanded view that includes sensing, rational behavior, autonomy, learning, and self-evaluation. This new perspective on intelligence recognizes machine intelligence as a valid form of intelligence and blurs the lines between life and non-life. The text mentions deep learning (DL) artificial intelligence (AI), but it is not clear how these concepts are applied in the paper.

CATEGORY: AI",4.0,,False,2026-08-09T19:02:24
9,llama3.1:8b,V2.1,abstract,AI,"**Step 1: Identify the technical methods described in the text**

The paper describes several machine learning (ML) techniques, including:

* Hybrid Particle Swarm Optimization-Grey Wolf Optimization (PSO-GWO) algorithm for feature selection
* Support Vector Machine Oversampling Synthetic Minority Over-sampling Technique (SVMSMOTE) for addressing class imbalance
* Ensemble learning algorithms, specifically CatBoost, which was selected as the final model
* SHAP (SHapley Additive exPlanations), LIME (Local Interpretable Model-agnostic Explanations), Partial Dependence Plot (PDP), and Individual Conditional Expectation (ICE) analyses for model interpretability
* Logistic regression for developing a seven-feature nomogram

**Step 2: Determine which method represents the paper's primary contribution**

The paper's primary contribution is the development of a high-accuracy prediction model using hybrid ML and explainable AI techniques, specifically CatBoost with PSO-GWO feature selection. The model is designed to distinguish between orchiectomy and detorsion in testicular torsion (TT), and the authors also developed an interactive web application and nomogram for clinical use.

**Step 3: Assign the most specific applicable category**

The paper's primary contribution is a machine learning technique, specifically ensemble learning with CatBoost. Although the paper involves neural networks indirectly through CatBoost, which is a type of deep learning model, the core method described in the text is not a traditional neural network architecture like CNN",11.64,,False,2026-08-09T19:02:36
10,llama3.1:8b,V2.1,abstract,DL,"REASONING: 
1. The technical methods described in the text are Neural Networks, K-Nearest Neighbors (KNN), XGBoost, decision trees, Multiarmed Bandit algorithm, reinforcement learning, and SMAPE forecasting errors.
2. The primary contribution of this paper is a hybrid approach that combines multiple algorithms to optimize energy control and storage prediction, specifically using decision trees to identify unique contexts and then applying either KNN or Neural Networks for prediction tasks.
3. Since the core method involves neural networks, but also includes other machine learning techniques such as decision trees and reinforcement learning, the most specific applicable category is DL.

CATEGORY: DL",5.51,,False,2026-08-09T19:02:42
11,llama3.1:8b,V2.1,abstract,DL,"REASONING: The abstract describes a study that uses a convolutional neural network (CNN) to classify cancer versus normal tissue in high-grade serous ovarian cancer, as well as machine learning methods such as Lasso regression and Random Forest to select significant features and predict chemotherapy response. The primary contribution of the paper is the development of a deep-learning pipeline for predicting chemotherapy response based on pathology images.

CATEGORY: DL",4.22,,False,2026-08-09T19:02:46
12,llama3.1:8b,V2.1,abstract,ML,"REASONING: 
1. The technical methods described in the text are machine learning algorithms, specifically those applied for electrocardiography, basal systolic, and diastolic blood pressure prediction.
2. The primary contribution of this paper is the meta-analysis of machine learning algorithms' performance in predicting intraoperative hypotension, rather than introducing a new algorithm or method.
3. Since the core method described is machine learning, which includes classical machine learning techniques such as those used for electrocardiography and basal systolic/diastolic blood pressure prediction, and not specifically deep neural networks, we can assign the most specific category.

CATEGORY: ML",5.65,,False,2026-08-09T19:02:51
13,llama3.1:8b,V2.1,abstract,ML,"REASONING: The abstract describes statistical learning methods such as forward stepwise regression, the lasso, and principal components analysis to address the problem of ""selective inference."" These methods are used to assess the strength of associations in a dataset after cherry-picking for the strongest associations. The paper focuses on applying these methods to various statistical techniques.

CATEGORY: ML",3.29,,False,2026-08-09T19:02:55
14,llama3.1:8b,V2.1,abstract,ML,"REASONING: The abstract discusses various technical methods used in artificial intelligence, including machine learning, deep learning, natural language processing, and their applications in sustainable green finance. The primary contribution of the paper appears to be a review and synthesis of recent literature on these topics, rather than introducing new AI or ML/DL techniques.

CATEGORY: ML",3.42,,False,2026-08-09T19:02:58
15,llama3.1:8b,V2.1,abstract,DL,"REASONING:
The abstract describes a study that uses three pre-trained deep learning models (DenseNet-121, EfficientNet-B0, and ResNet-50) to classify intraoral lesions as malignant or benign based on images. The primary contribution of the paper is the evaluation and comparison of these specific deep learning models for oral cancer detection.

CATEGORY: DL",3.36,,False,2026-08-09T19:03:01
16,llama3.1:8b,V2.1,abstract,DL,"REASONING:
1. The technical methods described in the text include machine learning models (specifically LightGBM), SHAP analysis, gradient-boosting framework, tree-based learning algorithms, hyperparameter tuning using Optuna, and multilevel modeling.
2. The primary contribution of the paper is the application of a machine learning model to predict contraceptive continuation among women aged 15–49 in a West African country, with a focus on identifying influential features for prediction.
3. Given that the core method described is a neural network (LightGBM), which is a subset of machine learning, and the primary contribution is the application of this method, I will classify it as DL even though it is also ML and AI.

CATEGORY: DL",6.32,,False,2026-08-09T19:03:08
17,llama3.1:8b,V2.1,abstract,DL,"REASONING:
1. The technical methods described in the text include artificial neural networks, support vector machines, random forests, convolutional neural networks, deep learning models, peak integration, matrix-effect prediction, anomaly detection, chromatographic optimization, and real-time analytical monitoring.
2. The paper's primary contribution is the evaluation of AI-assisted bioanalytical workflows for mitigating matrix effects in LC–MS/MS applications, which involves comparing various machine learning approaches, including neural networks and deep learning models.
3. Since the core method is a comparison of multiple machine learning techniques, including neural networks and deep learning models, and the primary contribution is the evaluation of AI-assisted bioanalytical workflows, I will classify it as DL.

CATEGORY: DL",6.84,,False,2026-08-09T19:03:15
18,llama3.1:8b,V2.1,abstract,ML,"REASONING: The abstract discusses the application of artificial intelligence (AI) methods, specifically deep learning (DL) and machine learning (ML), in cancer research for multi-omics data analysis. The paper reviews various AI methodologies, including graph neural networks, transformers, and explainable AI, highlighting their applications in precision oncology.

CATEGORY: ML",3.39,,False,2026-08-09T19:03:18
19,llama3.1:8b,V2.1,abstract,ML,"REASONING: The abstract describes the application of various AI methods to improve cancer theranostics through nanoparticles, including machine learning, deep learning, reinforcement learning, and generative models. The primary contribution of the paper is not a new AI method itself, but rather its analysis of how these methods can be applied in a specific domain.

CATEGORY: ML",3.44,,False,2026-08-09T19:03:21
20,llama3.1:8b,V2.1,abstract,ML,"REASONING: 
1. The technical methods described in the text include t-SNE (a variation of Stochastic Neighbor Embedding), Sammon mapping, Isomap, and Locally Linear Embedding.
2. The primary contribution of the paper is a new technique called ""t-SNE"" that improves upon existing visualization techniques by reducing crowding and revealing structure at multiple scales.
3. Since t-SNE is a neural network-free method for dimensionality reduction and visualization, it does not fit into the DL category.

CATEGORY: ML",5.12,,False,2026-08-09T19:03:27
21,llama3.1:8b,V2.1,abstract,DL,"REASONING: 
1. The technical methods described in the text include Z-score normalization, improved sand cat swarm optimization (ISCSO) for feature selection, Bayesian neural network (BNN), whale optimization algorithm (WOA) for hyperparameter tuning, and SHAP for explainability.
2. The primary contribution of the paper is the development of a novel Two-Tier Metaheuristic Algorithm for Cyberattack Defense Analysis using Explainable Artificial Intelligence based Bayesian Deep Learning (TTMCDA-XAIBDL) method, which combines multiple techniques to detect and mitigate ransomware cyber threats.
3. Given that the core method involves a neural network (BNN), but also incorporates other AI/ML methods such as metaheuristics, feature selection, and explainability, the most specific applicable category is DL.

CATEGORY: DL",7.02,,False,2026-08-09T19:03:34
22,llama3.1:8b,V2.1,abstract,,"REASONING: The abstract describes a systematic review and meta-analysis of economic evaluations of artificial intelligence in precision medicine, using machine learning regression analyses to explore value heterogeneity. While the paper mentions artificial intelligence as the enabling technology, its primary contribution lies in the synthesis and analysis of economic data.

CATEGORY: None",3.33,,False,2026-08-09T19:03:37
23,llama3.1:8b,V2.1,abstract,DL,"REASONING:
1. The technical methods described in the text are deep learning (specifically 3D nnU-Net), radiomics, support vector machine (SVM), random forest (RF), stochastic gradient descent (SGD), and segmentation using CT scans.
2. The primary contribution of the paper is the development of a system that can perform ACL segmentation and diagnosis using CT scans, which involves deep learning as its core method.
3. Although classical machine learning methods like SVM, RF, and SGD are used for classification, the core innovation lies in the application of deep learning to medical imaging.

CATEGORY: DL",5.3,,False,2026-08-09T19:03:42
24,llama3.1:8b,V2.1,abstract,ML,"**Step 1: Identify the technical methods described in the text**

The paper describes several machine learning techniques used for feature selection (twelve different algorithms) and model implementation (ten different models, including ensemble methods). The Tomek Links and SMOTE techniques are also mentioned to address class imbalance. Additionally, the SHAP method is used for feature importance analysis.

**Step 2: Determine which method represents the paper's primary contribution**

The primary contribution of this study appears to be the integration of personality profiles with advanced machine learning models to predict food addiction among university students. While multiple methods are compared, the focus is on demonstrating the effectiveness of ensemble methods (e.g., Random Forest and CatBoost) in identifying complex patterns.

**Step 3: Assign the most specific applicable category**

REASONING: The paper focuses on applying machine learning techniques to a specific problem, using various models and feature selection methods. While neural networks are not explicitly mentioned, the use of ensemble methods (e.g., Random Forest and CatBoost) suggests that deep learning is not the primary focus. However, since the core method involves training machine learning models, it falls under the category of Machine Learning.

CATEGORY: ML",9.67,,False,2026-08-09T19:03:52
25,llama3.1:8b,V2.1,abstract,ML,"REASONING: The abstract describes a hybrid artificial intelligence model that integrates multiple techniques, including particle swarm optimization, coati optimization, gated recurrent units, and adaptive neuro-fuzzy inference system. The primary contribution of the paper is the development of this new model, called PSO-COO-GRU-ANFIS (PCGA), which is used to predict groundwater levels in the Ardabil Plain, Iran.

CATEGORY: ML",4.07,,False,2026-08-09T19:03:56
26,llama3.1:8b,V2.1,abstract,ML,"REASONING: The abstract discusses the application of explainable AI (XAI) methods in sports science, specifically focusing on how these methods have been used to make machine learning models more transparent and interpretable. The paper reviews 19 studies that applied XAI techniques, including SHapley Additive Explanations, Gradient-weighted Class Activation Mapping, Individual Conditional Expectation Plots, and domain-specific approaches.

CATEGORY: ML",3.93,,False,2026-08-09T19:04:00
27,llama3.1:8b,V2.1,abstract,ML,"REASONING: The abstract describes the use of multiple machine learning models (extreme gradient boosting, multilayer perceptron, L1- and L2-regularized logistic regression) to predict functional outcome after acute ischemic stroke, as well as the application of explainable artificial intelligence techniques. The primary contribution of the paper is the evaluation and comparison of these machine learning models for predicting patient outcomes.

CATEGORY: ML",3.86,,False,2026-08-09T19:04:04
28,llama3.1:8b,V2.1,abstract,ML,"REASONING: The abstract describes a study that uses machine learning techniques to develop a predictive model for rainfall isotopic values in Iraq. The primary contribution of the paper is the comparison of different machine learning algorithms, with a focus on the Random Forest (RF) approach achieving superior predictive performance.

CATEGORY: ML",3.02,,False,2026-08-09T19:04:07
29,llama3.1:8b,V2.1,abstract,ML,"REASONING: The abstract describes the application of machine learning algorithms, specifically random forest, gradient boosting, and extreme GB predictive models, to analyze cohort-level data from 30 published studies on traumatic brain injury (TBI). The primary contribution of the paper is the development and evaluation of these ML models for predicting cognitive outcomes after TBI.

CATEGORY: ML",3.38,,False,2026-08-09T19:04:10
30,llama3.1:8b,V2.1,abstract,DL,"REASONING: The abstract describes various methods used in phytochemical-based drug discovery, including metabolite identification, virtual screening, target prediction, and toxicity assessment, which are supported by machine learning and deep learning approaches. These methods involve integrating chemical, biological, and multi-omics data to explore natural product diversity. While the text mentions AI as a broader category, the primary focus is on specific ML/DL techniques applied in drug discovery.

CATEGORY: DL",3.99,,False,2026-08-09T19:04:14
31,llama3.1:8b,V2.1,abstract,DL,"**Step 1: Identify the technical methods described in the text**

The paper describes a novel ensemble of six hybrid models that integrate spatial and temporal learning to forecast nocturnal SUHI in Tehran through 2030. The methodology involves training machine learning (ML) and deep learning (DL) models using a 22-year MODIS Aqua LST time series, processed with a rigorous spatiotemporal gap-filling process. Specifically, the paper mentions U-Net with Long Short-Term Memory (LSTM) networks as an innovative combination.

**Step 2: Determine which method represents the paper's primary contribution**

The primary objective of the study is to provide a robust, actionable forecasting framework aligned with Sustainable Development Goals (SDGs). The paper focuses on developing and benchmarking a novel ensemble of six hybrid models, including three ML and three DL models. While multiple methods are compared, the core contribution lies in the development of these hybrid models.

**Step 3: Assign the most specific applicable category**

The paper's primary contribution is the development of a novel ensemble of hybrid models that integrate spatial and temporal learning using neural networks (U-Net with LSTM). Therefore, I will classify this paper as Deep Learning (DL), even though it also involves Machine Learning (ML) techniques.

REASONING: The paper focuses on developing and benchmarking a novel ensemble of six hybrid models, including three ML and three DL models. The core contribution lies in the development of these hybrid models using neural",12.31,,False,2026-08-09T19:04:27
32,llama3.1:8b,V2.1,abstract,ML,"REASONING: The abstract discusses the application of artificial intelligence (AI) and machine learning (ML) techniques, specifically deep learning and ensemble methods, to non-small cell lung cancer (NSCLC). The primary contribution of the paper is a narrative review that synthesizes recent studies on AI/ML applications in NSCLC.

CATEGORY: ML",3.24,,False,2026-08-09T19:04:30
33,llama3.1:8b,V2.1,abstract,ML,"REASONING: The abstract discusses the application of artificial intelligence (AI) and machine learning (ML) techniques, specifically supervised learning, deep neural networks, natural language processing, and reinforcement learning, to the field of drug repurposing for hepatitis B virus (HBV) treatment. The primary contribution of the paper is not a new AI/ML technique itself, but rather its application in a specific domain.

CATEGORY: ML",4.11,,False,2026-08-09T19:04:34
34,llama3.1:8b,V2.1,abstract,DL,"REASONING: 
1. The technical methods described in the text include convolutional neural networks (CNNs), Gaussian filter (GF) for image pre-processing, VGG16, MobileNetV1, EfficientNetB5 as feature extraction models, attention mechanism-based CNN, and bi-directional long short-term memory (BiLSTM). 
2. The primary contribution of the paper is the AIDCNN-CDMKO methodology framework, which utilizes a combination of these methods for clinical decision-making in kidney oncology.
3. Since the core method of the paper's primary contribution is a neural network architecture, specifically CNNs and BiLSTM, we can classify it as DL.

CATEGORY: DL",6.11,,False,2026-08-09T19:04:40
35,llama3.1:8b,V2.1,abstract,ML,"REASONING: The abstract describes the use of supervised machine learning classifiers to detect Adverse Drug Reactions (ADRs) from text data, specifically social media comments and reviews. The primary contribution of the paper is the evaluation and comparison of different machine learning models for ADR detection.

CATEGORY: ML",3.1,,False,2026-08-09T19:04:43
36,llama3.1:8b,V2.1,abstract,DL,"REASONING: 
1. The technical methods described in the text are min-max normalization, improved sparrow search algorithm (ISSA) for feature selection, long short-term memory (MIX_LSTM) model for classification, and rabbit optimization algorithm (ROA) for hyperparameter selection.
2. The primary contribution of the paper is the AIBID-SCSA technique, which combines these methods to enhance intrusion detection in 6G-IoT networks.
3. Since the core method involves a neural network architecture (MIX_LSTM), and the paper's primary contribution is based on this architecture, we can classify it as DL.

CATEGORY: DL",5.84,,False,2026-08-09T19:04:49
37,llama3.1:8b,V2.1,abstract,DL,"REASONING: The abstract describes the use of two technical methods: a deep learning approach using CNN-VGG16 for image-based classification and a machine learning approach using wavelet-based Daubechies transforms for signal processing. The primary contribution of the paper is to evaluate the performance of these methods in classifying detrusor overactivity (DO) in cystometry (CMG) tracings.

CATEGORY: DL",4.02,,False,2026-08-09T19:04:53
38,llama3.1:8b,V2.1,abstract,ML,"REASONING: The abstract describes a specific application of machine learning (sparse convolutional neural network) to predict amino acid mutations that enhance enzyme thermostability. The primary contribution of the paper is the experimental validation of these predictions and the molecular basis of the enhanced stability.

CATEGORY: ML",2.96,,False,2026-08-09T19:04:56
39,llama3.1:8b,V2.1,abstract,AI,"REASONING: 
1. The technical methods described in the text include Convolutional Neural Networks (CNNs), Random Forest, Support Vector Machine (SVM), and Extreme Gradient Boosting.
2. The primary contribution of the paper is to map and analyze the evidence on the use of artificial intelligence in skin injuries management, with a focus on pressure injuries.
3. Although the methods mentioned are specific to deep learning techniques, the paper's core contribution lies in reviewing and analyzing the application of AI in general, rather than focusing on the technical details of these methods.

CATEGORY: AI",5.45,,False,2026-08-09T19:05:01
40,llama3.1:8b,V2.1,abstract,DL,"REASONING: 
1. The technical methods described in the text include explainable machine learning (XAI), artificial neural networks (ANNs), SHapley Additive exPlanations (SHAP), and Technology Computer-Aided Design (TCAD) simulations.
2. The primary contribution of this work is a novel framework that integrates ANNs with XAI for accurate and interpretable device modeling, specifically in the context of SiC MOSFETs.
3. Since the core method involves neural networks, which are a subset of machine learning techniques, we can classify it as DL even though it also falls under ML and AI.

CATEGORY: DL",5.54,,False,2026-08-09T19:05:07
41,llama3.1:8b,V2.1,abstract,ML,"REASONING: 
1. The technical methods described in the text are machine learning (ML) algorithms, specifically random forest, support vector regression, K-nearest neighbors, Shapley additive explanations (SHAP), linear regression, and parametric sweeping.
2. The primary contribution of the paper is the development of an integrated ML-based black-box modeling and explainable artificial intelligence (XAI)-based analysis framework for accurate yet interpretable parametric analysis of yarn quality.
3. Since the core method involves neural networks are not explicitly mentioned, but rather classical machine learning algorithms, and the primary contribution is a combination of ML and XAI techniques, the most specific applicable category is Machine Learning.

CATEGORY: ML",6.43,,False,2026-08-09T19:05:13
42,llama3.1:8b,V2.1,abstract,ML,"REASONING: 
1. The technical methods described in the text include Gray Level Co-occurrence Matrix (GLCM) features extraction, machine learning models such as Fine Tree, Medium Tree, Linear Discriminant, Linear Support Vector Machine, K-Nearest Neighbors, and a Neural Network (MLP) model.
2. The primary contribution of the paper is the development of machine learning models that achieve exceptional classification capabilities in differentiating oral squamous cell carcinoma (OSCC) from normal tissues using histopathological images.
3. Although deep learning techniques are mentioned as being compared to other AI methods, the core method described in the text is a Neural Network (MLP) model, which falls under machine learning.

CATEGORY: ML",6.42,,False,2026-08-09T19:05:20
43,llama3.1:8b,V2.1,abstract,ML,"**Step 1: Identify the technical methods described in the text**

The abstract mentions several technical methods, including:

* Artificial intelligence (AI) and machine learning (ML)
* Deep learning, particularly convolutional neural networks (CNNs)
* Multimodal and interpretable AI
* Traditional ML approaches (e.g. supervised/unsupervised learning, tree-based methods)

**Step 2: Determine which method represents the paper's primary contribution**

The abstract is a bibliometric study that maps global research trends and thematic evolution in AI-based knee OA progression prediction. The primary contribution of this paper is not to develop or evaluate a specific AI model, but rather to analyze and visualize the research landscape as a whole.

**Step 3: Assign the most specific applicable category**

Given that the abstract discusses the use of various AI/ML/DL methods in the context of knee OA progression prediction, but does not focus on developing or evaluating a specific method, I would classify this paper as:

CATEGORY: ML",8.62,,False,2026-08-09T19:05:28
44,llama3.1:8b,V2.1,abstract,ML,"REASONING: The abstract describes the use of machine learning regression techniques, metaheuristic algorithms, SHAP and CAM sensitivity analyses, and optimization algorithms to analyze global energy consumption and predict key metrics. The primary contribution of the paper is the development of an analytical framework for global energy forecasting that integrates these methods.

CATEGORY: ML",3.21,,False,2026-08-09T19:05:32
45,llama3.1:8b,V2.1,abstract,DL,"REASONING: The paper describes an artificial-intelligence-based diagnostic approach that combines an improved Exponential Triangular Optimization algorithm (IETO) with a convolutional neural network (CNN) model for bearing fault diagnosis in computer numerical control (CNC) machines. The primary contribution of the paper is the development of a new hyperparameter optimization method, IETO, which is combined with a CNN model to improve diagnostic accuracy.

CATEGORY: DL",3.9,,False,2026-08-09T19:05:35
46,llama3.1:8b,V2.1,abstract,ML,"REASONING: 
1. The technical methods described in the text include feature reduction using Spearman correlation and LASSO regression, predictive models constructed using five machine learning algorithms (ExtraTrees, XGBoost, LightGBM), and decision curve analysis.
2. The primary contribution of this paper is the development and comparison of predictive models for early recurrence of hepatocellular carcinoma (HCC) after surgery, which involves multiple machine learning algorithms.
3. Since the core method involves neural networks are not explicitly mentioned, but rather a variety of machine learning algorithms, we can classify it as ML.

CATEGORY: ML",5.67,,False,2026-08-09T19:05:41
47,llama3.1:8b,V2.1,abstract,ML,"REASONING: The abstract discusses the application of artificial intelligence (AI) in online education, specifically in discussion forums, highlighting various methods such as chatbots, intelligent tutoring systems, and automatic formative assessment. While multiple AI-related techniques are mentioned, the primary focus is on how these methods support student learning and facilitate communication between students and teachers.

CATEGORY: ML",3.68,,False,2026-08-09T19:05:45
48,llama3.1:8b,V2.1,abstract,ML,"REASONING: The abstract describes a biosensing platform that uses machine learning-assisted analysis of RGB features extracted from smartphone-captured images, in addition to a dual-mode sensor based on iron-doped carbon quantum dots (Fe0.45-CDs) and sarcosine oxidase (SOX). The primary contribution of the paper is the development of this biosensing platform, which combines nanozyme-bioenzyme cascade catalysis with machine learning.

CATEGORY: ML",4.28,,False,2026-08-09T19:05:49
49,llama3.1:8b,V2.1,abstract,DL,"REASONING: The abstract describes a machine learning approach that uses neural networks to estimate mean pulmonary artery pressure (mPAP) from clinical diagnostic features and CMR-related features. The primary contribution of the paper is the development of a predictive model that addresses data scarcity and quality issues in medical research.

CATEGORY: DL",3.34,,False,2026-08-09T19:05:52
50,llama3.1:8b,V2.1,abstract,ML,"REASONING: The paper describes a formal reduction between two machine learning algorithms, Elastic Net and Support Vector Machine, which involves translating recent advances in parallelizing SVM solvers to the Elastic Net. This reduction is implemented using 11 lines of MATLAB code and evaluated on real-world data sets. The primary contribution of the paper is the development of an efficient algorithm for solving the Elastic Net problem.

CATEGORY: ML",3.48,,False,2026-08-09T19:05:56
51,llama3.1:8b,V2.1,abstract,ML,"REASONING: The abstract discusses the application of artificial intelligence (AI) models, specifically those utilizing machine learning (ML) and deep learning (DL), in predicting hematoma expansion (HE) in patients with intracerebral hemorrhage (ICH). The primary contribution of the paper is to assess the effectiveness of these AI models in predicting HE.

CATEGORY: ML",3.47,,False,2026-08-09T19:05:59
52,llama3.1:8b,V2.1,abstract,ML,"REASONING: The abstract describes the application of a machine learning model based on a multilayer artificial neural network to forecast COVID-19 cases, deaths, and case fatality ratio using land use forms and population density as input data. The primary contribution of the paper is the development and evaluation of this specific machine learning model.

CATEGORY: ML",3.48,,False,2026-08-09T19:06:03
53,llama3.1:8b,V2.1,abstract,DL,"**Step 1: Identify the technical methods described in the text**

The technical methods described in the text are:

* Deep Learning (DL)
* Natural Language Processing
* Radiomics
* Multi-omics analysis (including genomics, proteomics, transcriptomics, and metabolomics)

**Step 2: Determine which method represents the paper's primary contribution**

The paper discusses various applications of AI and ML in oncology, but its primary focus is on the use of DL, Natural Language Processing, Radiomics, and multi-omics analysis. However, it also emphasizes the need for addressing ethical and societal concerns related to AI adoption in healthcare.

**Step 3: Assign the most specific applicable category**

The paper's core method is not a single technique, but rather an overview of various applications of DL and other ML techniques in oncology. However, since the primary focus is on the use of neural networks (DL) for image analysis and genomic data, I will assign the most specific category as:

REASONING: The abstract discusses the application of Deep Learning in medical images and genomic data, which represents a subset of machine learning techniques.
CATEGORY: DL",9.44,,False,2026-08-09T19:06:12
54,llama3.1:8b,V2.1,abstract,DL,"REASONING: 
1. The technical methods described in the text are deep learning (specifically, ""concentric deep learning"") and its application to forecasting financial risks using historical data from various sources.
2. The primary contribution of this work is a large-scale, data-driven model for forecasting financial risks and evaluating their effects on organizational sustainability and development.
3. Since the core method described in the text is a neural network (concentric deep learning), we should classify it as DL even though it is also ML and AI.

CATEGORY: DL",4.8,,False,2026-08-09T19:06:17
55,llama3.1:8b,V2.1,abstract,ML,"REASONING: The abstract describes the application of artificial intelligence (AI) and machine learning (ML) techniques to improve risk stratification models in plasma cell disorders. The primary contribution of the paper is not the development of new AI or ML methods, but rather the exploration of their potential applications in a specific clinical context.

CATEGORY: ML",3.19,,False,2026-08-09T19:06:20
56,llama3.1:8b,V2.1,abstract,ML,"REASONING: The abstract describes a method for APT attribution using Dempster-Shafer joint theory, which involves extracting multiple features from CTI reports and combining them using machine learning models. The primary contribution is the development of this multi-level feature fusion approach.

CATEGORY: ML",2.84,,False,2026-08-09T19:06:23
57,llama3.1:8b,V2.1,abstract,AI,"REASONING: The abstract discusses the application of artificial intelligence (AI) in medicine, specifically for risk prediction and therapy optimization of MRSA pneumonia. The technical methods described include supervised machine learning models and ML-CDSS (Clinical Decision Support Systems), which are explored as potential tools for improving diagnostics and personalized treatments.

CATEGORY: AI",3.15,,False,2026-08-09T19:06:26
58,llama3.1:8b,V2.1,abstract,ML,"REASONING: The abstract discusses the application of artificial intelligence (AI) in food formulation, including AI-assisted recipe generation, ingredient selection, and quality- and safety-driven product development. The text mentions various AI models and their strengths and weaknesses, but does not delve into specific technical details such as neural network architectures or machine learning algorithms.

CATEGORY: ML",3.5,,False,2026-08-09T19:06:30
59,llama3.1:8b,V2.1,abstract,DL,"REASONING: 
1. The technical methods described in the text are Machine Learning (ML) models, specifically CatBoost, which is a type of ensemble ML model, and the Arithmetic Optimization Algorithm (AOA), which is used for optimization.
2. The primary contribution of this paper appears to be the application of AOA optimization for ensemble ML models, particularly CatBoost, to improve predictive performance in concrete compressive strength prediction.
3. Since the core method described is a neural network-based model (CatBoost) and the primary contribution involves optimizing its performance using AOA, we can classify it as Deep Learning.

CATEGORY: DL",5.46,,False,2026-08-09T19:06:35
60,llama3.1:8b,V2.1,abstract,DL,"REASONING:
The technical methods described in the text include deep learning, neural networks (specifically temporal convolutional and attention-based recurrent modelling), quantum-inspired feature encoding, and explainability modules. The paper's primary contribution is a new framework called QuantumNeuroXAI that combines these methods to provide inherent explainability for EEG-based diagnosis of neurological disorders.

CATEGORY: DL",3.73,,False,2026-08-09T19:06:39
61,llama3.1:8b,V2.1,abstract,ML,"REASONING: The abstract discusses the application of artificial intelligence (AI) in clinical oncology, specifically focusing on machine learning methods such as computer-aided detection (CAD) and diagnosis (CADx), radiomics, and federated learning. These methods are used for tasks like tumor identification, characterization, and personalized therapy prediction.

CATEGORY: ML",3.26,,False,2026-08-09T19:06:42
62,llama3.1:8b,V2.1,abstract,ML,"REASONING: The abstract describes a study that applies six supervised machine learning algorithms to predict postoperative hearing outcomes following tympanoplasty. The primary contribution of the paper is the evaluation and comparison of these machine learning methods, with a focus on identifying the most accurate predictor.

CATEGORY: ML",3.21,,False,2026-08-09T19:06:46
63,llama3.1:8b,V2.1,abstract,ML,"REASONING: The abstract describes the use of four supervised learning algorithms (Logistic Regression, Random Forest, XGBoost, and LightGBM) with Explainable Artificial Intelligence (XAI) techniques to improve credit card fraud detection. The primary contribution of the paper is a comparative study of these algorithms' predictive performance and interpretability.

CATEGORY: ML",3.28,,False,2026-08-09T19:06:49
64,llama3.1:8b,V2.1,abstract,ML,"REASONING: The abstract discusses the application of artificial intelligence (AI) and machine learning (ML) in sports medicine, specifically for injury risk assessment, diagnosis, rehabilitation, and clinical decision-making. The technical methods described include predictive and estimation models, diagnostic image analysis, and recovery estimation.

CATEGORY: ML",2.99,,False,2026-08-09T19:06:52
65,llama3.1:8b,V2.1,abstract,ML,"REASONING: The abstract mentions three-dimensional NVU organoids, spatial transcriptomics with single-cell resolution, and artificial intelligence technology including machine learning and deep learning. However, the primary focus is on reviewing NVU dysfunction during AD progression and applying new technologies to study it, rather than developing or comparing AI/ML/DL methods.

CATEGORY: ML",3.21,,False,2026-08-09T19:06:55
66,llama3.1:8b,V2.1,abstract,DL,"REASONING:
1. The technical methods described in the text include machine learning models, deep neural networks, Shapley additive explanations (SHAP) analysis, and clinical variables such as systolic blood pressure (SBP) metrics.
2. The primary contribution of this paper is the development and comparison of machine learning models that incorporate SBP metrics to predict functional outcomes after successful EVT, with a focus on identifying key predictors using SHAP analysis.
3. Given that the core method used in this study is a deep neural network model, which is a type of neural network architecture, I will classify it as DL even though it is also ML and AI.

CATEGORY: DL",6.08,,False,2026-08-09T19:07:01
67,llama3.1:8b,V2.1,abstract,ML,"REASONING: The abstract discusses various techniques used to diagnose anemia, including machine learning models that analyze blood test records and images, deep learning architectures for image analysis, optimization algorithms, hybrid approaches, and traditional invasive tests. The primary contribution of the paper is a comparison of these different methods in terms of accuracy, features, research gaps, and future scope.

CATEGORY: ML",3.54,,False,2026-08-09T19:07:05
68,llama3.1:8b,V2.1,abstract,ML,"REASONING:
The technical methods described in the text are LIME (a novel explanation technique) and a method to explain models by presenting representative individual predictions and their explanations using submodular optimization. The primary contribution of the paper is the development of these two methods, which aim to provide interpretable and faithful explanations for machine learning model predictions.

CATEGORY: ML",3.35,,False,2026-08-09T19:07:08
69,llama3.1:8b,V2.1,abstract,DL,"REASONING: 
1. The technical methods described in the text include Temporal Convolutional Network (TCN), Gaussian filtering (GF), NASNetMobile, DenseNet121, MobileNetV3Large, and Adamax optimization.
2. The primary contribution of this paper is the development of a novel fall activity recognition system called TCN-FARSDP, which employs a temporal convolutional network classifier for detecting falls among disabled persons.
3. Since the core method described in the paper is a neural network (TCN), I will classify it as DL even though it also involves ML and AI techniques.

CATEGORY: DL",5.7,,False,2026-08-09T19:07:14
70,llama3.1:8b,V2.1,abstract,AI,"REASONING: The abstract discusses the application of artificial intelligence (AI) to tailor virtual reality exposure therapy (VRET), mentioning machine learning (ML) as a specific method used for outcome prediction and personalization. However, the primary contribution of the paper is not to present new ML or AI techniques, but rather to map the current state of research in this area and identify best practices.

CATEGORY: AI",3.77,,False,2026-08-09T19:07:17
71,llama3.1:8b,V2.1,abstract,ML,"REASONING: The abstract discusses the application of artificial intelligence in healthcare, specifically in diabetes care, and proposes a set of priorities and standards for establishing trust in medical AI systems. The technical methods described include probabilistic outputs, ""top-choice only"" outputs, and six key attributes of trustworthy medical AI (accuracy, reproducibility, privacy/security, transparency, human oversight, and fairness).

CATEGORY: ML",3.71,,False,2026-08-09T19:07:21
72,llama3.1:8b,V2.1,abstract,ML,"REASONING: The abstract discusses the application of artificial intelligence (AI) techniques, specifically machine learning (ML) methods such as Convolutional Neural Networks (CNNs), for dermoscopic image analysis in skin cancer detection. The paper evaluates the diagnostic accuracy of various AI-based algorithms and compares different models based on dataset characteristics, training strategies, and reference standards.

CATEGORY: ML",3.96,,False,2026-08-09T19:07:25
73,llama3.1:8b,V2.1,abstract,AI,"**Step 1: Identify the technical methods described in the text**

The abstract mentions several technical methods, including:

* Quantum Computing (QC) methodologies
* Quantum Machine Learning (QML)
* Post-quantum cryptography
* Hybrid quantum classical algorithms
* NISQ (Noisy Intermediate-Scale Quantum) hardware

**Step 2: Determine which method represents the paper's primary contribution**

The abstract states that the study aims to ""systematically examine the intersection of quantum computing and artificial intelligence"" by identifying key technological features, integration requirements, and sectoral applications. The review also contributes by mapping existing research, highlighting methodological approaches, and revealing gaps in hybrid quantum AI systems.

**Step 3: Assign the most specific applicable category**

Based on the abstract's focus on the intersection of QC and AI, and the primary contribution being a systematic literature review and analysis of trends, limitations, and opportunities in this technological convergence, I would assign the following category:

REASONING: The paper focuses on the integration of quantum computing and artificial intelligence, with a primary contribution being a systematic literature review and analysis of existing research. While it mentions specific QC methodologies such as QML and post-quantum cryptography, these are not the primary focus of the paper.
CATEGORY: AI",10.38,,False,2026-08-09T19:07:35
74,llama3.1:8b,V2.1,abstract,DL,"REASONING: 
1. The technical methods described in the text include Refined Deep Evolutionary Learning Framework (R-DELF), ESM-2 Transformer, Graph Neural Networks (GNNs), and Explainable AI layer.
2. The primary contribution of the paper is the development of a new framework called R-DELF that combines multiple techniques to predict viral mutations and assess vaccine suitability.
3. Since the core method of R-DELF involves neural networks (ESM-2 Transformer and GNNs) and deep learning concepts, it represents the most specific category.

CATEGORY: DL",5.66,,False,2026-08-09T19:07:41
75,llama3.1:8b,V2.1,abstract,ML,"REASONING: The abstract describes various methods for hyper-parameter optimization, including grid search, manual search, and random search. It also mentions neural networks and deep belief networks as specific architectures that are being optimized using these methods.

CATEGORY: ML",2.64,,False,2026-08-09T19:07:44
76,llama3.1:8b,V2.1,abstract,ML,"REASONING: The abstract discusses a systematic review and meta-analysis comparing the performance of machine learning/deep learning algorithms with conventional imaging methods for diagnosing pancreatic neuroendocrine tumors (PanNETs). The primary contribution of the paper is the comparison of these two approaches, but it does not describe any novel neural network architecture or deep learning technique.

CATEGORY: ML",3.55,,False,2026-08-09T19:07:47
77,llama3.1:8b,V2.1,abstract,ML,"REASONING: 
The paper describes the use of Variational Quantum Classifiers (VQCs), which combine classical machine learning with quantum computing techniques. The primary contribution of the paper is to test the effectiveness of VQCs in modeling nonlinear dependencies between stocks and compare it to standard classical classifiers.

CATEGORY: ML",3.31,,False,2026-08-09T19:07:51
78,llama3.1:8b,V2.1,abstract,ML,"REASONING: 
1. The technical methods described in the text include K-means clustering, supervised algorithms (KNN, SVM, ANN), XAI tools (SHAP and LIME), spatial clustering using Moran's I coefficient, network analysis, and multi-dimensional machine learning tools.
2. The primary contribution of the paper is the application of these methods to determine the determinants of fiscal openness in a global context, specifically identifying regimes of governance and drivers of financial transparency.
3. While the paper employs various AI/ML/DL techniques, the core method that represents the paper's primary contribution is multi-dimensional machine learning, which encompasses both supervised and unsupervised algorithms.

CATEGORY: ML",5.82,,False,2026-08-09T19:07:56
79,llama3.1:8b,V2.1,abstract,DL,"REASONING: 
1. The technical methods described in the text are machine learning (specifically, decision tree learning), flow cytometry, and integration of electronic health records (EHR) variables with extracellular vesicle features.
2. The primary contribution of the paper is the development of a novel artificial intelligence-driven decision support system for stroke diagnosis using machine learning techniques to fuse EHR variables with EV information.
3. Since the core method described in the text is a neural network equivalent (decision tree learning model), and it's also mentioned that machine learning techniques are used, we can classify this paper as DL even though it's also ML and AI.

CATEGORY: DL",5.69,,False,2026-08-09T19:08:02
80,llama3.1:8b,V2.1,abstract,DL,"REASONING: The abstract describes neural machine translation as an approach to machine translation using encoder-decoder architectures and proposes a new method to extend this architecture by allowing the model to automatically search for relevant parts of the source sentence. This new approach is compared to existing state-of-the-art phrase-based systems, indicating that it is the primary contribution of the paper. The use of neural networks in this context suggests that the core method is a neural network.

CATEGORY: DL",4.49,,False,2026-08-09T19:08:07
81,llama3.1:8b,V2.1,abstract,ML,"REASONING: The abstract describes the comparison of 14 machine learning models using various datasets and scenarios to estimate patient-level EQ-5D-5L index scores. The primary contribution of the paper is the evaluation and ranking of these ML models, with a focus on their performance in different research scenarios.

CATEGORY: ML",3.08,,False,2026-08-09T19:08:10
82,llama3.1:8b,V2.1,abstract,ML,"REASONING: The technical methods described in the text are a least squares version for support vector machine (SVM) classifiers and quadratic programming for classical SVM's. The primary contribution of the paper appears to be a new method for solving SVMs, which is a specific type of machine learning algorithm. This method is distinct from deep learning techniques.

CATEGORY: ML",3.12,,False,2026-08-09T19:08:13
83,llama3.1:8b,V2.1,abstract,AI,"REASONING: The abstract describes a platform called BizAssistBot that utilizes artificial intelligence (AI) for experiential learning in business education. The technical methods mentioned include natural language processing, machine learning, data analytics, and real-world business simulations.

CATEGORY: AI",2.68,,False,2026-08-09T19:08:16
84,llama3.1:8b,V2.1,abstract,DL,"REASONING: The abstract describes the use of finite element method (FEM) simulations, machine learning (ML) regression models, and deep learning (DL) neural networks to predict mechanical responses in rib cage reconstruction. The primary contribution of the paper is the development of AI models capable of predicting stresses, strains, and deformations using FEM data.

CATEGORY: DL",3.95,,False,2026-08-09T19:08:20
85,llama3.1:8b,V2.1,abstract,DL,"REASONING: The abstract describes a method that uses geometric deep learning to learn network representations and an Explainable Artificial Intelligence (XAI) tool to identify discriminative sub-networks. The primary contribution is a functional pruning approach that identifies connections based on collective importance, rather than individual statistical significance.

CATEGORY: DL",3.01,,False,2026-08-09T19:08:23
86,llama3.1:8b,V2.1,abstract,AI,"REASONING: The abstract mentions various technical methods used for prostate cancer diagnosis, including machine learning (ML), deep learning (DL), radiomics, and artificial intelligence (AI). However, the primary contribution of the paper is not to introduce a new ML or DL method, but rather to discuss the application and challenges of AI in prostate cancer diagnosis. The focus is on how AI enhances detection and treatment assessment across different imaging modalities.

CATEGORY: AI",3.81,,False,2026-08-09T19:08:26
87,llama3.1:8b,V2.1,abstract,ML,"REASONING: The abstract describes a machine learning pipeline that uses logistic regression and XGBoost classifiers on electrocardiogram (ECG) data to screen for reduced left ventricular ejection fraction (LVEF). The primary contribution of the paper is the development and validation of this specific two-stage ECG-based machine learning pipeline.

CATEGORY: ML",3.51,,False,2026-08-09T19:08:30
88,llama3.1:8b,V2.1,abstract,DL,"REASONING:
1. The technical methods described in the text include machine learning models (specifically, multilayer perceptron), explainable artificial intelligence approaches (such as feature permutation and integrated gradients), and a neural network architecture (built using torch).
2. The primary contribution of the paper is the development and evaluation of a specific machine learning model (multilayer perceptron) for predicting surgical outcomes in strabismus surgery, rather than comparing multiple methods or discussing general AI approaches.
3. Since the core method described is a neural network, which is a subset of deep learning, we can assign the most specific category accordingly.

CATEGORY: DL",5.93,,False,2026-08-09T19:08:36
89,llama3.1:8b,V2.1,abstract,DL,"REASONING: 
1. The technical methods described in the text include machine learning (ML)-based petrophysical inversion, rock physics modeling, seismic forward modeling, seismic AVO inversion, and explainable artificial intelligence (XAI).
2. The primary contribution of this paper is the development of a multiscale framework that integrates ML-based petrophysical inversion with other techniques to improve reservoir characterization and seismic modeling.
3. Since the core method is a neural network (implied by ""machine learning (ML)-based"" and XAI), but it's also combined with other methods, we should classify based on the primary contribution.

CATEGORY: DL",5.72,,False,2026-08-09T19:08:42
90,llama3.1:8b,V2.1,abstract,ML,"REASONING: 
1. The technical methods described in the text include a systematic literature review (SLR), model pruning, energy-monitoring tools, and a taxonomy of Green AI techniques mapped to four stages of the machine learning lifecycle.
2. The paper's primary contribution is the proposal of a new approach for implementing Green AI models in finance, which includes a theoretical framework that integrates Green AI principles with energy-monitoring tools.
3. Since the core method involves neural networks (implied by ""model pruning"") and the paper focuses on applying machine learning techniques to a specific domain (finance), but does not delve into the underlying neural network architectures.

CATEGORY: ML",6.2,,False,2026-08-09T19:08:48
91,llama3.1:8b,V2.1,abstract,DL,"REASONING: 
1. The technical methods described in the text include deep learning architectures (ViT-B16, EfficientNet-B0, MobileNetV2, ResNet-18, ConvNeXt-Tiny, and Swin-Tiny), classical machine learning classifiers (RBF SVM), data augmentation techniques (latent-space MixUp), feature extraction using Otsu-based segmentation, and interpretability methods (LIME and Grad-CAM).
2. The primary contribution of the paper is the development of an explainable hybrid framework for automatic CD detection from standard duodenal endoscopy images, which combines deep learning features with classical machine learning classifiers.
3. Since the core method involves a neural network architecture (ConvNeXt-Tiny) and its combination with a classical machine learning classifier (RBF SVM), the most specific applicable category is DL.

CATEGORY: DL",7.44,,False,2026-08-09T19:08:55
92,llama3.1:8b,V2.1,abstract,ML,"REASONING: The abstract describes a dataset of numerical signature descriptors derived from images of beetle fragments, which are extracted using standardized image acquisition and segmentation techniques. The primary contribution of the paper appears to be the creation and description of this dataset, rather than any specific AI/ML/DL method.

CATEGORY: ML",3.55,,False,2026-08-09T19:08:59
93,llama3.1:8b,V2.1,abstract,DL,"**Step 1: Identify the technical methods described in the text**

The paper describes the use of various machine learning (ML) and deep learning (DL) algorithms, including:

* Multilayer perceptron network as a classifier
* Xception architectures for image feature extraction
* Grad-CAM for ultrasound images
* Feature-attribution analysis for clinical variables

Additionally, the paper mentions the use of point-of-care ultrasound (POCUS) images and physical performance data from the Short Physical Performance Battery (SPPB) scores.

**Step 2: Determine which method represents the paper's primary contribution**

The paper's primary contribution is the development of a clinically oriented, AI-based multimodal model for sarcopenia detection. The model combines POCUS images with clinical data and uses various ML and DL algorithms to achieve improved performance over existing approaches.

**Step 3: Assign the most specific applicable category**

REASONING: The paper describes the use of neural network architectures (multilayer perceptron network, Xception) and deep learning techniques (Grad-CAM, feature-attribution analysis), which are the core methods used in the paper's primary contribution. While the paper also mentions classical machine learning algorithms, the focus is on the development of a deep learning-based model.

CATEGORY: DL",10.36,,False,2026-08-09T19:09:09
94,llama3.1:8b,V2.1,abstract,ML,"REASONING: 
The abstract describes a framework called Trust-Aware Explainable Artificial Intelligence (TAXAI) that combines various techniques to quantify trust in AI-based clinical decision support systems. The primary contribution of the paper is the development of TAXAI, which integrates algorithmic transparency, interpretability alignment, and compliance and reliability through a mathematically robust Trust Index.

CATEGORY: ML",4.02,,False,2026-08-09T19:09:13
95,llama3.1:8b,V2.1,abstract,ML,"**Step 1: Identify the technical methods described in the text**

The abstract mentions several technical methods related to artificial intelligence (AI) in child and adolescent psychiatry, including:

* AI scribes
* Multimodal diagnostic tools using machine learning
* AI-assisted therapeutics requiring physical hardware like robotics and virtual or augmented reality devices
* AI-enabled video and eye-tracking approaches for autism diagnosis
* Chatbots and robot companions

**Step 2: Determine which method represents the paper's primary contribution**

The abstract is a narrative review, summarizing recent literature on AI in child and adolescent psychiatry. The primary contribution of this paper appears to be a critical evaluation of the current state of AI applications in this field, highlighting their limitations and potential risks.

**Step 3: Assign the most specific applicable category**

Based on the information provided, the abstract is primarily focused on the application of machine learning (ML) techniques in child and adolescent psychiatry. While it mentions neural networks and deep learning indirectly through the use of ""machine learning"", the primary focus is on the broader field of ML.

REASONING: The abstract discusses AI applications in child and adolescent psychiatry, but the primary focus is on the evaluation of machine learning methods for diagnostic and therapeutic purposes.
CATEGORY: ML",10.04,,False,2026-08-09T19:09:23
96,llama3.1:8b,V2.1,abstract,ML,"REASONING: The abstract describes a study that uses machine learning (ML) methods to develop a predictive model for the success of camouflage orthodontic treatment, specifically focusing on four ML algorithms: Random Forest, CART, Neural Network, and XGBoost. The primary contribution of the paper is the development and evaluation of these ML models using cephalometric variables as predictors.

CATEGORY: ML",3.99,,False,2026-08-09T19:09:27
97,llama3.1:8b,V2.1,abstract,ML,"REASONING: The abstract discusses a systematic review and meta-analysis that evaluates the application of AI algorithms in predicting remission outcomes in Cushing's disease using machine learning models. The primary contribution is not the development of new AI or ML methods, but rather the evaluation and pooling of existing studies to assess their predictive accuracy.

CATEGORY: ML",3.2,,False,2026-08-09T19:09:30
98,llama3.1:8b,V2.1,abstract,ML,"REASONING: The abstract discusses the application of artificial intelligence (AI) techniques, specifically machine learning and deep learning, to improve echocardiography imaging pipeline efficiency, reproducibility, and accuracy. The primary contribution of the paper is the review and synthesis of AI applications in pediatric cardiology.

CATEGORY: ML",3.07,,False,2026-08-09T19:09:33
99,llama3.1:8b,V2.1,abstract,DL,"REASONING: 
The abstract discusses recent advancements in IoT, ML, and AI technologies for early disease detection in cattle. It presents a systematic literature review of 20 peer-reviewed studies that highlight AI-based techniques for detecting and classifying various cattle diseases using image, sensor, and text-based data.

CATEGORY: DL",3.08,,False,2026-08-09T19:09:36
100,llama3.1:8b,V2.1,abstract,,"REASONING: 
1. The technical methods described in the text are related to neuromorphic computing, specifically the use of two-dimensional (2D) materials such as transition metal dichalcogenides, hexagonal boron nitride, black phosphorus, and tellurene to create devices with synaptic behaviours.
2. The primary contribution of this paper is not a new machine learning or deep learning algorithm, but rather an exploration of the potential applications of 2D-material-based neuromorphic computing in various fields such as wearable electronics, brain–machine interfaces, and quantum neuromorphic platforms.
3. Although AI and ML are mentioned as being enabled by these advancements, the paper's focus is on the materials science and engineering aspects of neuromorphic computing.

CATEGORY: None",6.82,,False,2026-08-09T19:09:43
101,llama3.1:8b,V2.1,abstract,,"REASONING: The abstract discusses a study on dental residents' knowledge and perception regarding artificial intelligence (AI) in dentistry, using a questionnaire to assess their understanding and awareness of AI's applications. The methods described involve statistical analysis of the data collected from the questionnaire.

CATEGORY: None",3.05,,False,2026-08-09T19:09:46
102,llama3.1:8b,V2.1,abstract,ML,"**Step 1: Identify the technical methods described in the text**

The abstract mentions the following technical methods:

* Machine learning (ML) techniques:
	+ Supervised/unsupervised learning
	+ Random forest
	+ XG Boost
	+ Support vector machine (SVM)
	+ Logistic regression
* Deep learning (DL) architectures:
	+ Feedforward neural networks (FFNN)
	+ Multi-layer perceptron (MLP)
* Explainable artificial intelligence (XAI) techniques:
	+ SHAP values
	+ LIME

**Step 2: Determine which method represents the paper's primary contribution**

The abstract describes a novel framework that integrates multiple AI/ML/DL techniques to predict cardiovascular risk and enhance pharmaceutical marketing precision. The primary contribution of the paper is the development of this integrated framework, which uses a combination of ML and DL methods to achieve better results than individual models.

**Step 3: Assign the most specific applicable category**

Based on the abstract, the most specific applicable category is:

REASONING: The paper proposes an integrated framework that combines multiple AI/ML/DL techniques, including machine learning (ML) and deep learning (DL), to predict cardiovascular risk. While the paper uses a variety of ML and DL methods, the primary contribution is the development of this integrated framework.
CATEGORY: ML",11.09,,False,2026-08-09T19:09:57
103,llama3.1:8b,V2.1,abstract,ML,"REASONING: 
1. The technical methods described in the text include Federated Learning (FL), Differential Privacy (DP), Homomorphic Encryption (HE), Blockchain-enhanced AI, Adversarial Machine Learning (AML), anomaly detection, and deep learning models.
2. The paper's primary contribution is a systematic framework for evaluating the advantages, compromises, and scaling constraints of different methodologies in protecting vehicle data, which involves comparing multiple methods including FL, DP, HE, and AML.
3. Since the paper focuses on applying various AI-based techniques to address privacy concerns in IoV networks, but its core method is not specifically a neural network, it can be classified as Machine Learning.

CATEGORY: ML",6.25,,False,2026-08-09T19:10:04
104,llama3.1:8b,V2.1,abstract,ML,"REASONING: 
1. The technical methods described in the text are Machine Learning (ML) models using various data sources such as electronic health records, imaging, physiological waveforms, and omics data.
2. The primary contribution of the paper is to summarize current and emerging applications of ML in Acute Respiratory Distress Syndrome (ARDS), highlighting its potential for early risk prediction, diagnosis, phenotyping, management, and outcome prediction.
3. Since the core method described is a type of Machine Learning model, which is also a subset of Artificial Intelligence, I will classify it as DL only if there's a specific mention of neural network architectures or deep learning techniques.

CATEGORY: ML",6.0,,False,2026-08-09T19:10:10
105,llama3.1:8b,V2.1,abstract,ML,"REASONING: The abstract discusses various methods for model selection in molecular phylogenetics, including the Akaike Information Criterion (AIC), Bayesian methods, and hierarchical likelihood ratio test. The paper argues that AIC-based model averaging offers advantages over other approaches, particularly in assessing model selection uncertainty and estimating phylogenies and model parameters.

CATEGORY: ML",3.4,,False,2026-08-09T19:10:13
106,llama3.1:8b,V2.1,abstract,DL,"REASONING: 
1. The technical methods described in the text include deep learning-based transformers models, Distillation with No Labels (DINO) v2, a self-distilled transformer model, generative adversarial networks, diffusion models, and traditional methods relying on conventional features and statistical analysis.
2. The primary contribution of this paper is the proposed framework for detecting artificial intelligence-generated artwork using DINO v2, which outperforms baselines in accuracy, precision, recall, F1-score, and AUC.
3. Since the core method described is a neural network (transformers model), we classify it as DL even though it is also ML and AI.

CATEGORY: DL",5.84,,False,2026-08-09T19:10:19
107,llama3.1:8b,V2.1,abstract,DL,"REASONING: 
1. The technical methods described in the text are a novel component called quantitative argumentation layer, which mines concepts from both data and data descriptions, and a concept and argumentation model (CAM) that embeds human-aligned reasoning processes.
2. The primary contribution of this paper is the development of CAM, which provides decisions based on human-level knowledge and intrinsically interpretable reasoning process.
3. Since CAM uses neural network-like architecture to represent domain knowledge through human-understandable argumentation rules, it can be classified as a deep learning method.

CATEGORY: DL",5.1,,False,2026-08-09T19:10:24
108,llama3.1:8b,V2.1,abstract,AI,"REASONING: The abstract discusses the application of artificial intelligence (AI) in pathology practice, specifically in analyzing and interpreting tissue and cellular imaging data. It outlines the main categories and concepts of AI, describes its workflow, and highlights its utilization in head and neck pathology. However, it does not delve into specific technical methods such as machine learning or deep learning algorithms.

CATEGORY: AI",3.48,,False,2026-08-09T19:10:28
109,llama3.1:8b,V2.1,abstract,DL,"**Step 1: Identify the technical methods described in the text**

The paper describes a hybrid deep learning framework that integrates Convolutional Neural Networks (CNN) and Recurrent Neural Networks (RNN), enhanced by Genetic Algorithm (GA)-based hyperparameter optimization. Additionally, Binary Particle Swarm Optimization (BPSO) is employed for feature selection, and several baseline regression models are compared, including Gradient Boosting Regressor (GBR), Extra Trees Regressor (ETR), Decision Tree Regressor (DTR), K-Nearest Neighbors Regressor (KNNR), and Dummy Regressor (DR).

**Step 2: Determine which method represents the paper's primary contribution**

The paper's primary contribution is the development of an optimized hybrid deep learning framework that integrates CNN and RNN, enhanced by GA-based hyperparameter optimization. This framework is shown to outperform several baseline regression models and alternative metaheuristic optimizers.

**Step 3: Assign the most specific applicable category**

REASONING: The paper's primary contribution is a neural network architecture (CNN-RNN) that is optimized using a machine learning technique (GA-based hyperparameter optimization). This makes it a deep learning approach, as it involves neural networks.
CATEGORY: DL",10.6,,False,2026-08-09T19:10:38
110,llama3.1:8b,V2.1,abstract,,"REASONING: The abstract describes a framework called Vitabel that provides tools for post-hoc loading, visualizing, aligning, and annotating medical time series data. While AI and ML are mentioned as relevant to the field of critical care, the primary contribution of the paper is not a new AI or ML method, but rather a software tool for working with medical data.

CATEGORY: None",3.61,,True,2026-08-09T19:10:42
111,llama3.1:8b,V2.1,abstract,ML,"REASONING: 
1. The technical methods described in the text include natural language processing, reinforcement learning, machine learning algorithms (neural networks, random forests, support vector machines, decision tree models), smartphone applications, clinical workflow systems, Internet of Things (IoT) enabled devices, and chatbots.
2. The primary contribution of this paper is a scoping review that analyzes the available literature on AI-based approaches to improve medication adherence in patients with CVD, rather than introducing new methods or techniques.
3. Since the core method is not a neural network but rather a review of various AI-based approaches, and considering that machine learning algorithms are mentioned as part of these approaches, the most specific applicable category would be ML.

CATEGORY: ML",6.67,,False,2026-08-09T19:10:48
112,llama3.1:8b,V2.1,abstract,DL,"REASONING: 
The abstract describes a specific technical method using neural networks (MobileNetV2-SE-based deep learning features) for image classification and feature extraction from MRI data. This is the primary contribution of the paper, as it presents a novel application of deep learning in medical imaging.

CATEGORY: DL",3.33,,False,2026-08-09T19:10:52
113,llama3.1:8b,V2.1,abstract,DL,"REASONING: The abstract discusses the challenges of training deep neural networks using standard gradient descent and random initialization, and proposes a new initialization scheme to improve convergence. The technical methods described include analyzing the influence of non-linear activation functions, studying the behavior of saturated units, and examining the variation of activations and gradients across layers.

CATEGORY: DL",3.24,,False,2026-08-09T19:10:55
114,llama3.1:8b,V2.1,abstract,DL,"REASONING: 
1. The technical methods described in the text include ultrasound scanning protocol, intra-class correlation coefficients (ICCs), and machine learning models, specifically convolutional neural networks (CNN). 
2. The primary contribution of this paper is to assess the feasibility and reliability of an ultrasound scanning protocol for measuring body composition in infants and to develop AI-enabled analysis using ML models.
3. Since the core method involves developing and evaluating ML models, particularly CNNs, which are a type of deep learning architecture, the most specific applicable category is DL.

CATEGORY: DL",5.46,,False,2026-08-09T19:11:00
115,llama3.1:8b,V2.1,abstract,,"REASONING: There are no technical methods described in the text, only a correction to an author's name due to a typesetting error.
CATEGORY: None",1.79,,False,2026-08-09T19:11:02
116,llama3.1:8b,V2.1,abstract,DL,"REASONING: 
1. The technical methods described in the text include traditional machine learning algorithms (k nearest neighbours, multinomial naïve Bayes, random forest), support vector machines, logistic regression, and transformer-based architectures (AraBERTv2, CAMeL Lab BERT, XLM-RoBERTa). Additionally, AI-assisted annotation using Chat Generative Pre-Trained Transformer versions 3.5 and 4 is mentioned.
2. The primary contribution of the paper appears to be the evaluation of the impact of annotation quality on Arabic sentiment analysis performance, comparing traditional machine learning algorithms with transformer-based architectures, and proposing a balanced human–artificial intelligence annotation paradigm.
3. Given that the core method involves neural network architectures (transformer-based), and the primary contribution is related to deep learning techniques, the most specific applicable category is DL.

CATEGORY: DL",7.21,,False,2026-08-09T19:11:09
117,llama3.1:8b,V2.1,abstract,AI,"REASONING: 
1. The technical methods described in the text include artificial neural networks (ANNs), ensemble learning, active learning loops, machine learning predictions, finite element simulations, and electrodeposition.
2. The primary contribution of the paper is the development of an integrated workflow that combines robot-automated experimentation, machine learning predictions, and finite element simulations to enable predictive design of stretchable electrodes.
3. Although the paper involves machine learning predictions and neural networks, the core focus is on the application of these methods in a specific domain (stretchable electronics) rather than the development of new ML or DL techniques.

CATEGORY: AI",5.69,,False,2026-08-09T19:11:15
118,llama3.1:8b,V2.1,abstract,DL,"REASONING: 
1. The technical methods described in the text are synthetic data generation using statistical, probabilistic, and Machine Learning (ML) based tabular data generation methods, specifically SMOTE and its variants.
2. The primary contribution of this paper is the exploration and analysis of synthetic data generation methods for addressing data shortcomings in AI algorithms, particularly focusing on ML-based approaches.
3. Since the core method described is a Machine Learning (ML) approach to address data limitations in AI, and it involves neural network-like techniques such as SMOTE and its variants, we can classify this paper under DL even though it's also ML and AI.

CATEGORY: DL",5.71,,False,2026-08-09T19:11:21
119,llama3.1:8b,V2.1,abstract,DL,"REASONING: The abstract describes a multimodal AI system that uses convolutional neural networks (CNNs) and other advanced classification strategies to detect digital manipulation in documents. The primary contribution of the paper is the development of DMDNet, which integrates multiple methods to address the detection of fusion challenges from four potential attacks simultaneously.

CATEGORY: DL",3.78,,False,2026-08-09T19:11:25
120,llama3.1:8b,V2.1,abstract,ML,"REASONING: 
1. The technical methods described in the text include feature importance, machine learning models (not specified which type), Long Short Term Memory (LSTM), SHapley Additive exPlanations (SHAP) values, Random Forest permutation importance, Histogram Gradient Boosting Regression (HGBR), artificial neural networks (ANNs), and recurrent models such as Gated Recurrent Unit (GRU).
2. The primary contribution of the paper is the proposed Accurate Surgical Time Prediction (ASTP) framework, which combines multiple methods to achieve accurate timing prediction.
3. The ASTP framework primarily uses machine learning techniques, but it also employs neural networks in its second layer.

CATEGORY: ML",6.07,,False,2026-08-09T19:11:31
121,llama3.1:8b,V2.1,abstract,ML,"REASONING: 
1. The technical methods described in the text include Raman spectroscopy, machine learning-assisted spectral generation methods (such as GANs and Auto-encoders), DFT (Density Functional Theory) and TD-DFT (Time-Dependent Density Functional Theory) simulations, and other mathematical approaches for signal optimisation, safety analysis, and probe design.
2. The primary contribution of the paper is a critical review and evaluation of existing mathematical and machine learning-assisted spectral generation methods, rather than proposing new methodologies or techniques.
3. Although the paper discusses neural network architectures (GANs), it focuses on their application in Raman spectroscopy and does not present novel deep learning techniques.

CATEGORY: ML",6.12,,False,2026-08-09T19:11:37
122,llama3.1:8b,V2.1,abstract,DL,"**Step 1: Identify the technical methods described in the text**

The paper describes several machine learning techniques used for sentiment analysis of ChatGPT-related educational discourse:

* Naive Bayes model with TF-IDF vectorization (classical machine learning)
* Long Short-Term Memory (LSTM) and Bidirectional LSTM (Bi-LSTM) models with Word2Vec embeddings (deep learning)
* Fine-tuned DistilBERT model (transformer-based)

**Step 2: Determine which method represents the paper's primary contribution**

The paper's primary contribution is a comparative evaluation of different machine learning approaches for sentiment analysis, and it identifies the fine-tuned DistilBERT model as the best-performing approach. The development of an explainable web application using LIME-based explainability is also a key aspect of the paper.

**Step 3: Assign the most specific applicable category**

The paper's primary contribution is a comparison of different machine learning approaches, and it specifically uses transformer-based models (fine-tuned DistilBERT) as its best-performing approach. Therefore, the most specific applicable category is:

CATEGORY: DL",9.26,,True,2026-08-09T19:11:46
123,llama3.1:8b,V2.1,abstract,DL,"REASONING: The abstract describes an AI-based decision support approach that uses a multilayer perceptron (a type of neural network) to improve the development and production of upper limb exoskeletons. This approach involves classification, design, and cost estimation tasks, which are facilitated by the use of artificial intelligence techniques.

CATEGORY: DL",3.29,,False,2026-08-09T19:11:49
124,llama3.1:8b,V2.1,abstract,DL,"REASONING: The technical methods described in the text are neural network architectures, specifically transformers, which are used for language representation modeling. The paper's primary contribution is a new pretraining method that uses bidirectional representations from transformers, allowing for state-of-the-art results on various natural language processing tasks.

CATEGORY: DL",3.18,,False,2026-08-09T19:11:53
125,llama3.1:8b,V2.1,abstract,DL,"**Step 1: Identify the technical methods described in the text**

The paper describes the following technical methods:

* Convolutional Neural Networks (CNNs)
* Time–frequency analysis via the Wigner–Ville Distribution (WVD)
* Artificial Neural Networks (ANNs)
* Deep Neural Networks (DNNs)
* Gradient Boosting Machines (GBM)
* Random Forests (RF)
* Support Vector Machines (SVM)
* k-Nearest Neighbors (kNN)

**Step 2: Determine which method represents the paper's primary contribution**

The paper's primary contribution is the novel AI framework that combines CNNs with time–frequency analysis via WVD for fault detection and diagnosis in PV systems. The framework is the core innovation, and the comparison with other machine learning baselines is used to demonstrate its effectiveness.

**Step 3: Assign the most specific applicable category**

The paper's primary contribution is a deep learning method (CNNs) that is combined with time–frequency analysis via WVD. Therefore, the most specific applicable category is:

CATEGORY: DL",9.07,,False,2026-08-09T19:12:02
126,llama3.1:8b,V2.1,abstract,DL,"REASONING: The abstract describes various technical methods used in Alzheimer's disease diagnosis and prediction, including deep learning (CNNs), multimodal data integration, federated learning, and explainable AI. The primary contribution of the paper appears to be the application of these AI/ML techniques for AD risk assessment and prevention.

CATEGORY: DL",3.68,,False,2026-08-09T19:12:05
127,llama3.1:8b,V2.1,abstract,ML,"**Step 1: Identify the technical methods described in the text**

The paper describes the use of five supervised machine learning algorithms:

* Random Forest (RF)
* Support Vector Machine (SVM)
* Decision Tree (DT)
* Naive Bayes (NB)
* CatBoost
Additionally, the paper mentions the use of:
* Stratified 10-fold cross-validation
* Synthetic Minority Over-sampling Technique (SMOTE) for class-imbalance adjustment
* SHapley Additive Explanations (SHAP) values for feature importance analysis

**Step 2: Determine which method represents the paper's primary contribution**

The paper aims to develop and compare multiple machine learning algorithms for IDA prediction, with a focus on identifying the most effective model. The results show that CatBoost achieves the highest performance in both training and testing sets, making it the primary contribution of the paper.

**Step 3: Assign the most specific applicable category**

REASONING: The paper focuses on developing and comparing machine learning algorithms for IDA prediction, with a specific emphasis on the use of CatBoost. While the paper mentions explainable artificial intelligence (AI) and its potential benefits, the primary contribution is in the development and comparison of ML models.

CATEGORY: ML",10.24,,False,2026-08-09T19:12:16
128,llama3.1:8b,V2.1,abstract,ML,"REASONING: The abstract discusses the application of artificial intelligence (AI) in precision immunotherapy, specifically highlighting various methods such as biomarker discovery, prediction of immune checkpoint inhibitor response, neoantigen prioritization, and multimodal models combining multi-omics, medical imaging, and clinical variables. These methods are primarily focused on machine learning techniques, with a focus on improving patient stratification, non-invasive response assessment, and precision management in oncology and autoimmune diseases.

CATEGORY: ML",4.73,,False,2026-08-09T19:12:20
129,llama3.1:8b,V2.1,abstract,DL,"REASONING: 
1. The technical methods described in the text include ensemble-based machine learning (specifically Light Gradient Boosting Machine, eXtreme Gradient Boosting Machine, and Random Forest), Synthetic Minority Oversampling Technique enhanced stratified cross-validation, SHapley Additive exPlanations, Local Interpretable Model-Agnostic Explanations, and incremental LightGBM model for online learning.
2. The primary contribution of the paper is a robust ensemble-based machine learning framework for proactive detection of Android ransomware using network traffic metadata, which integrates various advanced classifiers and explainable AI methods to enhance interpretability and analyst trust.
3. Given that the core method involves neural networks (LightGBM) and ensemble-based machine learning, but also includes symbolic reasoning and expert systems aspects through SHapley Additive exPlanations and Local Interpretable Model-Agnostic Explanations, the most specific applicable category is DL.

CATEGORY: DL",7.85,,False,2026-08-09T19:12:28
130,llama3.1:8b,V2.1,abstract,,"REASONING: The abstract discusses the application of AI-driven diagnostic systems, robotic microscopy, and other emerging digital technologies in parasitology diagnostics. The primary contribution of the paper is not a new technical method, but rather an evaluation of recent advances and technological opportunities in this field.

CATEGORY: None",3.29,,False,2026-08-09T19:12:31
131,llama3.1:8b,V2.1,abstract,DL,"REASONING: 
1. The technical methods described in the text are artificial neural networks (ANN), genetic algorithm (GA), particle swarm optimization (PSO), Levenberg–Marquardt (LM) algorithm, and statistical indices for model performance assessment.
2. The primary contribution of this paper is the development of three hybrid predictive models that integrate optimization algorithms with ANN to predict crack healing percentage in self-healing concrete.
3. Since the core method is a neural network, even though it's also ML and AI, we classify as DL.

CATEGORY: DL",4.84,,False,2026-08-09T19:12:36
132,llama3.1:8b,V2.1,abstract,ML,"REASONING: 
1. The technical methods described in the text include phantom training, VR-haptic simulator training, machine learning (specifically Naive Bayes, decision tree, random forest, and support vector machines), and Shapley additive explanations (SHAP).
2. The primary contribution of the paper is to investigate the impact of adjunct VR-haptic simulator practice on undergraduate dental education and to explore whether machine-learning models can predict faculty-assigned letter grades.
3. Since the core method used in this study is a machine learning approach, specifically using neural networks is not mentioned, but rather classical machine learning methods (Naive Bayes, decision tree, random forest, and support vector machines), classify as ML even though it is also AI.

CATEGORY: ML",6.45,,False,2026-08-09T19:12:43
133,llama3.1:8b,V2.1,abstract,ML,"REASONING: 
1. The technical methods described in the text are primarily computer vision and machine learning, which are used to enhance PPE training through real-time feedback, virtual simulation, and compliance monitoring.
2. The primary contribution of the paper is the scoping review of AI-assisted PPE donning and doffing training, specifically highlighting the effectiveness of AI technologies in improving operational accuracy and potentially reducing clinical infection rates.
3. Since the core method involves machine learning techniques integrated into systems for real-time feedback and virtual simulation, the most specific applicable category is ML.

CATEGORY: ML",5.37,,False,2026-08-09T19:12:48
134,llama3.1:8b,V2.1,abstract,ML,"REASONING: The abstract discusses the application of AI methods in orthopedic practice, specifically highlighting machine learning for risk prediction, deep learning for imaging analysis, and large language models for workflow support. While multiple methods are mentioned, the primary contribution of the paper is to discuss the challenges and future directions of implementing AI in orthopedics.

CATEGORY: ML",3.37,,False,2026-08-09T19:12:51
135,llama3.1:8b,V2.1,abstract,ML,"REASONING: The abstract describes the use of machine learning techniques (LASSO regression, SHAP analysis, XGBoost, LightGBM, CatBoost) to analyze survey data and identify predictors of intention to use antimicrobials appropriately among clinicians. The primary contribution of the paper is the integration of behavioural theory with explainable machine learning to develop a scalable approach for identifying clinicians at risk of non-guideline-concordant prescribing.

CATEGORY: ML",4.08,,False,2026-08-09T19:12:56
136,llama3.1:8b,V2.1,abstract,AI,"REASONING: The abstract discusses the application of artificial intelligence (AI) in guiding personalized nano-enhanced stem cell therapies, specifically highlighting machine learning (ML) and deep learning (DL) techniques. However, the primary contribution is not a new ML or DL method, but rather a framework for integrating AI across the entire therapy process.

CATEGORY: AI",3.74,,False,2026-08-09T19:12:59
137,llama3.1:8b,V2.1,abstract,ML,"REASONING: The abstract describes the application of machine learning models to predict three-year survival after diagnosis for different cancer types using XGBoost and LightGBM algorithms. The primary contribution of the paper is the development and evaluation of these specific machine learning models for cross-prediction in cancer research.

CATEGORY: ML",3.05,,False,2026-08-09T19:13:02
138,llama3.1:8b,V2.1,abstract,ML,"REASONING: The abstract describes the application of multiple machine learning algorithms to a synthetic dataset for predictive maintenance in infrastructure management. The primary contribution is the comparative analysis of these algorithms and their performance on this specific task.

CATEGORY: ML",2.47,,False,2026-08-09T19:13:05
139,llama3.1:8b,V2.1,missing,NO_INPUT,,0.0,no abstract available (no fallback columns in this sheet),False,2026-08-09T19:13:05
140,llama3.1:8b,V2.1,abstract,ML,"REASONING:
The abstract describes the use of large language models (LLMs) to automate annotation efforts in regulatory documents related to medical devices. The primary contribution of the paper is the validation study of LLMs for scaling data analyses in this field, and it presents three applications where LLMs can be used.

CATEGORY: ML",3.18,,False,2026-08-09T19:13:08
141,llama3.1:8b,V2.1,abstract,ML,"REASONING: The abstract discusses the application of Automated Machine Learning (AutoML) in oral healthcare, specifically its performance on various tasks such as classification and image analysis. AutoML is a machine learning technique that automates key stages of model development, including algorithm selection and hyperparameter optimization.

CATEGORY: ML",3.33,,False,2026-08-09T19:13:11
142,llama3.1:8b,V2.1,abstract,DL,"REASONING: The abstract describes a machine learning-based framework for predicting the residual flexural strength of fiber-reinforced ultra-high-performance concrete after exposure to fire. The primary contribution is the development of a novel hybrid neural/tree fusion architecture called AegisFusion, which achieves superior accuracy and calibrated uncertainty in predicting RFS.

CATEGORY: DL",3.33,,False,2026-08-09T19:13:15
143,llama3.1:8b,V2.1,abstract,DL,"REASONING: The abstract describes a specific technique called ""dropout"" for addressing overfitting in deep neural networks. This technique is based on the idea of randomly dropping units from the network during training to prevent co-adaptation and reduce overfitting.

CATEGORY: DL",2.72,,False,2026-08-09T19:13:17
144,llama3.1:8b,V2.1,abstract,ML,"REASONING: 
1. The technical methods described in the text include ensemble-based machine learning models (Random Forest, LightGBM, XGBoost), K-Nearest Neighbors, Logistic Regression, federated learning, SHapley Additive exPlanations (SHAP), Local Interpretable Model-agnostic Explanations (LIME), and Partial Dependence Plots (PDP).
2. The primary contribution of the paper is a hybrid framework that integrates federated learning with ensemble-based machine learning models and explainable AI techniques for sepsis mortality prediction.
3. Although the paper involves neural networks indirectly through SHAP, LIME, and PDP, which are not explicitly mentioned as being used in this context, the primary contribution is not a deep learning method but rather an application of classical machine learning methods with additional focus on explainability.

CATEGORY: ML",7.2,,False,2026-08-09T19:13:25
145,llama3.1:8b,V2.1,abstract,ML,"REASONING: 
1. The technical methods described in the text include machine learning (ML) and deep learning (DL) approaches, specifically neural networks, for lesion segmentation and functional outcome forecasting.
2. The primary contribution of this paper is to synthesize evidence on AI applications in AIS care, with a focus on clinical translation and relevance for diverse healthcare settings.
3. Although both ML and DL are mentioned, the emphasis is on their application in specific medical tasks (lesion segmentation and outcome prediction), which suggests that the most specific category should be assigned based on the primary contribution.

CATEGORY: ML",5.22,,False,2026-08-09T19:13:30
146,llama3.1:8b,V2.1,abstract,DL,"REASONING: 
1. The technical methods described in the text include sentiment analysis, TF-IDF text vectorization, predictive modelling using various machine learning algorithms (Logistic Regression, Random Forest, XGBoost, Neural Networks), Structural Equation Modelling (SEM), and ensemble ML models.
2. The paper's primary contribution is the hybrid SEM-ML framework that jointly predicts consumer purchase intentions, which outperforms linear classifiers and provides both predictive accuracy and theoretical rigor.
3. Given that the core method involves neural networks, despite also employing other machine learning techniques, the most specific applicable category is Deep Learning.

CATEGORY: DL",5.55,,False,2026-08-09T19:13:35
147,llama3.1:8b,V2.1,abstract,DL,"REASONING: 
1. The technical methods described in the text are Graph Convolutional Networks, Variational Autoencoders, Uncertainty Aware Adaptive Multi-Objective Optimization-based Reinforcement Learning (UAAMOO-RL), and a combination of these methods.
2. The primary contribution of the paper is the novel hybrid computational framework that integrates multiple AI/ML/DL techniques to address challenges in drug discovery.
3. Since the core method involves neural networks, specifically Graph Convolutional Networks and Variational Autoencoders, and the primary contribution is a deep learning-based approach, the most specific applicable category is DL.

CATEGORY: DL",5.85,,False,2026-08-09T19:13:41
148,llama3.1:8b,V2.1,abstract,ML,"REASONING: The technical methods described in the text are bagging predictors, bootstrap replicates, classification and regression trees, subset selection in linear regression, and plurality voting. The primary contribution of the paper is the method of bagging predictors, which aggregates multiple versions of a predictor to improve accuracy.

CATEGORY: ML",2.98,,False,2026-08-09T19:13:44
149,llama3.1:8b,V2.1,abstract,ML,"REASONING: The abstract discusses the application of artificial intelligence (AI) and machine learning (ML) models in retinal vascular diseases, specifically focusing on multimodal approaches that integrate diverse imaging modalities and clinical data for diagnosis and prognosis. While neural networks are not explicitly mentioned, the use of AI and ML implies a reliance on these techniques.

CATEGORY: ML",3.5,,False,2026-08-09T19:13:48
150,llama3.1:8b,V2.1,abstract,ML,"REASONING: 
1. The technical methods described in the text are a Bayesian Network framework with a Tree-Augmented Naive Bayes (TAN) structure, which is a type of machine learning model.
2. The primary contribution of this paper appears to be the development and application of a data-driven Bayesian Network framework for analyzing and predicting ship collision accidents on a global scale.
3. Since the core method described in the text is a specific type of machine learning model (Bayesian Network with TAN structure), it falls under the category of Machine Learning.

CATEGORY: ML",5.37,,False,2026-08-09T19:13:53
151,llama3.1:8b,V2.1,abstract,Unclear,"**Step 1: Identify the technical methods described in the text**

The abstract describes a wide range of technical methods, including machine learning (ML) techniques such as supervised/unsupervised learning, tree-based methods, SVMs, clustering, and feature engineering; deep learning (DL) techniques such as neural networks (CNNs, RNNs, transformers), deep reinforcement learning; and other AI-related approaches like symbolic reasoning, expert systems, and homomorphic encryption.

**Step 2: Determine which method represents the paper's primary contribution**

Upon reviewing the abstract, it appears that multiple papers focus on machine learning and deep learning techniques. However, some papers also explore applications of these methods in various domains, such as healthcare, education, and cybersecurity. It is difficult to identify a single primary contribution without further information.

**Step 3: Assign the most specific applicable category**

Given the diversity of topics and methods described, it is challenging to assign a single category that applies to all papers. However, since many papers explicitly mention machine learning or deep learning techniques as their core method, I will focus on these categories.

REASONING: The abstract describes a wide range of technical methods, including machine learning (ML) and deep learning (DL) techniques, but it is challenging to identify a single primary contribution without further information. Many papers focus on ML and DL applications in various domains.

CATEGORY: Unclear",11.23,,False,2026-08-09T19:14:04
152,llama3.1:8b,V2.1,abstract,DL,"REASONING: 
1. The technical methods described in the text are a combination of portable GC-MS and machine learning algorithms.
2. The primary contribution of the paper is the development of a screening model that uses machine learning to enhance the specificity and sensitivity of breath biomarkers for detecting viral respiratory infections.
3. Since the core method used is machine learning, but specifically applied in a medical context with neural network-like characteristics (GC-MS), it's more specific than just ML.

CATEGORY: DL",4.59,,False,2026-08-09T19:14:09
153,llama3.1:8b,V2.1,abstract,DL,"REASONING: 
1. The technical methods described in the text include anomaly detection, behavioral analytics, auto-encoders, Isolation Forests classifiers, supervised and unsupervised learning techniques, and Explainable AI (XAI) methods.
2. The primary contribution of this paper is a hybrid model that combines anomaly detection and behavioral analytics to detect insider threats, which uses both supervised and unsupervised machine learning techniques.
3. Since the core method involves neural networks (auto-encoders), but also includes other ML techniques like Isolation Forests classifiers, the most specific applicable category is DL.

CATEGORY: DL",5.28,,False,2026-08-09T19:14:14
154,llama3.1:8b,V2.1,abstract,AI,"REASONING: The abstract discusses the application of artificial intelligence (AI) in wildfire management, specifically highlighting machine learning-driven methods for prediction, risk assessment, and behavior modeling. However, it also mentions geospatial and climatic analysis using remote sensing and prediction, which is not a specific AI or ML method but rather a broader field that may involve AI/ML techniques.

CATEGORY: AI",3.82,,False,2026-08-09T19:14:18
155,llama3.1:8b,V2.1,abstract,ML,"REASONING: 
1. The technical methods described in the text include synthesizing competencies from existing frameworks, analyzing and mapping AI competencies to subtopics of the HDLF, and aligning the resulting AIEDF with Bloom's taxonomy.
2. The primary contribution of this paper is the development of an AI-enriched digital Educational Framework (AIEDF) that incorporates essential AI competencies for middle-school students.
3. Since the core method involves developing a neural network-based approach to machine learning (Machine Learning Basics), and the paper's primary contribution is in education, not directly in ML or DL techniques.

CATEGORY: ML",5.38,,False,2026-08-09T19:14:23
156,llama3.1:8b,V2.1,missing,NO_INPUT,,0.0,no abstract available (no fallback columns in this sheet),False,2026-08-09T19:14:23
157,llama3.1:8b,V2.1,abstract,ML,"REASONING: 
1. The technical methods described in the text include multimodal data integration, AI-driven fusion approaches, data harmonization and preprocessing techniques (e.g., fMRI, sMRI, PET, EEG, genomic modalities), fusion strategies (data-level, feature-level, decision-level, temporal paradigms), and explainable AI (XAI) techniques. 
2. The primary contribution of the paper is a systematic review that synthesizes recent advances in AI-driven multimodal fusion approaches for AD prediction, with a focus on the intersection of multimodality and explainability.
3. Since the core method involves neural network architectures (implied by ""AI-driven"" and ""explainable AI"" techniques), but also includes classical machine learning concepts (e.g., data harmonization, preprocessing, feature-level fusion) and is not primarily focused on developing a new neural network architecture, I will classify it as ML.

CATEGORY: ML",7.68,,False,2026-08-09T19:14:31
158,llama3.1:8b,V2.1,abstract,ML,"REASONING: 
1. The technical methods described in the text include machine learning (ML) approaches, artificial intelligence (AI) strategies, and multi-omics and systems biology tools.
2. The paper's primary contribution is the review of ML applications across the microalgal bioprocess value chain, particularly in improving resource-use efficiency and nutrient recovery in microalgae production systems.
3. Although AI is mentioned as a broader category, the specific focus on machine learning (ML) approaches makes DL less applicable.

CATEGORY: ML",4.85,,False,2026-08-09T19:14:36
159,llama3.1:8b,V2.1,abstract,DL,"REASONING: 
1. The technical methods described in the text are Machine Learning (ML) algorithms such as Random Forest (RF), Gradient Boosting Machine (GBM), Artificial Neural Network (ANN), Support Vector Machine (SVM), and grid search with five-fold cross-validation.
2. The primary contribution of the paper is the development and optimization of these ML models for palm health classification and data-driven irrigation management, specifically highlighting the Random Forest model's high accuracy.
3. Since the core method is a neural network (ANN) and the primary contribution involves machine learning techniques, the most specific applicable category is DL.

CATEGORY: DL",5.45,,False,2026-08-09T19:14:41
160,llama3.1:8b,V2.1,abstract,DL,"REASONING: 
1. The technical methods described in the text include Large Language Models (LLM) and a hybrid framework that integrates structural stylometry, probabilistic surprisal via perplexity, topical-aware semantic contrast, and multi-model stacking ensemble.
2. The primary contribution of this paper is the introduction of a hybrid framework for detecting synthetic Spanish text, which combines multiple analytical dimensions to identify subtle synthetic fingerprints in language models.
3. Given that the core method involves neural network architectures (specifically, the use of LLMs and multi-model stacking ensemble), and the primary contribution is a novel approach to combining different learning architectures, the most specific applicable category is Deep Learning.

CATEGORY: DL",6.29,,False,2026-08-09T19:14:48
161,llama3.1:8b,V2.1,abstract,ML,"REASONING: The abstract discusses the application of artificial intelligence and machine learning frameworks in optimizing electrochemical devices such as electrolyzers and fuel cells. It highlights the use of surrogate models, prognostic health management, adaptive control strategies, and physics-informed neural networks (PINNs) to improve performance prediction and operational efficiency.

CATEGORY: ML",3.18,,False,2026-08-09T19:14:51
162,llama3.1:8b,V2.1,abstract,DL,"REASONING: 
1. The technical methods described in the text include computational fluid dynamics (CFD), bio-inspired riblets, active plasma control using alternating current dielectric barrier discharge (AC-DBD) devices, and machine learning algorithms using artificial neural networks with scaled conjugate gradient learning algorithm and support vector machine regressions.
2. The primary contribution of the paper is the development of a hybrid computational and AI approach for aerodynamic performance enhancement of an airfoil, which involves combining CFD simulations with machine learning predictions to optimize flow control strategies.
3. Since the core method involves neural networks, I will classify it as DL even though it is also ML and AI.

CATEGORY: DL",5.78,,False,2026-08-09T19:14:57
163,llama3.1:8b,V2.1,abstract,DL,"REASONING: 
1. The technical methods described in the text include machine learning applications for guiding exploration within complex design spaces, such as data-driven screening and optimization, physics-aware surrogates, pathway-based or sequential learning, and feature design.
2. The paper's primary contribution is not a specific method but rather an organization of machine learning applications into three levels (macroscopic compositional design, microscopic electronic and structural responses, and dynamic or time-dependent processes) and the extraction of transferable principles from these cases.
3. Given that the core methods described are machine learning techniques, including physics-aware surrogates and pathway-based or sequential learning, which are subsets of neural network architectures, but not explicitly mentioned as such, we can infer that the primary contribution is a specific application of deep learning.

CATEGORY: DL",6.66,,False,2026-08-09T19:15:03
164,llama3.1:8b,V2.1,abstract,DL,"REASONING: 
1. The technical methods described in the text are convolutional neural networks (CNNs), regression models, and numerical simulations.
2. The primary contribution of the paper appears to be the development and application of a CNN regression model for noise prediction, which represents an improvement over existing machine learning models.
3. Although the paper mentions artificial intelligence technologies and classical machine learning models, the core method described is a neural network architecture.

CATEGORY: DL",4.03,,False,2026-08-09T19:15:07
165,llama3.1:8b,V2.1,abstract,ML,"REASONING: 
The abstract describes an approach that combines machine learning and graph analysis for diagnosing dementia, with specific technical methods including descriptive probability density function (PDF) analysis, feature ranking using Random Forest importance, Chi-Square statistics, and Boruta ranking, as well as a comprehensive evaluation of ten machine learning models. The primary contribution of the study is to identify important patterns and diagnostic markers for dementia using these methods.

CATEGORY: ML",4.31,,False,2026-08-09T19:15:12
166,llama3.1:8b,V2.1,abstract,DL,"REASONING: 
1. The technical methods described in the text include machine learning (ML)-based models such as bagged tree, regularised discriminant analysis (RDA), logistic regression (LR), multivariate adaptive regression splines (MARS), artificial neural network (ANN), random forest (RF), support vector machine (SVM), and extreme gradient boosting (XGBoost). 
2. The primary contribution of the paper is the development of a ML-based screening model to assess the risk of depression among the elderly population, with the bagged tree model performing best in terms of F2 score and sensitivity.
3. Since the core method used is a machine learning technique (bagged tree), and it's also mentioned that it's an ML-based screening model, I will classify it as DL even though it is also ML and AI.

CATEGORY: DL",7.34,,False,2026-08-09T19:15:19
167,llama3.1:8b,V2.1,abstract,,"REASONING: The abstract discusses the application of AI in plastic and reconstructive surgery, highlighting various methods such as machine learning algorithms for image analysis, AI-driven virtual assistants, and large language models integrated into clinical decision making. While these methods are rooted in ML/DL techniques, the primary focus is on their practical applications in a specific field rather than the technical development or comparison of these methods.

CATEGORY: None",3.78,,False,2026-08-09T19:15:23
168,llama3.1:8b,V2.1,abstract,ML,"REASONING: 
1. The technical methods described in the text are double machine learning (DML) with random forest regression as the DML learner.
2. The primary contribution of the paper is to investigate the relationship mechanism between government-level AI policies and corporate supply chain resilience using a specific machine learning method, rather than developing or comparing multiple methods.
3. Since the core method used in this study is a type of classical machine learning (specifically, double machine learning with random forest regression), it falls under the category of ML.

CATEGORY: ML",4.82,,False,2026-08-09T19:15:28
169,llama3.1:8b,V2.1,abstract,ML,"REASONING: The abstract discusses the application of artificial intelligence (AI) in conjunction with wastewater-based epidemiology (WBE) for real-time disease detection. The primary technical methods mentioned are AI-driven models that support pattern recognition, predict temporal trends, and detect anomalies from wastewater data. These methods are not explicitly described as neural networks or other deep learning techniques.

CATEGORY: ML",3.48,,False,2026-08-09T19:15:31
170,llama3.1:8b,V2.1,abstract,DL,"REASONING: 
1. The technical methods described in the text include Large Language Models, Artificial Intelligence, Machine Learning (ML) algorithms, Deep Learning (DL) algorithms, transformers-based architecture (RoBERTa-Large), self-attention mechanism, Term Frequency-Inverse Document Frequency (TF-IDF), Part of speech tagging (PoS), n-gram representations, word2Vec, FastText, Sentence Embeddings, and Explainable AI (XAI) methods like LIME and SHAP.
2. The primary contribution of the paper is the introduction of RoBERTa-Large, a transformers-based architecture for clickbait news headline detection, which outperforms existing ML and DL approaches.
3. Since the core method described in the paper is a neural network (RoBERTa-Large), it should be classified as Deep Learning (DL) even though it also involves Machine Learning (ML) and Artificial Intelligence (AI).

CATEGORY: DL",7.72,,False,2026-08-09T19:15:39
171,llama3.1:8b,V2.1,abstract,AI,"REASONING: 
1. The technical methods described in the text are bibliometric analysis and SCOPUS data analysis.
2. The primary contribution of the paper is mapping knowledge trends and research patterns related to AI and ML in sustainable development strategies, using bibliometric analysis as a method.
3. Since the core method used is bibliometric analysis, which is not specific to any particular AI/ML/DL technique, but rather a general approach for analyzing data, I will assign the most specific applicable category.

CATEGORY: AI",4.7,,False,2026-08-09T19:15:44
172,llama3.1:8b,V2.1,abstract,DL,"REASONING: 
1. The technical methods described in the text include machine learning architectures (interpretable and sustainable), feature engineering (composite features derived from clinical and behavioral data), class imbalance techniques (Synthetic Minority Oversampling Technique), a new strengthened Grey Relational Grade index, Shapley Additive Explanations, and comparison of seven mainstream classifiers including Deep Neural Networks.
2. The primary contribution of the paper is the development of an interpretable and sustainable machine learning architecture for early diagnosis of Alzheimer’s disease, which combines enhanced Grey Relational Grade metrics with robust machine learning and deep learning models.
3. Although the paper uses a combination of machine learning and deep learning techniques, the core method described in the text is a neural network (Deep Neural Networks), which makes it most specific to classify as DL.

CATEGORY: DL",6.88,,False,2026-08-09T19:15:50
173,llama3.1:8b,V2.1,abstract,ML,"REASONING: The abstract discusses Federated Learning (FL) and Explainable Artificial Intelligence (XAI), specifically their intersection in the FedXAI paradigm. The paper reviews existing methods and approaches to embed explainability into the FL lifecycle, including model-agnostic explanations, interpretable-by-design federated models, and explainability-aware aggregation mechanisms.

CATEGORY: ML",3.51,,False,2026-08-09T19:15:54
174,llama3.1:8b,V2.1,abstract,ML,"**Step 1: Identify the technical methods described in the text**

The paper describes a novel machine learning framework that integrates multiple techniques for fairness-aware prediction of antenatal care uptake among women in Ghana. The technical methods mentioned include:

* Multiple imputation by chained equations (MICE)
* Categorical encoding
* Synthetic minority oversampling (SMOTE)
* Four supervised models: logistic regression, random forest, XGBoost, support vector machine
* Stratified 5-fold nested cross-validation with cost-sensitive threshold optimization
* Explainability techniques: SHAP and counterfactual explanations (DiCE)
* Fairness auditing using AIF360 metrics: statistical parity difference, disparate impact, equal opportunity difference, average odds difference, theil index
* Preprocessing mitigation using reweighing
* Causal inference using double machine learning framework with causal forests

**Step 2: Determine which method represents the paper's primary contribution**

The paper presents a novel, fairness-aware machine learning framework that integrates multiple techniques for predicting antenatal care uptake among women in Ghana. The primary contribution of the paper is the development and application of this integrated framework, rather than any single technical method.

**Step 3: Assign the most specific applicable category**

Based on the description of the paper's core method as a machine learning framework that integrates multiple techniques for fairness-aware prediction, I would assign the category:

CATEGORY: ML",11.82,,False,2026-08-09T19:16:06
175,llama3.1:8b,V2.1,abstract,ML,"REASONING: 
The technical methods described in the text include graph atomic cluster expansion (GRACE), fine-tuning, knowledge distillation, and interatomic potentials. The primary contribution of the paper is the introduction of universal potentials based on the GRACE framework, which establishes a new Pareto front for accuracy versus efficiency among foundational interatomic potentials.

CATEGORY: ML",3.4,,False,2026-08-09T19:16:09
176,llama3.1:8b,V2.1,abstract,DL,"REASONING: 
1. The technical methods described in the text are Real-Time Detection Transformer (RT-DETR), a transformer-based landmark detection method, and supervised machine learning classifiers, specifically Random Forest.
2. The primary contribution of the paper is the development and validation of an artificial intelligence pipeline for binary screening of horizontal strabismus versus orthotropia using smartphone-acquired facial images and geometric landmark analysis, which combines RT-DETR with supervised machine learning classifiers.
3. Since the core method is a neural network (RT-DETR), we classify as DL even though it is also ML and AI.

CATEGORY: DL",5.42,,False,2026-08-09T19:16:15
177,llama3.1:8b,V2.1,abstract,ML,"**Step 1: Identify the technical methods described in the text**

The paper describes several machine learning (ML) techniques used to predict recurrent ischemic stroke, including:

* Support Vector Machine (SVM)
* K-Nearest Neighbor (KNN)
* RUSBoost
* Synthetic Minority Over-Sampling Technique (SMOTE)

**Step 2: Determine which method represents the paper's primary contribution**

The paper evaluates and compares the performance of three machine learning models (SVM, KNN, and RUSBoost) to predict recurrent ischemic stroke. However, the primary contribution of the paper is not the development or comparison of these models, but rather the application of machine learning techniques to a specific clinical problem. The paper's main finding is that RUSBoost emerged as the most reliable and generalizable model for predicting recurrent ischemic stroke.

**Step 3: Assign the most specific applicable category**

Based on the technical methods described in the text, the primary contribution of the paper, and the application of machine learning techniques to a clinical problem, I assign the following category:

REASONING: The paper focuses on classical machine learning techniques (SVM, KNN, RUSBoost) applied to a real-world clinical dataset to predict recurrent ischemic stroke. While neural networks are not mentioned, the paper's primary contribution is in the application of ML methods to a specific problem.
CATEGORY: ML",11.53,,False,2026-08-09T19:16:26
178,llama3.1:8b,V2.1,abstract,DL,"REASONING: 
1. The technical methods described in the text include functional near-infrared spectroscopy (fNIRS), machine learning (ML) algorithms, and artificial intelligence (AI) approaches. Specifically, various ML algorithms are mentioned, including Random Forest (RF), Decision Tree (DT), k-Nearest Neighbors (kNN), Logistic Regression (LR), Support Vector Machines with polynomial (SVM Poly) and radial basis function (SVM RBF) kernels, Gaussian Naive Bayes (GNB), Neural Networks (NN), Gradient Boosting (GB), and AdaBoost.
2. The paper's primary contribution is the comparison of various ML algorithms for hand movement prediction using fNIRS signals, with a focus on identifying the most effective algorithm, which is found to be Random Forest (RF).
3. Since the core method involves neural networks (NN) as one of the compared algorithms, and the primary contribution lies in comparing different machine learning approaches, the most specific applicable category is DL.

CATEGORY: DL",8.77,,False,2026-08-09T19:16:35
179,llama3.1:8b,V2.1,abstract,DL,"REASONING: 
1. The technical methods described in the text are Bayesian optimisation, evolutionary algorithms, pruning or quantisation, Quantum-Inspired Algorithm (QIA), tunnelling-based search, amplitude reweighting, and a new metric comparison using a Quantum-Sustainable AI (Q-SAI) index.
2. The primary contribution of this paper is the development of QIA, which jointly optimises hyperparameters, model compression, and scheduling in a single framework to reduce energy consumption while maintaining accuracy.
3. Since the core method described is a neural network-based approach (tunnelling-based search and amplitude reweighting), but with a focus on machine learning optimisation techniques, I will classify it as DL even though it also involves ML.

CATEGORY: DL",6.49,,False,2026-08-09T19:16:41
180,llama3.1:8b,V2.1,abstract,ML,"REASONING: 
1. The technical methods described in the text include machine learning (ML) techniques such as hybrid deep learning models like Long Short Term Memory with Double Deep Q-Network (LSTM-DDQN), Convolutional Neural Networks-Bidirectional Gated Recurrent Units (CNN-BiGRU), and transformer based frameworks.
2. The primary contribution of the paper is a review that systematically examines 240 peer-reviewed publications on machine learning deployments for electric vehicle design, battery systems, and charging infrastructure, and provides a quantitative benchmarking framework linking algorithmic groups to subsystem performance.
3. Although the paper discusses deep learning models as part of its analysis, the core method is not solely a neural network architecture but rather a comprehensive review of ML techniques.

CATEGORY: ML",7.1,,False,2026-08-09T19:16:48
181,llama3.1:8b,V2.1,abstract,DL,"REASONING: 
1. The technical methods described in the text include image pre-processing using a Gaussian filter and histogram equalisation, feature extraction using Inception-enhanced vision transformer (IEViT), and classification using stacked sparse denoising autoencoder (SSDAE). 
2. The primary contribution of the paper is the development of an Assistive Communication System Using Deep Sparse Autoencoder with Feature Learning (ACS-DSAEFL) approach, which combines multiple methods to enhance real-time communication for people with hearing disabilities.
3. Since the core method of the ACS-DSAEFL approach involves a deep neural network architecture, specifically the stacked sparse denoising autoencoder (SSDAE), I will classify it as DL even though it is also ML and AI.

CATEGORY: DL",6.7,,False,2026-08-09T19:16:55
182,llama3.1:8b,V2.1,abstract,DL,"REASONING: The abstract describes a specific AI tool, FungiGuard, which integrates multiple machine learning methods (Random Forest, Long Short-Term Memory, attention mechanisms) to classify antifungal peptides in plants. The primary contribution of the paper is the development and evaluation of this tool.

CATEGORY: DL",3.38,,False,2026-08-09T19:16:59
183,llama3.1:8b,V2.1,abstract,ML,"REASONING: The abstract describes statistical methods used in multiple regression analysis, specifically addressing issues related to parameter estimation and prediction vectors. The proposed method involves modifying the diagonal of a matrix (X'X) by adding small positive quantities, which is a mathematical technique rather than an AI/ML/DL approach.

CATEGORY: ML",2.83,,False,2026-08-09T19:17:01
184,llama3.1:8b,V2.1,abstract,DL,"REASONING:
1. The technical methods described in the text are Protein Language Learning (PLL), Geometric Deep Learning (GDL), and their integration into a framework called PLGDL.
2. The primary contribution of this paper is the development of a new framework, PLGDL, which combines PLL and GDL to predict protective antigens for vaccine development.
3. Since the core method described in the text is a neural network-based approach (Geometric Deep Learning), we can classify it as DL even though it also involves classical machine learning techniques.

CATEGORY: DL",4.8,,False,2026-08-09T19:17:06
185,llama3.1:8b,V2.1,abstract,,"REASONING: The abstract discusses the application of artificial intelligence (AI) and machine learning (ML) in renal cancer (RC) research, but it does not describe any specific technical methods or algorithms used in these applications. Instead, it presents a bibliometric analysis of publications related to AI and ML in RC.

CATEGORY: None",3.61,,False,2026-08-09T19:17:10
186,llama3.1:8b,V2.1,abstract,DL,"REASONING: 
1. The technical methods described in the text include deep learning (specifically transformer-based sequence models, graph neural networks, and multimodal architectures), metagenome-assembled genomes (MAGs), explainable AI techniques such as SHAP, attention mechanism approaches, and gradient-based attribution approaches.
2. The primary contribution of the paper appears to be a review of recent advances in AI-aided microbiology, with a focus on antimicrobial resistance (AMR) surveillance. While various technical methods are discussed, the core of the paper is summarizing these advancements rather than presenting new research.
3. Given that the paper's primary contribution is a review and not a novel method or technique, but it heavily focuses on deep learning techniques for AMR surveillance, I will assign the most specific applicable category.

CATEGORY: DL",7.02,,False,2026-08-09T19:17:17
187,llama3.1:8b,V2.1,abstract,ML,"**Step 1: Identify the technical methods described in the text**

The abstract describes the following technical methods:

* Machine learning (ML)
* Least absolute shrinkage and selection operator regression
* Tenfold cross-validation
* Thirty-six machine learning algorithms were evaluated, but specific names are not mentioned.
* SHapley Additive exPlanations (SHAP) for interpretability

**Step 2: Determine which method represents the paper's primary contribution**

The primary contribution of this paper is the development and validation of a machine learning model named NVUPreM to predict 30-day NVUGIB mortality. The paper focuses on comparing the performance of NVUPreM with traditional clinical scores, but the core method is indeed a machine learning approach.

**Step 3: Assign the most specific applicable category**

REASONING: The abstract describes a machine learning model as its primary contribution, and it does not mention neural network architectures. Therefore, it falls under the category of classical machine learning.
CATEGORY: ML",8.55,,False,2026-08-09T19:17:25
188,llama3.1:8b,V2.1,abstract,ML,"REASONING: 
1. The technical methods described in the text include neural networks, kernel methods, generative models, representation learning, clustering, and quantum machine learning (QML) approaches.
2. The paper's primary contribution is a comprehensive comparative review of QML and classical ML, analyzing their foundations, complexity, and applications across various domains.
3. Since the core method involves comparing different machine learning techniques, including neural networks, kernel methods, generative models, representation learning, and clustering, with a focus on quantum machine learning approaches, the primary contribution is not specific to any one technique but rather a comparison of multiple ML/DL methods.

CATEGORY: ML",5.67,,False,2026-08-09T19:17:31
189,llama3.1:8b,V2.1,abstract,ML,"REASONING:
1. The technical methods described in the text include machine learning (e.g., support vector machines, random forest), deep learning (e.g., convolutional neural networks), and AI techniques for risk prediction and biomechanical assessment.
2. The primary contribution of the paper is the systematic review and evaluation of AI applications in ACL injury prediction and prevention, which focuses on techniques, performance metrics, sports contexts, and intervention effectiveness.
3. Since the core method involves comparing different AI techniques (machine learning and deep learning) for their effectiveness in predicting ACL injuries, I will classify based on the primary contribution.

CATEGORY: ML",5.54,,False,2026-08-09T19:17:37
190,llama3.1:8b,V2.1,abstract,ML,"REASONING: 
1. The technical methods described in the text include machine learning models such as Extreme Gradient Boosting, Logistic Regression, Support Vector Machine, Cox proportional hazards analysis, and statistical techniques like area under the curve calculation.
2. The primary contribution of this paper is the development and evaluation of a machine learning-based case-control classification model for identifying bladder cancer cases versus benign controls in an Iraqi population.
3. Although the paper involves neural network-like methods (Extreme Gradient Boosting), it primarily focuses on classical machine learning techniques, making DL not the most specific applicable category.

CATEGORY: ML",5.21,,False,2026-08-09T19:17:42
191,llama3.1:8b,V2.1,abstract,DL,"**Step 1: Identify the technical methods described in the text**

The paper describes the use of several machine learning (ML) and deep learning (DL) techniques, including:

* Classical ML models:
	+ Random Forest
	+ Decision Tree
	+ Gradient Boosting Machine
	+ Linear Discriminant Analysis
	+ Support Vector Machine
* Deep Learning (DL) tool: no specific architecture mentioned, but referred to as a DL model
* Pre-trained large language model (LLM): GPT-5

**Step 2: Determine which method represents the paper's primary contribution**

The paper compares the performance of several ML and DL models on a specific task (classifying bronchiolitis diagnosis from EHRs) and finds that the DL model and LLM outperform traditional ML models. The primary contribution of the paper is to evaluate the effectiveness of these AI-based tools for epidemiologic surveillance.

**Step 3: Assign the most specific applicable category**

The paper's core method is a neural network (DL tool), which makes it a subset of deep learning. Although the paper also discusses classical ML models and LLM, the primary contribution is related to DL.

REASONING: The paper compares the performance of several AI-based tools for epidemiologic surveillance, with a focus on deep learning techniques.
CATEGORY: DL",10.87,,False,2026-08-09T19:17:53
192,llama3.1:8b,V2.1,abstract,DL,"REASONING: 
1. The technical methods described in the text include brain-inspired reinforcement learning, artificial neural network-based hardware, third-terminal modulated eligibility traces, dynamic reward signaling, α-In2Se3 ferroelectric semiconductor field-effect transistor, and spiking neural networks.
2. The primary contribution of the paper is a novel computing architecture that leverages emerging materials to efficiently mimic complex reinforcement learning dynamics, specifically using α-In2Se3 transistors to implement biological eligibility trace decay and reward signal modulation.
3. This contribution primarily involves the development of a specific type of neural network architecture, which falls under the category of deep learning.

CATEGORY: DL",5.51,,False,2026-08-09T19:17:58
193,llama3.1:8b,V2.1,abstract,DL,"REASONING: The abstract describes various technical methods used in artificial intelligence for oncological drug development, including machine learning and deep learning models, neural network designs, and virtual screening. The primary contribution of the paper appears to be a review of AI applications in drug development, highlighting both successes and challenges. The text specifically mentions advanced neural network designs aiding in de novo drug design.

CATEGORY: DL",3.48,,False,2026-08-09T19:18:02
194,llama3.1:8b,V2.1,abstract,DL,"**Step 1: Identify the technical methods described in the text**

The paper describes several machine learning and deep learning techniques, including:

* Traditional machine learning models:
	+ Naive Bayes
	+ Support Vector Machine (SVM)
	+ Random Forest
* Deep learning models:
	+ XLNET
	+ DistilBERT
	+ ALBERT
* Text summarization methods
* Task-incremental learning technique: Elastic Weight Consolidation

**Step 2: Determine which method represents the paper's primary contribution**

The paper presents a comprehensive study on detecting depression-related texts in social media comments using various machine learning and deep learning models. The primary focus is on comparing the performance of these models, particularly XLNET with summarization, which outperforms other models with an accuracy of 63.33%. Additionally, the paper explores task-incremental learning capability using Elastic Weight Consolidation.

**Step 3: Assign the most specific applicable category**

The paper's primary contribution is a deep learning-based approach for detecting depression-related texts in social media comments, which involves comparing the performance of various models and exploring task-incremental learning. Therefore, the most specific applicable category is:

CATEGORY: DL",9.81,,False,2026-08-09T19:18:12
195,llama3.1:8b,V2.1,abstract,DL,"REASONING: 
1. The technical methods described in the text are a supervised AI/ML algorithm for automated detection, segmentation, and quantification of fibrosis in histology slides.
2. The primary contribution of this paper is the development and validation of an AI/ML framework for precise, objective measurement of fibrosis content and spatial distribution.
3. Since the core method involves neural networks (supervised AI/ML algorithm), it falls under the category of deep learning.

CATEGORY: DL",4.5,,False,2026-08-09T19:18:16
196,llama3.1:8b,V2.1,abstract,ML,"REASONING: The abstract describes the use of machine learning (ML) techniques, specifically eight distinct models, to predict anterior cruciate ligament (ACL) injuries in sports medicine. The primary contribution of the paper is the evaluation and comparison of these ML models on four datasets.

CATEGORY: ML",3.07,,False,2026-08-09T19:18:19
197,llama3.1:8b,V2.1,abstract,ML,"REASONING: 
1. The technical methods described in the text include machine learning models (five were evaluated), geospatial analytics, remote sensing data, high-resolution satellite imagery, OpenStreetMap data, and custom algorithms for feature selection.
2. The primary contribution of the paper is the development of a novel risk assessment framework that integrates these methods to assess risks to heritage sites in Cairo, Egypt.
3. Since the core method involves neural networks (machine learning models) and geospatial analytics, but also incorporates symbolic reasoning (risk assessment framework), it falls under the category of machine learning.

CATEGORY: ML",5.39,,False,2026-08-09T19:18:24
198,llama3.1:8b,V2.1,abstract,AI,"REASONING: 
1. The technical methods described in the text include HLA–peptide binding models, T cell receptor (TCR)–epitope models, deep learning models for HLA imputation, and AI-enabled transplant decision support systems.
2. The primary contribution of the paper appears to be the integration of emerging biology with AI innovations to accelerate safe clinical translation in immunogenomics, particularly in transplantation, infectious diseases, inflammatory disease, and cancer therapy.
3. While the paper mentions machine learning (ML) as a broader category that includes deep learning (DL), the core method described is not a neural network architecture but rather an application of ML/DL techniques to HLA imputation and transplant decision support.

CATEGORY: AI",6.4,,False,2026-08-09T19:18:31
199,llama3.1:8b,V2.1,abstract,DL,"REASONING: The abstract describes a study that uses machine learning (ML) for classification, quantitative Read-Across Structure-Activity Relationship (qRASAR), and develops an open-access eXplainable AI (XAI) platform named ""KidneyTox_v1.0"". The primary contribution of the paper is the development of this XAI platform, which incorporates ML methods.

CATEGORY: DL",3.73,,False,2026-08-09T19:18:35
200,llama3.1:8b,V2.1,abstract,ML,"REASONING: The abstract discusses the application of artificial intelligence (AI) techniques in carbon capture and utilization (CCU) technologies to improve efficiency and effectiveness. The paper focuses on a patent analysis of AI's role in CCU, highlighting innovation trends, contributors, and emerging technical applications.

CATEGORY: ML",2.95,,False,2026-08-09T19:18:38
201,llama3.1:8b,V2.1,missing,NO_INPUT,,0.0,no abstract available (no fallback columns in this sheet),False,2026-08-09T19:18:38
202,llama3.1:8b,V2.1,abstract,ML,"**Step 1: Identify the technical methods described in the text**

The technical methods mentioned in the abstract are:

* Machine learning models (RF, XGBoost, ANN)
* Stacking ensemble framework
* Hybrid stacking ensemble model
* Random Forest (RF) algorithm
* Extreme Gradient Boosting (XGBoost) algorithm
* Artificial Neural Network (ANN) architecture

**Step 2: Determine which method represents the paper's primary contribution**

The primary contribution of this paper is the development and application of a novel hybrid stacking ensemble model for predicting the flexural strength of aluminium fibre reinforced concrete. While other machine learning models are mentioned, they are used as comparisons to demonstrate the superiority of the proposed hybrid model.

**Step 3: Assign the most specific applicable category**

The abstract describes the use of neural network architectures (ANN) and a specific type of machine learning technique (hybrid stacking ensemble model), which is a subset of classical machine learning. Therefore, the most specific applicable category is:

CATEGORY: ML",8.2,,False,2026-08-09T19:18:46
203,llama3.1:8b,V2.1,abstract,ML,"REASONING:
1. The technical methods described in the text are machine learning algorithms (MLAs) such as logistic regression, K-nearest neighbor, support vector machine, random forest, Lagrangian support vector machine, random tree (RT), chi-square automatic interaction detection, and C5.0.
2. The primary contribution of this paper is the evaluation and comparison of these MLAs for diagnosing tuberculous pericardial effusion (TPE) using noninvasive data analysis.
3. Since the core method used in this study is a machine learning approach with specific algorithms, but no neural network architecture is mentioned, we can classify it as Machine Learning.

CATEGORY: ML",6.03,,False,2026-08-09T19:18:52
204,llama3.1:8b,V2.1,abstract,,"**Step 1: Identify the technical methods described in the text**

The abstract describes various AI and ML techniques used in telesurgery, including deep learning (DL) methodologies such as computer vision and advanced DL algorithms. However, the primary focus is on bibliometric analysis and knowledge mapping using tools like VOSviewer software.

**Step 2: Determine which method represents the paper's primary contribution**

The paper's primary contribution lies in its comprehensive bibliometric and knowledge mapping analysis of global research on AI and ML applications in robotic, teleoperated, and remote surgery. The technical methods described are secondary to this main contribution.

**Step 3: Assign the most specific applicable category**

REASONING: The abstract primarily focuses on a bibliometric study analyzing the growth and trends of AI and ML research in telesurgery, rather than presenting new AI or ML techniques. While deep learning is mentioned as one of the emerging themes, it is not the primary focus of the paper.
CATEGORY: None",8.43,,False,2026-08-09T19:19:00
205,llama3.1:8b,V2.1,abstract,ML,"REASONING: The technical methods described in the text are the support-vector network, which maps input vectors to a high-dimensional feature space and constructs a linear decision surface, and polynomial input transformations. The primary contribution of the paper is the extension of the support-vector network idea to non-separable training data. This method is a type of classical machine learning.

CATEGORY: ML",3.43,,False,2026-08-09T19:19:04
206,llama3.1:8b,V2.1,abstract,DL,"REASONING: The abstract describes a study that uses deep learning methods to analyze EEG signals from neurological pathology patients, with a focus on detecting biological sex patterns. The primary contribution of the paper is the evaluation of a convolutional neural network (CNN) model's performance in detecting biological sex and its impact on pathological diagnosis.

CATEGORY: DL",3.18,,False,2026-08-09T19:19:07
207,llama3.1:8b,V2.1,abstract,ML,"REASONING: 
1. The technical methods described in the text include various AI technologies such as machine learning (ML), deep learning (DL), natural language processing (NLP), generative AI (GenAI), large language models (LLMs), and explainable AI (XAI). These methods are applied to identify suicidal behavior, particularly on social media and clinical datasets. 
2. The primary contribution of the paper is a systematic literature review examining how AI has been applied to suicide prevention, with a focus on comparing different AI technologies and their performance in identifying suicidal behavior.
3. Since the core method described is not a specific neural network architecture but rather a comparison of various AI technologies, including ML and DL, I will classify it based on its primary contribution.

CATEGORY: ML",6.99,,False,2026-08-09T19:19:14
208,llama3.1:8b,V2.1,abstract,DL,"REASONING: The abstract describes the application of machine learning methods and predictive analytics in disaster management, specifically proposing a novel technique utilizing a deep adversarial gaussian multilayer perceptron and firefly swarm binary grasshopper optimization. The primary contribution of the paper is the development of this specific technique for disaster management-based healthcare systems. The use of neural networks (deep adversarial gaussian multilayer perceptron) is the key technical method described in the text.

CATEGORY: DL",4.26,,False,2026-08-09T19:19:18
209,llama3.1:8b,V2.1,abstract,DL,"REASONING: 
Step 1: The technical methods described in the text include machine learning (ML) techniques such as multivariate imputation, multicollinearity diagnostics, systematic benchmarking of linear, tree-based, boosting, and neural-network models, specifically CatBoost. Tadmor's correlation is also mentioned for standardizing contact angles.
Step 2: The primary contribution of this paper appears to be the development of a machine learning workflow that can accurately predict hydrogen wettability across various geosystems, using a combination of historical laboratory data and ML techniques.
Step 3: Given that the core method involves neural networks (CatBoost), I will classify it as DL. Although the paper also contributes to ML by developing a predictive model, the use of neural networks makes DL the most specific applicable category.

CATEGORY: DL",6.91,,False,2026-08-09T19:19:25
210,llama3.1:8b,V2.1,abstract,ML,"REASONING: The abstract describes various machine learning and deep learning algorithms applied to classify pulmonary diseases using spirometry features. The primary contribution of the paper appears to be comparing the performance of different machine learning and deep learning models on this task, with a focus on identifying the most accurate approach.

CATEGORY: ML",3.34,,False,2026-08-09T19:19:28
211,llama3.1:8b,V2.1,abstract,DL,"REASONING: The abstract discusses deep learning methodology and its implications on linear regression, specifically focusing on benign overfitting and the minimum norm interpolating prediction rule. The primary contribution of the paper is to provide a characterization of linear regression problems for which this rule has near-optimal prediction accuracy.

CATEGORY: DL",3.02,,False,2026-08-09T19:19:31
212,llama3.1:8b,V2.1,abstract,ML,"REASONING: The abstract describes the development and evaluation of a machine learning (ML) model using Extreme Gradient Boosting (XGBoost), which is a classical ML technique. The paper's primary contribution is the application of this method to predict dental caries, with a focus on external validation and interpretability.

CATEGORY: ML",3.25,,False,2026-08-09T19:19:35
213,llama3.1:8b,V2.1,abstract,ML,"REASONING: The technical methods described in the text include tree boosting, XGBoost (a specific implementation of tree boosting), and weighted quantile sketch for approximate tree learning. These methods are all related to machine learning, specifically classical machine learning techniques.

CATEGORY: ML",3.01,,False,2026-08-09T19:19:38
214,llama3.1:8b,V2.1,abstract,DL,"**Step 1: Identify the technical methods described in the text**

The abstract describes several technical methods used in the study:

* Machine learning (ML) techniques, including:
	+ Supervised/unsupervised learning
	+ SVM (Support Vector Machines)
	+ Random Forest
	+ Deep neural networks
* Explainable Artificial Intelligence (XAI) techniques, including:
	+ SHAP (SHapley Additive exPlanations)
	+ LIME (Local Interpretable Model-agnostic Explanations)
	+ Attention maps
* Electroencephalography (EEG) analysis, including:
	+ Spectral features (e.g. alpha and beta power)
	+ Functional connectivity metrics (e.g. PLI, PCC)
	+ Time-domain measures (e.g. Hjorth parameters)

**Step 2: Determine which method represents the paper's primary contribution**

The abstract states that the paper aims to ""critically evaluate the landscape of EEG-based biomarkers for depression, anxiety, and bipolar disorder as informed by XAI techniques."" The primary focus is on the application of XAI techniques to EEG analysis, rather than the development of new ML or DL methods. Therefore, the primary contribution is the use of XAI techniques in conjunction with EEG analysis.

**Step 3: Assign the most specific applicable category**

Given that the paper's core method involves the application of neural networks (deep learning) and XAI techniques to EEG analysis, I",11.91,,False,2026-08-09T19:19:50
215,llama3.1:8b,V2.1,abstract,DL,"REASONING:
The abstract describes the application of artificial intelligence (AI) in CRISPR-based genetic screening, specifically highlighting the use of machine learning (ML), deep learning (DL), and large language model-agent (LLM-agent) systems to optimize experimental design and analysis.

CATEGORY: DL",2.99,,False,2026-08-09T19:19:53
216,llama3.1:8b,V2.1,abstract,ML,"REASONING: The abstract describes a machine learning platform called CLOSER that uses self-supervised learning to analyze spontaneous behavior in mice with major depressive disorder (MDD). The platform incorporates 3D pose skeleton data and kinematic features, and is used to quantify the expression of depressive-like state and identify drug efficacy.

CATEGORY: ML",3.19,,False,2026-08-09T19:19:56
217,llama3.1:8b,V2.1,abstract,ML,"REASONING: The abstract describes a machine learning approach using various models (including neural networks) to detect Parkinson's disease from vocal biomarkers. The primary contribution of the paper is the application of machine learning techniques to identify crucial vocal biological markers for early detection.

CATEGORY: ML",2.89,,False,2026-08-09T19:19:59
218,llama3.1:8b,V2.1,abstract,ML,"REASONING: The abstract describes the use of artificial intelligence (AI) to develop a predictive model called KinicI, which integrates multi-omics data and consensus clustering to classify HCC patients into two distinct subgroups. Additionally, machine learning approaches are used to identify prognostic variables associated with HCC progression, and deep learning is employed for multitarget drug discovery using the GraphBAN framework.

CATEGORY: ML",4.0,,False,2026-08-09T19:20:03
219,llama3.1:8b,V2.1,abstract,ML,"REASONING: 
1. The technical methods described in the text include causal artificial intelligence modeling, reinforcement learning, and machine learning algorithms for prediction and decision-making.
2. The primary contribution of the paper appears to be the review and description of novel technologies in artificial intelligence, specifically their potential applications and limitations in urology and endourology.
3. Although the paper discusses various AI-related methods, the focus is on the integration of these methods into a specific field (urology) rather than developing new AI techniques.

CATEGORY: ML",4.74,,False,2026-08-09T19:20:07
220,llama3.1:8b,V2.1,abstract,ML,"REASONING: The abstract discusses various techniques used for sentiment analysis, including deep learning models, machine learning methods, and hybrid approaches that integrate multiple modalities. The primary contribution of the paper is a comprehensive review of multimodal sentiment analysis approaches, highlighting their applications, research studies, and methodologies.

CATEGORY: ML",3.1,,False,2026-08-09T19:20:10
221,llama3.1:8b,V2.1,abstract,ML,"REASONING: The abstract describes a comparison between two technical methods: fine-tuned open-weight Vision-Language-Action (VLA) models and neuro-symbolic architectures that combine PDDL-based symbolic planning with learned low-level control. The primary contribution of the paper is to evaluate and compare these two approaches on structured manipulation tasks.

CATEGORY: ML",3.29,,False,2026-08-09T19:20:14
222,llama3.1:8b,V2.1,abstract,ML,"REASONING: The abstract describes the use of machine learning methods, including LASSO regression, SHAP analysis, supervised UMAP, HDBSCAN clustering, and a pipeline for feature selection and model interpretation. These methods are used to identify key predictors and novel patient phenotypes of PICC-CRBSI in critically ill patients.

CATEGORY: ML",3.83,,False,2026-08-09T19:20:18
223,llama3.1:8b,V2.1,abstract,ML,"**Step 1: Identify the technical methods described in the text**

The abstract mentions Machine Learning (ML), Deep Learning (DL), Artificial Intelligence (AI), and Hybrid models as technical methods used in orthodontics.

**Step 2: Determine which method represents the paper's primary contribution**

The paper's primary contribution is a Systematic Literature Review (SLR) that categorizes AI methods and their effectiveness in clinical practice. The review focuses on ML and DL applications, but also discusses hybrid models and other AI approaches. However, the core of the paper is not about developing new ML or DL techniques, but rather about analyzing and categorizing existing research.

**Step 3: Assign the most specific applicable category**

Given that the paper's primary contribution is a Systematic Literature Review (SLR) that focuses on ML and DL applications in orthodontics, but also discusses other AI approaches, I would assign the category as follows:

REASONING: The abstract describes a systematic review of existing research on AI methods in orthodontics, which includes both Machine Learning and Deep Learning techniques. However, the paper's primary contribution is not about developing new ML or DL techniques, but rather about analyzing and categorizing existing research.

CATEGORY: ML",10.15,,False,2026-08-09T19:20:28
224,llama3.1:8b,V2.1,abstract,ML,"REASONING: The abstract discusses the application of artificial intelligence (AI) methods in various domains related to climate science, including machine learning (ML) and deep learning (DL) techniques such as physics-guided models, PINNs, and neural operators. The primary contribution of the paper is a synthesis of recent advances in AI for climate science, with an emphasis on evaluation rigor, reproducibility, and sustainability.

CATEGORY: ML",4.41,,False,2026-08-09T19:20:32
225,llama3.1:8b,V2.1,abstract,ML,"REASONING: The abstract discusses machine learning methods for accelerating materials discovery, specifically using deep learning algorithms to predict material properties and identify suitable materials for batteries and supercapacitors. The text mentions quantum computing as an enabling technology, but the primary focus is on applying machine learning techniques to a specific problem in materials science.

CATEGORY: ML",3.17,,False,2026-08-09T19:20:35
226,llama3.1:8b,V2.1,abstract,DL,"REASONING: The abstract describes DNA metabarcoding analysis and machine learning methods for predicting host health status based on fungal microbiome data. The primary contribution is the development of a multiview analytical framework that integrates conventional statistical approaches with ML and AI techniques.

CATEGORY: DL",2.72,,False,2026-08-09T19:20:38
227,llama3.1:8b,V2.1,abstract,AI,"REASONING: The abstract discusses the application of artificial intelligence (AI) in emergency general surgery, specifically focusing on clinical decision-support tools and intraoperative assistance. The methods described involve a scoping review of existing literature, but no specific technical methods or algorithms are mentioned.

CATEGORY: AI",2.83,,False,2026-08-09T19:20:41
228,llama3.1:8b,V2.1,abstract,DL,"REASONING: The abstract discusses the application of artificial intelligence in veterinary oncology, specifically highlighting the use of deep learning models for image-based diagnostics and other clinical applications. While machine learning is also mentioned as a broader category, the focus on neural network architectures (CNNs, radiomics) suggests that deep learning is the primary technical method described.

CATEGORY: DL",3.72,,False,2026-08-09T19:20:45
229,llama3.1:8b,V2.1,abstract,ML,"REASONING: The abstract describes a methodology for curating clinical trial databases to make them suitable for training or testing artificial intelligence (AI) models, specifically for medical imaging tasks. The technical methods mentioned include defining inclusion and exclusion criteria, removing unnecessary data, quality control, and harmonisation of DICOM fields.

CATEGORY: ML",3.29,,False,2026-08-09T19:20:48
230,llama3.1:8b,V2.1,abstract,ML,"REASONING: The abstract discusses a systematic review of Artificial Intelligence (AI) methods applied to International Roughness Index (IRI) prediction for rigid and composite pavements. The primary contribution of the paper is not a new AI method, but rather an analysis of existing studies using various AI techniques.

CATEGORY: ML",3.34,,False,2026-08-09T19:20:51
231,llama3.1:8b,V2.1,abstract,ML,"REASONING: The abstract describes a framework that uses various technical methods, including physics-informed Reliability Allocation by Heuristic Optimization, graph theory, Monte Carlo simulations, Reliability Block Diagrams, and Deep Reinforcement Learning, to optimize centrifugal compressor maintenance strategies in natural gas pipeline systems.

CATEGORY: ML",2.98,,False,2026-08-09T19:20:54
232,llama3.1:8b,V2.1,abstract,ML,"REASONING: The abstract discusses machine learning-based predictive models for diabetes mellitus, specifically highlighting the use of ensemble and deep learning techniques to surpass traditional risk assessment approaches. The paper focuses on the application of AI in healthcare, but also emphasizes the need for explainable AI and real-world validation. The primary contribution is not a new neural network architecture, but rather an analysis of machine learning-based diabetes prediction systems.

CATEGORY: ML",4.03,,False,2026-08-09T19:20:58
233,llama3.1:8b,V2.1,abstract,DL,"REASONING: The abstract describes the use of machine learning (ML) methods, specifically several classifiers equipped with explainable artificial intelligence (XAI) techniques, to improve the diagnosis and prediction of Parkinson's disease. The primary contribution of the paper is a framework that combines ML and XAI to provide both accurate predictions and interpretable results.

CATEGORY: DL",3.3,,False,2026-08-09T19:21:02
234,llama3.1:8b,V2.1,abstract,ML,"REASONING: 
1. The technical methods described in the text are machine learning algorithms, specifically supervised learning algorithms such as Logistic regression, Decision tree, Random Forest, Gradient Boosting, AdaBoost, K-Nearest Neighbour (KNN), Support vector machine, and Naïve Bayes.
2. The primary contribution of this paper is the comparison and evaluation of these various supervised learning algorithms for detecting suspicious financial activities in transactional data, with a focus on the performance of the Gradient Boosting classifier.
3. Since the core method described is a specific type of machine learning algorithm (supervised learning), but also involves neural networks implicitly through the use of Gradient Boosting, which can be considered a form of deep learning, we need to determine the most specific applicable category.

CATEGORY: ML",6.49,,False,2026-08-09T19:21:08
235,llama3.1:8b,V2.1,abstract,ML,"REASONING: 
1. The technical methods described in the text include tree-based ensemble models, explainable artificial intelligence (XAI) techniques, regression models, classification models, and a hybrid classification-regression framework.
2. The primary contribution of this paper is the development and application of an automated machine learning (AutoML) framework for predicting case durations and delays using a combination of these methods.
3. Given that the core method involves neural networks are not explicitly mentioned, but the use of ensemble models and AutoML suggests a focus on classical machine learning techniques.

CATEGORY: ML",5.4,,False,2026-08-09T19:21:13
236,llama3.1:8b,V2.1,abstract,DL,"REASONING: The abstract describes several technical methods for improving the efficiency of deep learning-based models for sickle cell disease detection, including transfer-learning, contrastive-learning, and focal loss. The primary contribution of the paper is to propose a combination of these methods to address the issue of limited training data availability. Additionally, the paper integrates Explainable Artificial Intelligence (XAI) methodologies to interpret and explain model predictions.

CATEGORY: DL",3.86,,False,2026-08-09T19:21:17
237,llama3.1:8b,V2.1,abstract,ML,"REASONING: The abstract describes a machine learning-based prediction model, specifically using nine clinical parameters to predict insulin resistance and its association with various cancers. The primary contribution of the paper is the development and application of this AI-IR model.

CATEGORY: ML",2.6,,False,2026-08-09T19:21:20
238,llama3.1:8b,V2.1,abstract,ML,"REASONING: The abstract discusses various AI methods, including machine learning, deep learning, large language models, and digital twins, in the context of healthcare. While multiple methods are mentioned, the primary focus is on how these methods support different aspects of the 6P medicine model.

CATEGORY: ML",3.29,,False,2026-08-09T19:21:23
239,llama3.1:8b,V2.1,abstract,ML,"REASONING: 
1. The technical methods described in the text include CatBoost, Voting Classifier, Stacking Classifier, SHAP framework, and ensemble models.
2. The primary contribution of this paper is the comparison and evaluation of different machine learning techniques for predicting tumour type from morphometric data, with a focus on interpretable ensemble methods.
3. While the paper mentions AI systems in general, the core method described is a specific machine learning technique (ensemble models), which makes it most specific to the ML category.

CATEGORY: ML",4.61,,False,2026-08-09T19:21:28
240,llama3.1:8b,V2.1,abstract,DL,"**Step 1: Identify the technical methods described in the text**

The abstract describes the use of deep learning (DL) models, specifically ResNet-50 variants with attention mechanisms (CBAM) and ensemble strategies, for sperm morphology classification. It also mentions CNN-based motility assessment and emerging AI applications for DNA fragmentation prediction and ZP binding capability prediction.

**Step 2: Determine which method represents the paper's primary contribution**

The paper systematically evaluates the technical performance of AI-based automated semen analysis systems, specifically comparing deep learning methods to manual expert evaluation. The primary focus is on assessing the accuracy and feasibility of these DL models for various applications in semen analysis.

**Step 3: Assign the most specific applicable category**

REASONING: The abstract focuses on evaluating the performance of deep learning models for specific tasks in semen analysis, such as morphology classification and motility assessment. While machine learning is also mentioned, the primary contribution is related to deep learning techniques.
CATEGORY: DL",8.27,,False,2026-08-09T19:21:36
241,llama3.1:8b,V2.1,abstract,ML,"REASONING: 
1. The technical methods described in the text are Support Vector Machine (SVM) models, statistical analysis, and psychometric rigor.
2. The primary contribution of this paper is the development of an SVM-based predictive model for student satisfaction, which represents a specific application of machine learning techniques.
3. Although the abstract mentions artificial intelligence as a broader category, the core method described in the text is specifically related to machine learning.

CATEGORY: ML",4.19,,False,2026-08-09T19:21:40
242,llama3.1:8b,V2.1,abstract,ML,"REASONING: 
1. The technical methods described in the text include bibliometric co-occurrence analysis using VOSviewer, comparison of AI methods for disaster-related tasks, and a literature review of previous studies on disaster management through AI.
2. The primary contribution of this paper appears to be the comprehensive literature review and analysis of existing research on disaster management through AI, rather than introducing new AI methods or techniques.
3. While the text mentions deep learning solutions as an improvement over conventional rule-based solutions, it does not describe any novel neural network architectures or deep learning techniques.

CATEGORY: ML",5.01,,False,2026-08-09T19:21:45
243,llama3.1:8b,V2.1,abstract,ML,"REASONING: The abstract describes various machine learning methods, including neural networks (MLP), ensemble methods (XGBoost, RF), and traditional ML algorithms (SVM, LR, DT, KNN). The primary contribution of the paper is the development of a machine learning-based recruitment framework that outperforms traditional methods in blood donor recruitment. The use of incremental learning, dynamic threshold adjustment, and cost-sensitive learning approaches are also notable.

CATEGORY: ML",4.67,,False,2026-08-09T19:21:50
244,llama3.1:8b,V2.1,abstract,,"REASONING: The abstract discusses the integration of Artificial Intelligence (AI) into oncology, specifically focusing on health economic evaluations of AI applications in cancer diagnosis and treatment. The paper reviews existing literature on the cost-effectiveness of AI in oncology, highlighting both benefits and risks.

CATEGORY: None",3.19,,False,2026-08-09T19:21:53
245,llama3.1:8b,V2.1,abstract,ML,"REASONING: The abstract describes the use of machine learning techniques, specifically natural language processing (NLP) with BERTopic, to categorize and label development projects based on their narrative descriptions. This approach is novel and reproducible, aiming to provide a better understanding of donor priorities and overall development funding.

CATEGORY: ML",3.09,,False,2026-08-09T19:21:56
246,llama3.1:8b,V2.1,abstract,ML,"REASONING: The abstract describes a study that uses traditional statistical methods and machine learning techniques to predict patients' sexual satisfaction after prostate surgery. The primary contribution of the paper is the application of machine learning to improve preoperative risk stratification and patient counseling.

CATEGORY: ML",2.8,,False,2026-08-09T19:21:59
247,llama3.1:8b,V2.1,abstract,AI,"REASONING: The abstract discusses the limitations of large language models (LLMs) in achieving superhuman AI and proposes an alternative approach by connecting LLMs to principled theories and well-tested models of human thinking and learning prior to language acquisition. This approach involves using AI breakthroughs in LLMs as models of language use, rather than as end-to-end models of intelligence. The primary contribution of the paper is not a new machine learning or deep learning technique, but rather an interdisciplinary approach that combines insights from cognitive science and artificial intelligence.

CATEGORY: AI",5.23,,False,2026-08-09T19:22:04
248,llama3.1:8b,V2.1,abstract,ML,"REASONING: The technical methods described in the text include a clustering algorithm called DBSCAN and its generalized version GDBSCAN, which can handle point objects with spatial and nonspatial attributes. The paper also presents four applications using different types of data (2D points, 3D points, 5D points, and 2D polygons). However, none of these methods involve neural networks or other deep learning techniques.

CATEGORY: ML",3.89,,False,2026-08-09T19:22:08
249,llama3.1:8b,V2.1,abstract,,"REASONING: The abstract describes a systematic review, meta-analysis, and bibliometric visualization analysis of the role of artificial intelligence in nursing simulation education. The primary contribution of the paper is the synthesis of existing research on AI's effects on nursing students' knowledge and skill outcomes.

CATEGORY: None",3.04,,False,2026-08-09T19:22:11
250,llama3.1:8b,V2.1,abstract,DL,"REASONING:
1. The technical methods described in the text include Transformer-based multi-scale style learning algorithm, LASSO regression, restricted cubic splines, XGBoost classifier, and four baseline deep learning network models.
2. The paper's primary contribution is the development of an AI-driven CAD prediction model that integrates OCTA-derived retinal features with electronic health record (EHR) data, which outperforms other methods including deep learning networks.
3. Given the use of neural networks (Transformer-based multi-scale style learning algorithm and four baseline deep learning network models), but also the integration of multiple machine learning techniques (LASSO regression, restricted cubic splines, XGBoost classifier) and the application in a specific domain (CAD prediction), the most specific applicable category is DL.

CATEGORY: DL",6.94,,False,2026-08-09T19:22:18
251,llama3.1:8b,V2.1,abstract,ML,"REASONING: The abstract discusses various applications of machine learning (ML) and deep learning (DL) in oncology, including cancer phenotyping, drug development, and virtual screening. The text mentions specific techniques such as tumor detection, molecular subtyping, prognosis, treatment response prediction, generative molecular design, and hybrid computational-experimental pipelines.

CATEGORY: ML",3.45,,False,2026-08-09T19:22:22
252,llama3.1:8b,V2.1,abstract,ML,"REASONING: The abstract describes various machine learning methods, including artificial neural networks (ANN), support vector machines (SVM), gradient tree boosting regressor (GTB), CatBoost regressor (CATB), extreme-learning machine (ELM), and extreme-learning machine optimized with particle swarm optimization (ELM-PSO). The primary contribution of the paper is to evaluate the effectiveness of these models in predicting the shear strength of steel-fiber-reinforced concrete beams. The ELM-PSO model is identified as the most accurate estimator.

CATEGORY: ML",4.87,,False,2026-08-09T19:22:27
253,llama3.1:8b,V2.1,abstract,ML,"REASONING: The abstract discusses the application of artificial intelligence (AI) and machine learning (ML) algorithms in liquid biopsy for cancer detection and treatment. While it mentions various technical methods, such as circulating biomarkers and extracellular vesicles, these are not the primary focus of the paper. Instead, the review examines how AI-powered ML improves clinical outcomes.

CATEGORY: ML",3.87,,False,2026-08-09T19:22:30
254,llama3.1:8b,V2.1,abstract,ML,"**Step 1: Identify the technical methods described in the text**

The abstract mentions machine-learning (ML) and radiomics approaches, which are used for diagnostic and prognostic purposes. Specifically, it mentions that some studies applied ML or radiomics algorithms to MRI or X-ray data. The paper also compares different imaging modalities (MRI vs. X-ray), sequence selection (single-sequence vs. dual-sequence MRI), algorithm classes, disease phenotypes, validation strategies, and cohort sizes.

**Step 2: Determine which method represents the paper's primary contribution**

The paper's primary contribution is a meta-analysis of existing studies that applied ML or radiomics algorithms to diagnose and predict outcomes in ankylosing spondylitis (AS). The authors aim to quantify the diagnostic and prognostic capability of these methods, identify influencing factors, and provide recommendations for future work.

**Step 3: Assign the most specific applicable category**

The paper's primary contribution is a meta-analysis that compares different ML-based approaches (radiomics and machine-learning frameworks) applied to medical imaging data. Although it mentions deep learning networks specifically in the context of X-ray-based models, the overall focus is on comparing different ML methods rather than developing new neural network architectures.

REASONING: The paper's primary contribution is a meta-analysis that compares different machine-learning approaches applied to medical imaging data, with a specific focus on radiomics and machine-learning frameworks. Although it mentions deep learning networks in one context, the overall",11.88,,False,2026-08-09T19:22:42
255,llama3.1:8b,V2.1,abstract,DL,"REASONING: 
1. The technical methods described in the text include UV–Vis spectrophotometry, machine learning models (specifically Support Vector Regression, Linear Regression, Lasso Regression, Ridge Regression, and Elastic Net), and their application to predict concentrations of naringin and naringenin.
2. The primary contribution of the paper is the development of a green UV–Vis spectrophotometric method enhanced by AI for simultaneous quantification of naringin and naringenin in plant extracts, which uses machine learning models as its core method.
3. Since the core method is a neural network (specifically, the machine learning models), classify as DL even though it is also ML and AI.

CATEGORY: DL",6.35,,False,2026-08-09T19:22:49
256,llama3.1:8b,V2.1,abstract,ML,"REASONING: 
1. The text mentions machine learning (ML)-ready datasets, deep learning models, and AI models, but the primary focus is on creating a dataset for various downstream tasks in weather and climate research.
2. The paper's primary contribution is introducing WxC-Bench, a multi-modal dataset designed to support the development of generalizable AI models for various use-cases in weather and climate research.
3. Although deep learning models are mentioned as being developed for weather and climate analysis, the core method described in the text is the creation of a dataset, which is a machine learning task.

CATEGORY: ML",5.38,,False,2026-08-09T19:22:54
257,llama3.1:8b,V2.1,abstract,ML,"REASONING: The abstract describes the use of machine learning algorithms, specifically supervised learning techniques such as SVM, Logistic Regression, and K-Nearest Neighbors, to develop predictive models for sex determination from mandibular symphysis measurements. The primary contribution of the paper is the development and evaluation of these machine learning-based models.

CATEGORY: ML",3.81,,False,2026-08-09T19:22:58
258,llama3.1:8b,V2.1,abstract,ML,"REASONING: The abstract describes a specific AI architecture that combines explainable models with feature selection using Enhanced Squirrel Search Optimization (ESSO) method. The primary contribution of the paper is to develop an Explainable Artificial Intelligence (XAI) framework that improves predictive performance and provides interpretable insights for clinical decision support.

CATEGORY: ML",3.24,,False,2026-08-09T19:23:01
259,llama3.1:8b,V2.1,abstract,ML,"REASONING: The abstract discusses the application of machine learning models in psychiatry, specifically using various data sources such as questionnaires, electronic health records, neuroimaging, and digital phenotyping. While neural networks are not explicitly mentioned, the use of machine learning models is a key aspect of the paper.

CATEGORY: ML",3.1,,False,2026-08-09T19:23:04
260,llama3.1:8b,V2.1,abstract,DL,"REASONING: 
1. The technical methods described in the text include machine learning-based surrogate models, artificial neural networks (ANN), Levenberg–Marquardt Scheme (LMS), Adam optimizer function, and classical fluid dynamics simulations.
2. The primary contribution of the paper is the development of an ANN-based machine learning technique for analyzing bubble dynamics and cavitation behavior under sinusoidal waves.
3. Since the core method used in this study is a neural network, it should be classified as DL even though it is also ML and AI.

CATEGORY: DL",4.85,,False,2026-08-09T19:23:09
261,llama3.1:8b,V2.1,abstract,ML,"**Step 1: Identify the technical methods described in the text**

The abstract mentions several technical methods used in the application of artificial intelligence (AI) in pediatric rehabilitation outcome assessment. These include:

* Supervised machine learning
* Neural networks
* Deep learning approaches
* Classification, prediction, and automated quantification or scoring

**Step 2: Determine which method represents the paper's primary contribution**

The abstract is a scoping review that examines how AI has been applied to pediatric rehabilitation outcome assessment. The primary contribution of this paper is not to present new technical methods or models, but rather to synthesize existing research and identify areas for future work. However, the paper does discuss the specific AI methods used in the studies it reviews, with a focus on supervised machine learning, neural networks, and deep learning approaches.

**Step 3: Assign the most specific applicable category**

Based on the primary contribution of this paper and the technical methods described, I would assign the following category:

REASONING: The abstract discusses the application of AI in pediatric rehabilitation outcome assessment, with a focus on supervised machine learning, neural networks, and deep learning approaches. While the paper is not primarily presenting new technical methods or models, it does discuss these methods as part of its review of existing research.
CATEGORY: ML",10.57,,False,2026-08-09T19:23:20
262,llama3.1:8b,V2.1,abstract,ML,"REASONING: The abstract describes a comprehensive assessment framework for Physical Education teaching effectiveness that uses Multimodal Machine Learning to evaluate multi-source educational data. The technical methods mentioned include wavelet denoising, z-score normalization, Histogram of Oriented Gradients (HOG) feature extraction, and the Enhanced Marine Predators-driven Explainable Boosting Machine (EMP-EBM). The primary contribution of the paper is the development of a hybrid machine learning model that combines global optimization strengths with transparent and interpretable structure.

CATEGORY: ML",5.24,,False,2026-08-09T19:23:25
263,llama3.1:8b,V2.1,abstract,ML,"REASONING: The abstract mentions the Support Vector (SV) method, which is a classical machine learning technique for supervised learning tasks such as regression and classification. This method is not related to neural networks or deep learning architectures.

CATEGORY: ML",2.33,,False,2026-08-09T19:23:27
264,llama3.1:8b,V2.1,abstract,DL,"REASONING: 
1. The technical methods described in the text are machine learning algorithms (specifically random forest) and explainable artificial intelligence techniques (SHapley Additive exPlanations). 
2. The primary contribution of the paper is the development and validation of an interpretable machine learning model for predicting MDR/RR-TB, specifically using a random forest algorithm.
3. Since the core method used in this paper is a neural network equivalent (random forest), we classify it as DL even though it is also ML and AI.

CATEGORY: DL",5.01,,False,2026-08-09T19:23:32
265,llama3.1:8b,V2.1,abstract,ML,"REASONING: The abstract describes a media analytics framework that combines traditional statistical modeling, natural language processing tools, and machine learning to analyze audience engagement with social media posts. The primary contribution is the development of this framework, which uses multiple methods including explainable machine learning techniques. Extreme Gradient Boosting and Support Vector Regression are used as specific machine learning algorithms.

CATEGORY: ML",3.86,,False,2026-08-09T19:23:36
266,llama3.1:8b,V2.1,abstract,DL,"REASONING: 
1. The technical methods described in the text include physics-based petrophysical calculations, Random Forest regression (RF), Akima spline interpolation, Isolation Forest algorithms, Deepseek-R1 cognitive perception, and neural network architectures implied by ""cognitive computing framework"" and ""Deepseek-R1 cognitive evaluation"".
2. The primary contribution of this paper is a workflow that combines multiple methods to improve reservoir characterisation and exploration optimisation, with the RF model achieving superior predictive performance.
3. Given that the core method is a combination of machine learning (RF) and neural network architectures implied by ""cognitive computing framework"", I will classify it as DL.

CATEGORY: DL",5.78,,False,2026-08-09T19:23:42
267,llama3.1:8b,V2.1,abstract,DL,"REASONING: The abstract describes various applications of artificial intelligence (AI) in bladder cancer diagnosis, including deep learning-based approaches such as neural networks for image analysis and tumor detection. While the paper mentions classical machine learning methods like feature engineering and clustering, the primary focus is on AI-enhanced diagnostic modalities using deep learning techniques.

CATEGORY: DL",3.33,,False,2026-08-09T19:23:45
268,llama3.1:8b,V2.1,abstract,ML,"REASONING: 
1. The technical methods described in the text include regression-based algorithms such as Decision Tree, K-Nearest Neighbors, AdaBoost, Support Vector Machine, Random Forest, and optimization using Random Search.
2. The primary contribution of the paper is the development of an interpretable machine learning framework for joint modeling of CO2 and N2O emissions, which uses a combination of these methods to achieve strong predictive performance and interpretability.
3. Although the paper involves neural networks (SHAP and LIME are model-agnostic techniques that can be applied to any type of model), the core method is not a neural network architecture, but rather a collection of classical machine learning algorithms.

CATEGORY: ML",6.47,,False,2026-08-09T19:23:52
269,llama3.1:8b,V2.1,abstract,ML,"REASONING: The abstract discusses the application of artificial intelligence (AI) in diagnosing and assessing mitral regurgitation (MR), a valvular heart disease. The technical methods described include convolutional neural networks, support vector machines, ensemble models, and other AI algorithms used to analyze echocardiographic data, electrocardiography, clinical biomarkers, and chest radiography.

CATEGORY: ML",3.88,,False,2026-08-09T19:23:55
270,llama3.1:8b,V2.1,abstract,DL,"**Step 1: Identify the technical methods described in the text**

The abstract mentions the use of ""machine learning"" and ""deep learning algorithms"" to diagnose or predict endometriosis using ultrasound images.

**Step 2: Determine which method represents the paper's primary contribution**

The paper's primary contribution is the systematic review of the role of AI, specifically machine learning and deep learning, in improving the diagnosis and prediction of endometriosis using ultrasound images. The focus is on evaluating the performance of these algorithms rather than developing new ones.

**Step 3: Assign the most specific applicable category**

The paper's primary contribution involves comparing the performance of machine learning and deep learning models, which are both subsets of artificial intelligence. However, since the core method is a neural network (deep learning), I will classify it as DL even though it is also ML and AI.

REASONING: The abstract focuses on evaluating the role of AI in diagnosing endometriosis using ultrasound images, with an emphasis on machine learning and deep learning algorithms. While both types of models are mentioned, the primary contribution is the comparison of their performance.
CATEGORY: DL",9.47,,False,2026-08-09T19:24:05
271,llama3.1:8b,V2.1,abstract,DL,"REASONING: The abstract describes the application of both machine learning (ML) and deep learning (DL) techniques, specifically mentioning Convolutional Neural Networks (CNNs), Random Forest classifiers, and ensemble learning methods. The primary contribution of the paper is to compare the performance of ML and DL models for early prediction of life-threatening cardiac events using ECG data.

CATEGORY: DL",3.62,,False,2026-08-09T19:24:09
272,llama3.1:8b,V2.1,abstract,ML,"REASONING: The abstract discusses the performance of Random Forests with varying numbers of trees, analyzing the relationship between tree count and model performance. The primary contribution is a study on the optimal number of trees in a Random Forest, rather than introducing new neural network architectures or machine learning techniques.

CATEGORY: ML",2.88,,False,2026-08-09T19:24:11
273,llama3.1:8b,V2.1,abstract,DL,"REASONING: 
1. The technical methods described in the text include machine learning algorithms (linear regression, support vector machines, XGBoost) and deep learning models (convolutional neural networks). An AI-based mobile application is also mentioned.
2. The primary contribution of this paper appears to be the development of an AI-based model for predicting myopia progression among children, which involves training machine learning and deep learning algorithms on a large dataset.
3. Since the core method involves both machine learning (specifically, multiple ML algorithms) and deep learning (convolutional neural networks), but the primary contribution is the application of these methods to a specific problem, I will classify it as DL.

CATEGORY: DL",5.97,,False,2026-08-09T19:24:17
274,llama3.1:8b,V2.1,abstract,ML,"REASONING: The abstract describes the use of six supervised machine learning algorithms (GPR, XGBoost, GBM, RF, KNN, and SVR) for predictive modeling in geotechnical engineering. The primary contribution of the paper is the evaluation and comparison of these ML models for load-settlement behavior prediction.

CATEGORY: ML",3.34,,False,2026-08-09T19:24:21
275,llama3.1:8b,V2.1,abstract,ML,"**Step 1: Identify the technical methods described in the text**

The paper describes using machine learning algorithms, specifically Logistic Regression (LR), Decision Tree (DT), K-nearest Neighbor (KNN), Support Vector Machine (SVM), Multinomial Naïve Bayes (MNB), and Random Forest (RF) classifiers to evaluate player partnerships in football. These models were applied and evaluated on a dataset sourced from the Kaggle platform, which includes information on 167,798 player assists from 9,074 European league football matches.

**Step 2: Determine which method represents the paper's primary contribution**

The paper's primary contribution is not the development of new machine learning algorithms or techniques, but rather the application and evaluation of existing methods to a specific problem in sports analytics. The authors focus on using these models to forecast player partnership formations in live matches and provide insights for coaches to predict and build effective partnerships.

**Step 3: Assign the most specific applicable category**

The paper's primary contribution is based on machine learning techniques, but it does not involve neural network architectures or deep learning methods. Therefore, the most specific applicable category is:

CATEGORY: ML",9.5,,False,2026-08-09T19:24:30
276,llama3.1:8b,V2.1,abstract,,"REASONING: The abstract describes a bibliometric analysis of AI applications in eating behavior and food choice, using various tools for data analysis. The primary contribution is not a technical method or algorithm, but rather an overview of publication trends and research directions in the field.

CATEGORY: None",2.92,,False,2026-08-09T19:24:33
277,llama3.1:8b,V2.1,abstract,ML,"REASONING: The abstract describes the use of seven different machine learning algorithms (SVM, LR, KNN, RF, NB, DT, and LDA) to predict academic achievement from student data. The primary contribution of the paper is the comparison and evaluation of these ML algorithms for this specific task.

CATEGORY: ML",3.04,,False,2026-08-09T19:24:36
278,llama3.1:8b,V2.1,abstract,ML,"REASONING:
The abstract describes a study that uses machine learning (specifically, OpenFace 2.0) to analyze learners' facial expressions and their relationship with lecture satisfaction. The primary contribution of the paper is not the development of a new machine learning algorithm or neural network architecture, but rather the application of existing machine learning tools to a specific problem in education.

CATEGORY: ML",3.53,,False,2026-08-09T19:24:40
279,llama3.1:8b,V2.1,abstract,AI,"REASONING: The abstract discusses the integration of artificial intelligence (AI) into medical devices, highlighting its applications, technological advancements, and regulatory challenges. The primary focus is on the overview and review of AI technologies in medical devices, rather than presenting novel machine learning or deep learning techniques.

CATEGORY: AI",3.46,,False,2026-08-09T19:24:43
280,llama3.1:8b,V2.1,abstract,DL,"REASONING: The abstract discusses the application of neural network architectures to problems in physics and machine learning, highlighting the potential for ""cheap learning"" with exponentially fewer parameters than generic networks. The technical methods described include the use of information theory and renormalization group techniques to formalize claims about efficient deep neural networks. The primary contribution of the paper is a set of ""no-flattening theorems"" that demonstrate when efficient linear deep networks cannot be accurately approximated by shallow ones without efficiency loss.

CATEGORY: DL",4.47,,False,2026-08-09T19:24:48
281,llama3.1:8b,V2.1,abstract,DL,"REASONING:
1. The technical methods described in the text include radiomics, logistic regression analysis, support vector machine (SVM) models, neural network architectures (including self-designed hybrid networks), and fusion of outputs from different branches.
2. The paper's primary contribution is the development of a fusion neural network that combines radiomics, clinical predictors, and deep learning to distinguish HCC from ICC.
3. Since the core method is a neural network, which is a subset of machine learning, and specifically a deep learning technique due to its architecture, we can assign the most specific category.

CATEGORY: DL",5.36,,False,2026-08-09T19:24:53
282,llama3.1:8b,V2.1,abstract,,"REASONING: The abstract discusses the application of artificial intelligence (AI) algorithms to predict gestational diabetes mellitus (GDM), but it does not describe any specific technical methods or models used for prediction. Instead, it outlines a systematic review and meta-analysis of existing studies that have applied AI models for GDM prediction.

CATEGORY: None",3.74,,False,2026-08-09T19:24:57
283,llama3.1:8b,V2.1,abstract,ML,"REASONING: The abstract discusses various machine learning applications in breast cancer management, including analysis of medical imaging, histopathology, genomics, and multi-omics data. While it mentions artificial intelligence as a broader category, the primary focus is on specific machine learning techniques applied to healthcare.

CATEGORY: ML",2.9,,False,2026-08-09T19:25:00
284,llama3.1:8b,V2.1,abstract,ML,"REASONING: The abstract describes a specific technical approach called Federated Clustering-Based Centralized Classification (Fed3C), which involves federated learning, clustering using K-means, and classification using K-nearest neighbors. The primary contribution of the paper is the proposed method Fed3C, which addresses concerns around data privacy in machine learning applications.

CATEGORY: ML",3.43,,False,2026-08-09T19:25:03
285,llama3.1:8b,V2.1,abstract,,"REASONING: The abstract discusses the application of artificial intelligence (AI) in plastic surgery, specifically local flap reconstruction. The methods described involve a narrative review of studies investigating AI in this context, but no specific technical method is mentioned.

CATEGORY: None",2.58,,False,2026-08-09T19:25:06
286,llama3.1:8b,V2.1,abstract,ML,"REASONING: The abstract describes the development and validation of machine learning models for predicting preeclampsia-associated outcomes using angiogenic biomarkers. Three machine learning models were developed to predict different endpoints, and the results show that a reduced-feature model can accurately predict these outcomes.

CATEGORY: ML",3.42,,False,2026-08-09T19:25:09
287,llama3.1:8b,V2.1,abstract,DL,"**Step 1: Identify the technical methods described in the text**

The technical methods mentioned in the abstract are:

* Digital twins (DT) for automation
* Internet of Things (IoT)
* Artificial Intelligence (AI) for data analysis
* Machine learning (ML) algorithms, specifically:
	+ Isolation Forest (iForest) for anomaly detection
	+ Autoencoders for feature extraction or dimensionality reduction
	+ Long Short-Term Memory (LSTM) networks for time-series prediction
	+ Random Forest (RF) for classification and regression tasks

**Step 2: Determine which method represents the paper's primary contribution**

The abstract highlights the use of digital twins in conjunction with machine learning algorithms to improve predictive maintenance. The primary focus is on applying ML techniques to enhance the performance of DT-based systems, rather than solely on DT or IoT.

**Step 3: Assign the most specific applicable category**

Given that the core method involves neural network architectures (LSTM networks) and the application of various machine learning models, I would classify this paper as:

REASONING: The abstract focuses on applying machine learning algorithms to digital twin-based systems for predictive maintenance. While DT is mentioned, it serves as a foundation for the ML approach.
CATEGORY: DL",10.38,,False,2026-08-09T19:25:20
288,llama3.1:8b,V2.1,abstract,ML,"REASONING: The abstract mentions ""machine learning"" as a key approach to address cardiogenic shock, which is a complex condition requiring dynamic and adaptive treatment strategies. While the text also mentions ""artificial intelligence"", it is clear that machine learning is the primary focus of the paper.

CATEGORY: ML",3.3,,False,2026-08-09T19:25:23
289,llama3.1:8b,V2.1,abstract,ML,"REASONING: The paper focuses on developing a theoretical learning model for Support Vector Machines (SVMs) in text classification, explaining why and when SVMs perform well. The methods described include connecting statistical properties of text classification tasks with the generalization performance of SVMs. This is a classical machine learning approach, specifically focusing on supervised learning and feature engineering.

CATEGORY: ML",3.32,,False,2026-08-09T19:25:26
290,llama3.1:8b,V2.1,abstract,ML,"**Step 1: Identify the technical methods described in the text**

The abstract mentions machine learning (ML) models, including supervised and unsupervised learning, reinforcement learning, deep learning, and PBPK modeling. It also discusses the use of food dataset information and the integration of ML with other emerging technologies.

**Step 2: Determine which method represents the paper's primary contribution**

The abstract is a review article that evaluates the predictive ability and accuracy of machine learning in predicting FE (food effects) in comparison to conventional methods. The primary focus is on comparing different machine learning approaches, including deep learning, and their applications in pharmacokinetics.

**Step 3: Assign the most specific applicable category**

REASONING: The abstract primarily focuses on comparing different machine learning approaches, including deep learning, and their applications in pharmacokinetics. While it mentions other emerging technologies like PBPK modeling, the core method is a comparison of ML techniques.
CATEGORY: ML",7.66,,False,2026-08-09T19:25:34
291,llama3.1:8b,V2.1,abstract,DL,"REASONING: The abstract describes the application of artificial intelligence (AI) and machine learning (ML) techniques to improve diagnosis and management of Fibromuscular dysplasia (FMD). Specifically, it mentions convolutional neural networks (CNNs), which are a type of deep learning method. The primary contribution of the paper appears to be the review of how AI/ML is transforming FMD care.

CATEGORY: DL",4.22,,False,2026-08-09T19:25:38
292,llama3.1:8b,V2.1,abstract,DL,"REASONING: The abstract discusses various machine learning (ML) applications in cancer imaging, including deep learning architectures, and highlights the importance of addressing challenges such as data scarcity and model bias for clinical adoption. The text mentions both ML and AI, but the primary focus is on ML techniques and their applications in medical imaging. Deep learning architectures are also discussed as a subset of ML.

CATEGORY: DL",3.45,,False,2026-08-09T19:25:42
293,llama3.1:8b,V2.1,abstract,DL,"REASONING: 
1. The technical methods described in the text are psychophysics, 7 T fMRI, intracranial recordings, and a deep neural network model incorporating top-down feedback into a vision transformer.
2. The primary contribution of the paper is developing a deep neural network model that recapitulates and predicts human behavior in one-shot perceptual learning, which represents the core method of the paper.
3. Since the core method is a neural network architecture, it falls under the category of Deep Learning.

CATEGORY: DL",4.59,,False,2026-08-09T19:25:46
294,llama3.1:8b,V2.1,abstract,ML,"REASONING: The abstract describes a systematic study on country-level Environmental, Social, and Governance (ESG) modeling using publicly available World Bank indicators. The paper presents four computational tasks related to ESG analysis and compares linear and nonlinear models across these tasks.

CATEGORY: ML",3.06,,False,2026-08-09T19:25:49
295,llama3.1:8b,V2.1,abstract,,"REASONING: The abstract describes a study using statistical methods to investigate the relationships between undergraduate students' awareness, perception, and preparedness to use artificial intelligence tools for decision-making during health emergencies. The technical methods mentioned include one-sample t-tests, simple linear regression analyses, and random forest regression (RFR).

CATEGORY: None",3.22,,False,2026-08-09T19:25:52
296,llama3.1:8b,V2.1,abstract,ML,"REASONING: The abstract discusses the application of artificial intelligence (AI) techniques to diagnose structural heart disease (SHD) and valvular heart disease (VHD), specifically mentioning AI-guided models trained on various medical imaging modalities such as ECGs, chest X-rays, and coronary artery calcium scans. These models are used for diagnosis and prediction, with a focus on improving accuracy and accessibility.

CATEGORY: ML",3.75,,False,2026-08-09T19:25:56
297,llama3.1:8b,V2.1,abstract,ML,"REASONING: The abstract describes random forests, a type of ensemble learning method that combines multiple decision trees. The paper discusses the generalization error and internal estimates of random forests, as well as their application to classification and regression tasks.

CATEGORY: ML",2.43,,False,2026-08-09T19:25:59
298,llama3.1:8b,V2.1,abstract,AI,"REASONING: The abstract mentions advanced technologies such as NLP, ML, and DL, which are used to power adaptive learning systems. However, the primary focus is on the application of these technologies in education, rather than the technical methods themselves. The paper's core contribution appears to be the discussion of AI-driven platforms and their impact on educational practices.

CATEGORY: AI",3.49,,False,2026-08-09T19:26:02
299,llama3.1:8b,V2.1,abstract,,"REASONING: The abstract discusses various methods for disseminating accurate time, including Network Time Protocol (NTP), Precision Time Protocol (PTP), Global Navigation Satellite System (GNSS), and Two-Way Satellite Time and Frequency Transfer (TWSTFT). While the abstract mentions AI/ML as a tool for predictive control and resilience in timekeeping systems, it does not describe any specific neural network architectures or machine learning techniques. The primary contribution of the paper appears to be a review of timekeeping methods and emerging applications.

CATEGORY: None",4.52,,False,2026-08-09T19:26:07
0,llama3.1:8b,V2.2,abstract,ML,"REASONING: The abstract describes empirical scaling laws for language model performance, specifically focusing on the cross-entropy loss as a function of model size, dataset size, and computational resources. The primary contribution is not a new neural network architecture or algorithm, but rather an analysis of the relationships between these factors.

CATEGORY: ML",3.08,,False,2026-08-09T19:26:10
1,llama3.1:8b,V2.2,abstract,DL,"REASONING: The abstract describes a comparative study between classical and quantum neural networks on both classical and quantum data, highlighting their differences in response to data corruption and introducing a framework for quantum machine unlearning. The primary contribution of the paper is the comparison of these two types of models and the introduction of this new framework. This suggests that the core method of the paper involves comparing different machine learning approaches.

CATEGORY: DL",3.66,,False,2026-08-09T19:26:13
2,llama3.1:8b,V2.2,abstract,DL,"REASONING: The paper describes training a large, deep convolutional neural network (CNN) on the ImageNet dataset, using various techniques such as non-saturating neurons, GPU implementation, and dropout regularization. The primary contribution of the paper is the development and application of this specific CNN architecture to achieve state-of-the-art results in image classification.

CATEGORY: DL",3.71,,False,2026-08-09T19:26:17
3,llama3.1:8b,V2.2,abstract,ML,"REASONING: The abstract describes a comparative study evaluating the performance of four AI chatbots in addressing patient and physician-oriented questions on adrenal incidentalomas. The primary contribution of the paper is the comparison and evaluation of these chatbots' performance using various metrics.

CATEGORY: ML",2.85,,False,2026-08-09T19:26:20
4,llama3.1:8b,V2.2,abstract,DL,"REASONING: 
1. The technical methods described in the text are deep learning-based computer vision using a YOLOv11x network with a custom loss function for segmentation tasks.
2. The primary contribution of the paper is the development and evaluation of a deep learning model for automatically recognising key anatomical structures during laparoscopic donor nephrectomy, which represents a machine learning approach.
3. Although the paper mentions AI as a broader category, the core method described is a neural network architecture, specifically a deep learning-based computer vision system.

CATEGORY: DL",5.18,,False,2026-08-09T19:26:25
5,llama3.1:8b,V2.2,abstract,ML,"REASONING: 
1. The technical methods described in the text include various machine learning-based models (CART, C5, Random Tree, CHAID, KNN, MLP, RBF, SVM), data partitioning strategies, and input feature selection.
2. The primary contribution of the paper is to compare these machine learning models and evaluate their performance on a specific dataset for fetal distress detection.
3. Although neural networks (MLP and RBF) are mentioned, the focus is on comparing multiple classical machine learning methods rather than developing or applying deep learning techniques.

CATEGORY: ML",5.36,,False,2026-08-09T19:26:31
6,llama3.1:8b,V2.2,abstract,ML,"REASONING: 
1. The technical methods described in the text include digital imaging, database management, deep neural networks, machine learning (ML), automated image analysis, and facial reconstruction.
2. The primary contribution of the paper is the evaluation of advancements in Forensic Odontology (FO) through the integration of AI and ML techniques to improve human identification.
3. Since the core method involves the application of deep neural networks and ML to enhance analytical precision and accelerate data processing in FO, this represents a specific implementation of machine learning.

CATEGORY: ML",4.81,,False,2026-08-09T19:26:35
7,llama3.1:8b,V2.2,abstract,ML,"REASONING: The technical methods described in the text include the EM (Expectation-Maximization) algorithm, maximum likelihood estimation, and variants of the EM algorithm for specific scenarios such as sparse conditional distributions. The primary contribution of the paper is a new variant of the EM algorithm that achieves faster convergence in mixture estimation problems. This variant is based on an incremental approach where only one unobserved variable is recalculated at a time.

CATEGORY: ML",3.87,,False,2026-08-09T19:26:39
8,llama3.1:8b,V2.2,abstract,AI,"REASONING: The abstract discusses a philosophical critique of anthropocentric views of intelligence and proposes an expanded view that encompasses both biological and machine intelligence. The text mentions deep learning (DL) as a current development in artificial intelligence (AI), but the primary focus is on the conceptual framework for understanding intelligence, rather than technical methods or implementations.

CATEGORY: AI",3.68,,False,2026-08-09T19:26:43
9,llama3.1:8b,V2.2,abstract,DL,"**Step 1: Identify the technical methods described in the text**

The paper describes several machine learning (ML) techniques, including:

* Hybrid Particle Swarm Optimization-Grey Wolf Optimization (PSO-GWO) algorithm for feature selection
* Support Vector Machine Oversampling Synthetic Minority Over-sampling Technique (SVMSMOTE) for addressing class imbalance
* Ensemble learning algorithms, specifically CatBoost, which was selected as the final model
* SHAP (SHapley Additive exPlanations), LIME (Local Interpretable Model-agnostic Explanations), Partial Dependence Plot (PDP), and Individual Conditional Expectation (ICE) analyses for model interpretability
* Logistic regression for developing a nomogram
* Python Dash for creating an interactive web application

**Step 2: Determine which method represents the paper's primary contribution**

The paper's primary contribution is the development of a high-accuracy prediction model using hybrid ML and XAI techniques, specifically CatBoost with PSO-GWO feature selection. The model is designed to distinguish between orchiectomy and detorsion in testicular torsion (TT), and the authors also developed an interactive web application and nomogram for clinical use.

**Step 3: Assign the most specific applicable category**

The paper's primary contribution is a machine learning technique, specifically deep learning (DL) is not mentioned as a core method, but ensemble learning algorithms like CatBoost are used. However, since the paper uses neural network-based methods (Cat",11.85,,False,2026-08-09T19:26:55
10,llama3.1:8b,V2.2,abstract,DL,"REASONING: 
1. The technical methods described in the text are:
	* Neural Networks
	* K-Nearest Neighbors (KNN)
	* XGBoost
	* Decision Trees
	* Multiarmed Bandit algorithm with reinforcement learning capabilities
2. The primary contribution of this paper is the comparison and selection of forecasting algorithms for energy consumption prediction, specifically using a decision tree to identify unique contexts and then applying K-Nearest Neighbors or Neural Networks based on those contexts.
3. Since the core method involves neural networks, but also includes other machine learning techniques (KNN, XGBoost) and is focused on selecting the best algorithm for a specific task, the most specific applicable category is DL.

CATEGORY: DL",6.65,,False,2026-08-09T19:27:01
11,llama3.1:8b,V2.2,abstract,DL,"REASONING: The abstract describes a study that uses convolutional neural networks (CNNs) to classify cancer versus normal tissue in high-grade serous ovarian cancer, as well as machine learning methods such as Lasso regression to select significant features and predict chemotherapy response. The primary contribution of the paper is the development of a deep-learning pipeline for image-based analysis of tumor microenvironment and drug resistance.

CATEGORY: DL",3.76,,False,2026-08-09T19:27:05
12,llama3.1:8b,V2.2,abstract,ML,"REASONING:
1. The technical methods described in the text are machine learning algorithms applied for predicting intraoperative hypotension, specifically using electrocardiography and basal systolic and diastolic blood pressure.
2. The primary contribution of the paper is the meta-analysis of machine learning algorithms' performance in predicting intraoperative hypotension, which represents a specific application of classical machine learning techniques.
3. Since the core method described is not a neural network architecture but rather a general application of machine learning for prediction, and given that the focus is on evaluating the performance of these algorithms rather than developing new architectures or techniques, the most specific applicable category is ML.

CATEGORY: ML",5.98,,False,2026-08-09T19:27:11
13,llama3.1:8b,V2.2,abstract,ML,"REASONING: The abstract discusses statistical challenges related to data mining and association assessment, specifically focusing on ""selective inference"" in the context of big data and complex modeling. The paper describes recent developments in selective inference and illustrates their use with various statistical methods, including forward stepwise regression, the lasso, and principal components analysis.

CATEGORY: ML",3.19,,False,2026-08-09T19:27:14
14,llama3.1:8b,V2.2,abstract,ML,"REASONING: The abstract discusses the application of various AI techniques, including machine learning and deep learning, to enhance credit-risk modeling, portfolio optimization, and ESG evaluation in sustainable green finance. The primary contribution of the paper is a review of recent literature on how these techniques can be applied in this domain.

CATEGORY: ML",2.96,,False,2026-08-09T19:27:17
15,llama3.1:8b,V2.2,abstract,DL,"REASONING:
The abstract describes a study that uses deep learning models to classify intraoral photographs as malignant or benign, with the primary contribution being the evaluation of these models for their ability to detect oral cancer. The technical methods described are specific to neural network architectures and their application in image classification.

CATEGORY: DL",2.96,,False,2026-08-09T19:27:20
16,llama3.1:8b,V2.2,abstract,ML,"REASONING:
The abstract describes the use of machine learning techniques, specifically a gradient-boosting framework (LightGBM), to predict contraceptive continuation among women in sub-Saharan Africa. The primary contribution of the paper is the development and evaluation of a predictive model using machine learning methods.

CATEGORY: ML",3.4,,False,2026-08-09T19:27:24
17,llama3.1:8b,V2.2,abstract,DL,"REASONING:
1. The technical methods described in the text include artificial neural networks, support vector machines, random forests, convolutional neural networks, deep learning models, peak integration, matrix-effect prediction, anomaly detection, chromatographic optimization, and real-time analytical monitoring.
2. The primary contribution of the paper is a comprehensive review of recent literature on AI-assisted bioanalytical methodologies, with a focus on their applications in various areas such as peak integration, matrix-effect prediction, and chromatographic optimization.
3. Since the core method described in the text involves the use of neural networks (including convolutional neural networks and deep learning models) for various applications, including peak integration, matrix-effect prediction, and chromatographic optimization, I will classify this paper under DL.

CATEGORY: DL",6.56,,False,2026-08-09T19:27:30
18,llama3.1:8b,V2.2,abstract,ML,"REASONING: The abstract discusses the application of artificial intelligence (AI) methods, specifically deep learning and machine learning, in integrating multi-omics data for cancer diagnosis and treatment. The primary contribution of the paper is a review of cutting-edge AI methodologies and their applications in precision oncology.

CATEGORY: ML",3.05,,False,2026-08-09T19:27:33
19,llama3.1:8b,V2.2,abstract,ML,"REASONING: The abstract discusses the application of artificial intelligence (AI) methods to improve cancer theranostics through nanoparticles. The primary technical methods described are machine learning, deep learning, reinforcement learning, and generative models applied to nanoparticle development.

CATEGORY: ML",3.09,,False,2026-08-09T19:27:36
20,llama3.1:8b,V2.2,abstract,DL,"REASONING: 
1. The technical methods described in the text include a new technique called ""t-SNE"" (a variation of Stochastic Neighbor Embedding), random walks on neighborhood graphs, and comparisons with existing non-parametric visualization techniques such as Sammon mapping, Isomap, and Locally Linear Embedding.
2. The primary contribution of the paper is the introduction of t-SNE, a new technique for visualizing high-dimensional data that produces better results than existing methods.
3. Since t-SNE is a specific neural network-based method (albeit not explicitly stated as such), but rather an algorithmic approach to dimensionality reduction and visualization, it can be classified under DL.

CATEGORY: DL",5.91,,False,2026-08-09T19:27:42
21,llama3.1:8b,V2.2,abstract,DL,"REASONING: 
1. The technical methods described in the text include Z-score normalization, improved sand cat swarm optimization (ISCSO) for feature selection, Bayesian neural network (BNN) for classification, whale optimization algorithm (WOA) for hyperparameter tuning, and SHAP for explainability.
2. The primary contribution of the paper is the development of a novel Two-Tier Metaheuristic Algorithm for Cyberattack Defense Analysis using Explainable Artificial Intelligence based Bayesian Deep Learning (TTMCDA-XAIBDL) method, which integrates multiple techniques to detect and mitigate ransomware cyber threats.
3. Since the core method involves neural networks (BNN), but also includes other machine learning methods such as ISCSO, WOA, and SHAP, and is primarily focused on developing a novel approach that combines these techniques, it represents a deep learning approach.

CATEGORY: DL",7.41,,False,2026-08-09T19:27:50
22,llama3.1:8b,V2.2,abstract,ML,"REASONING: The abstract describes a systematic review and meta-analysis of economic evaluations on the cost-effectiveness of artificial intelligence in precision medicine. The technical methods mentioned include systematic searching, data extraction, risk-of-bias assessment using the ECOBIAS checklist, regression analyses incorporating machine learning, and value-for-money quantification.

CATEGORY: ML",3.33,,False,2026-08-09T19:27:53
23,llama3.1:8b,V2.2,abstract,DL,"REASONING:
1. The technical methods described in the text include deep learning (specifically 3D nnU-Net for segmentation), radiomics, support vector machine (SVM) classification, random forest (RF) classification, stochastic gradient descent (SGD) classification, and neural network-based segmentation.
2. The primary contribution of the paper is the development of a CT-based artificial intelligence system that can perform ACL segmentation and tears diagnosis, which involves multiple technical methods but is primarily focused on deep learning for segmentation and machine learning for classification.
3. Given that the core method is a neural network (specifically 3D nnU-Net), classify as DL even though it is also ML and AI.

CATEGORY: DL",6.13,,False,2026-08-09T19:27:59
24,llama3.1:8b,V2.2,abstract,ML,"**Step 1: Identify the technical methods described in the text**

The paper describes several machine learning techniques used to predict food addiction among university students, including:

* Tomek Links and SMOTE techniques for class imbalance
* Feature selection using twelve different algorithms (not specified which ones)
* Ten different machine learning models:
	+ Logistic Regression (LR)
	+ K-Nearest Neighbors (KNN)
	+ Gaussian Naive Bayes (GNB)
	+ Support Vector Classifier (SVC) with probability estimation
	+ Decision Tree (DT)
	+ Random Forest (RF)
	+ AdaBoost
	+ Gradient Boosting Classifier (GBC)
	+ CatBoost
	+ LightGBM
* SHAP analysis for feature importance and interpretation

**Step 2: Determine which method represents the paper's primary contribution**

The paper's primary contribution is not a new machine learning algorithm or technique, but rather the application of advanced computational models to predict food addiction among university students using personality profiles. The authors integrated multiple machine learning methods to achieve this goal.

**Step 3: Assign the most specific applicable category**

Given that the paper focuses on applying machine learning techniques to a specific problem, and not on developing new neural network architectures or symbolic reasoning approaches, I would categorize it as:

CATEGORY: ML",11.21,,False,2026-08-09T19:28:10
25,llama3.1:8b,V2.2,abstract,ML,"REASONING: 
1. The technical methods described in the text are particle swarm optimization (PSO), coati optimization (COO), gated recurrent unit (GRU), adaptive neuro-fuzzy inference system (ANFIS), and a hybrid model combining these methods.
2. The primary contribution of the paper is the development of a new hybrid model, PSO-COO-GRU-ANFIS (PCGA), which integrates multiple techniques to improve groundwater level prediction accuracy.
3. Although the paper involves deep learning (GRU) and machine learning (PSO, COO, ANFIS) components, the core method is the hybrid model that combines these techniques, making it a subset of machine learning.

CATEGORY: ML",6.38,,False,2026-08-09T19:28:17
26,llama3.1:8b,V2.2,abstract,ML,"REASONING: The abstract discusses the application of explainable AI (XAI) methods in sports science, specifically focusing on how these methods have been used to make machine learning models more transparent and interpretable. The paper reviews 19 studies that applied XAI techniques in various sports disciplines.

CATEGORY: ML",3.1,,False,2026-08-09T19:28:20
27,llama3.1:8b,V2.2,abstract,ML,"REASONING: The abstract describes the use of multiple machine learning models (extreme gradient boosting, multilayer perceptron, L1- and L2-regularized logistic regression) to predict functional outcome after acute ischemic stroke, with a focus on identifying key drivers of performance using explainable artificial intelligence. The primary contribution of the paper is the comparison of different machine learning models for predicting functional outcome after AIS.

CATEGORY: ML",3.86,,False,2026-08-09T19:28:24
28,llama3.1:8b,V2.2,abstract,ML,"REASONING: The abstract describes a study that aims to develop a mathematical predictive model using machine learning techniques to predict rainfall isotopic values. Several machine learning algorithms are compared, but the primary contribution is the development of a specific model using Random Forest (RF) algorithm.

CATEGORY: ML",2.8,,False,2026-08-09T19:28:26
29,llama3.1:8b,V2.2,abstract,ML,"REASONING: The abstract describes a study that applies machine learning algorithms to analyze data from 30 published studies on traumatic brain injury (TBI). The authors use various machine learning techniques, including random forest, gradient boosting, and extreme gradient boosting, to develop predictive models for cognitive outcomes after TBI.

CATEGORY: ML",3.33,,False,2026-08-09T19:28:30
30,llama3.1:8b,V2.2,abstract,ML,"REASONING: The abstract describes various technical methods used in phytochemical-based drug discovery, including metabolite identification, virtual screening, target prediction, and toxicity assessment, which are supported by machine learning and deep learning approaches. The primary contribution of the paper is a review of current AI applications in this field, discussing both the benefits and challenges of using AI for phytochemical screening. The abstract highlights the integration of chemical, biological, and multi-omics data to explore natural product diversity.

CATEGORY: ML",4.29,,False,2026-08-09T19:28:34
31,llama3.1:8b,V2.2,abstract,DL,"**Step 1: Identify the technical methods described in the text**

The paper describes a novel ensemble of six hybrid models that integrate spatial and temporal learning to forecast nocturnal SUHI in Tehran through 2030. The models include three machine learning (ML) and three deep learning (DL) models, with specific combinations such as U-Net with Long Short-Term Memory (LSTM) networks.

**Step 2: Determine which method represents the paper's primary contribution**

The primary objective of the study is to provide a robust, actionable forecasting framework aligned with Sustainable Development Goals (SDGs). The paper focuses on developing and benchmarking a novel ensemble of hybrid models that integrate spatial and temporal learning. While both ML and DL methods are used, the emphasis is on combining these approaches to achieve better results.

**Step 3: Assign the most specific applicable category**

The paper's primary contribution lies in its use of deep learning (DL) architectures, specifically the combination of U-Net with LSTM networks, which represents a novel approach to forecasting nocturnal SUHI. While machine learning methods are also used, the DL component is the core innovation.

REASONING: The paper focuses on developing and benchmarking a novel ensemble of hybrid models that integrate spatial and temporal learning, with an emphasis on deep learning architectures.
CATEGORY: DL",10.46,,False,2026-08-09T19:28:45
32,llama3.1:8b,V2.2,abstract,ML,"REASONING: The abstract discusses the application of artificial intelligence (AI) and machine learning (ML) techniques, specifically deep learning and ensemble methods, to non-small cell lung cancer (NSCLC). The primary contribution of the paper is a narrative review that synthesizes recent studies on AI/ML applications in NSCLC.

CATEGORY: ML",3.24,,False,2026-08-09T19:28:48
33,llama3.1:8b,V2.2,abstract,ML,"REASONING: The abstract discusses the application of artificial intelligence (AI) and machine learning (ML) techniques, specifically supervised learning, deep neural networks, natural language processing, and reinforcement learning, to the field of drug repurposing for hepatitis B virus (HBV) treatment. The primary contribution of the paper is not a new AI/ML technique itself, but rather its application in a specific domain.

CATEGORY: ML",3.91,,False,2026-08-09T19:28:52
34,llama3.1:8b,V2.2,abstract,DL,"REASONING: 
1. The technical methods described in the text include convolutional neural networks (CNNs), multimodal imaging, Gaussian filter (GF) for image pre-processing, VGG16, MobileNetV1, EfficientNetB5 feature extraction models, attention mechanism-based CNN, and bi-directional long short-term memory (BiLSTM-AM) classifier.
2. The primary contribution of the paper is the AIDCNN-CDMKO methodology framework, which utilizes a combination of these methods to support clinical decision-making for kidney tumour identification and classification.
3. Since the core method of the paper's primary contribution is a neural network (specifically CNNs), I will classify it as DL even though it also involves ML concepts.

CATEGORY: DL",6.55,,False,2026-08-09T19:28:58
35,llama3.1:8b,V2.2,abstract,ML,"REASONING: The abstract describes the use of supervised machine learning classifiers to detect Adverse Drug Reactions (ADRs) from text data, specifically social media comments and drug reviews. The primary contribution of the paper is the evaluation and comparison of different machine learning models for ADR detection.

CATEGORY: ML",3.02,,False,2026-08-09T19:29:01
36,llama3.1:8b,V2.2,abstract,DL,"REASONING: 
1. The technical methods described in the text include min-max normalization, improved sparrow search algorithm (ISSA) for feature selection, long short-term memory (MIX_LSTM) model for classification, and rabbit optimization algorithm (ROA) for hyperparameter selection.
2. The primary contribution of the paper is the proposed AIBID-SCSA technique, which combines these methods to enhance intrusion detection in 6G-IoT networks.
3. Since the core method of the AIBID-SCSA technique involves a neural network architecture (MIX_LSTM model), it represents the most specific applicable category.

CATEGORY: DL",5.73,,False,2026-08-09T19:29:07
37,llama3.1:8b,V2.2,abstract,ML,"REASONING:
1. The technical methods described in the text include image-based CNN-VGG16 deep learning, wavelet-based machine learning (Daubechies transforms), Isolation Forest anomaly-detection, signal processing (time–frequency denoising and rule-based thresholds), and expert supervision.
2. The primary contribution of the paper is the evaluation and comparison of two approaches: a deep learning method using CNN-VGG16 and a machine learning method using wavelet-based Daubechies transforms, both for classifying detrusor overactivity (DO) in cystometry (CMG).
3. Although the paper involves both deep learning and machine learning methods, the primary contribution is the comparison of these two specific approaches, which makes the most specific applicable category ""ML"" since it represents the core method being evaluated.

CATEGORY: ML",7.49,,False,2026-08-09T19:29:15
38,llama3.1:8b,V2.2,abstract,DL,"REASONING: The abstract describes a specific application of machine learning (sparse convolutional neural network) to predict amino acid mutations that enhance enzyme thermostability. The primary contribution of the paper is the experimental validation of these predictions and the molecular basis of the enhanced stability.

CATEGORY: DL",3.01,,False,2026-08-09T19:29:18
39,llama3.1:8b,V2.2,abstract,ML,"REASONING: 
1. The technical methods described in the text include Convolutional Neural Networks (CNN), Random Forest, Support Vector Machine (SVM), and Extreme Gradient Boosting, which are all machine learning techniques.
2. The primary contribution of the paper is to review and analyze the evidence on the use of artificial intelligence in managing skin injuries, specifically highlighting the application of these machine learning methods.
3. Although the paper discusses various AI approaches, including CNNs, it primarily focuses on the technical implementation of machine learning methods for a specific task.

CATEGORY: ML",5.06,,False,2026-08-09T19:29:23
40,llama3.1:8b,V2.2,abstract,DL,"REASONING: 
1. The technical methods described in the text include explainable machine learning (XAI), artificial neural networks (ANNs), SHapley Additive exPlanations (SHAP), and Technology Computer-Aided Design (TCAD) simulations.
2. The primary contribution of the paper is a novel framework that integrates ANNs with XAI for accurate and interpretable device modeling, specifically in SiC MOSFETs.
3. Since the core method involves neural networks, which are a subset of machine learning techniques, the most specific applicable category is DL.

CATEGORY: DL",5.18,,False,2026-08-09T19:29:28
41,llama3.1:8b,V2.2,abstract,ML,"REASONING: 
1. The technical methods described in the text are machine learning (ML) algorithms, specifically random forest, support vector regression, K-nearest neighbors, Shapley additive explanations (SHAP), linear regression, and parametric sweeping.
2. The primary contribution of the paper is the development of an integrated ML-based black-box modeling and explainable artificial intelligence (XAI)-based analysis for accurate yet interpretable parametric analysis of yarn quality.
3. Since the core method involves neural networks are not mentioned but rather classical machine learning algorithms, and the primary contribution is about combining these with XAI techniques, it falls under the category of Machine Learning.

CATEGORY: ML",5.87,,False,2026-08-09T19:29:34
42,llama3.1:8b,V2.2,abstract,ML,"REASONING: 
1. The technical methods described in the text include the use of Gray Level Co-occurrence Matrix (GLCM) features to extract image characteristics, machine learning models such as Fine Tree, Medium Tree, Linear Discriminant, Linear Support Vector Machine, K-Nearest Neighbors, and a Neural Network (MLP) model. 
2. The primary contribution of the paper is the development of machine learning models that achieve exceptional classification capabilities in differentiating oral squamous cell carcinoma (OSCC) from normal tissues.
3. Since the core method used to achieve the results is a machine learning approach with specific models, and not specifically deep learning techniques such as CNNs or RNNs, but rather classical machine learning methods including neural networks.

CATEGORY: ML",7.08,,False,2026-08-09T19:29:41
43,llama3.1:8b,V2.2,abstract,AI,"REASONING: The abstract describes a bibliometric study that maps global research trends in artificial intelligence-based knee osteoarthritis progression prediction. The technical methods described include bibliometric analysis using Web of Science, Scopus, PubMed, and IEEE Xplore, as well as network and overlay visualizations to characterize international collaboration and temporal evolution of research themes.

CATEGORY: AI",3.83,,False,2026-08-09T19:29:45
44,llama3.1:8b,V2.2,abstract,ML,"REASONING: The abstract describes the use of machine learning regression techniques, metaheuristic algorithms, SHAP and CAM sensitivity analyses to analyze global energy consumption and predict key metrics. The primary contribution of the paper is the development of an analytical framework for global energy forecasting that integrates optimization algorithms with advanced models.

CATEGORY: ML",3.14,,False,2026-08-09T19:29:48
45,llama3.1:8b,V2.2,abstract,DL,"REASONING: The paper describes an artificial-intelligence-based diagnostic approach that combines an improved Exponential Triangular Optimization algorithm (IETO) with a convolutional neural network (CNN) model for bearing fault diagnosis in computer numerical control (CNC) machines. The primary contribution of the paper is the development of an end-to-end bearing fault diagnosis model using IETO and CNN, which achieves high diagnostic accuracy.

CATEGORY: DL",4.19,,False,2026-08-09T19:29:52
46,llama3.1:8b,V2.2,abstract,ML,"REASONING: 
1. The technical methods described in the text include feature reduction using Spearman correlation and LASSO regression, predictive models constructed using five machine learning algorithms (ExtraTrees, XGBoost, LightGBM), and decision curve analysis.
2. The primary contribution of the paper is the development and comparison of predictive models for early recurrence of hepatocellular carcinoma (HCC) using a combination of clinical blood biomarkers, MRI features, and pathological parameters.
3. Since the core method involves constructing predictive models using machine learning algorithms, which are a subset of artificial intelligence approaches, but specifically focuses on classical machine learning techniques rather than neural networks.

CATEGORY: ML",5.67,,False,2026-08-09T19:29:58
47,llama3.1:8b,V2.2,abstract,AI,"REASONING: The abstract discusses the application of artificial intelligence (AI) in online education, specifically in discussion forums, to support autonomous students' learning. The paper reviews existing articles on this topic, analyzing their methods and findings to identify effective integration strategies.

CATEGORY: AI",2.99,,False,2026-08-09T19:30:01
48,llama3.1:8b,V2.2,abstract,ML,"REASONING: The abstract describes a biosensing platform that uses machine learning-assisted analysis of RGB features extracted from smartphone-captured images, in addition to a dual-mode sensor based on iron-doped carbon quantum dots (Fe0.45-CDs) and sarcosine oxidase (SOX). The primary contribution of the paper is the development of this biosensing platform, which combines nanozyme-bioenzyme cascade catalysis with machine learning for cancer diagnosis and biomarker quantification.

CATEGORY: ML",4.94,,False,2026-08-09T19:30:06
49,llama3.1:8b,V2.2,abstract,ML,"REASONING: The abstract describes a data-driven predictive model that uses machine learning techniques to estimate mean pulmonary artery pressure (mPAP) based on individual patient clinical diagnostic features and CMR-related features. The primary contribution of the paper is the development of this predictive model, which is compared to traditional invasive measurement methods.

CATEGORY: ML",3.1,,False,2026-08-09T19:30:09
50,llama3.1:8b,V2.2,abstract,ML,"REASONING: The paper introduces a formal reduction between two machine learning algorithms, Elastic Net and Support Vector Machine, and demonstrates its high impact potential by translating recent advances in parallelizing SVM solvers to the Elastic Net. The primary contribution of the paper is the development of an efficient algorithm for solving the Elastic Net problem using GPU and multi-core CPUs. This is achieved through a technical implementation that combines machine learning techniques with parallel computing.

CATEGORY: ML",3.83,,False,2026-08-09T19:30:12
51,llama3.1:8b,V2.2,abstract,ML,"REASONING: The abstract discusses the application of artificial intelligence (AI) models, specifically those utilizing machine learning (ML) and deep learning (DL), in predicting hematoma expansion (HE) in patients with intracerebral hemorrhage (ICH). The primary contribution of the paper is to evaluate the effectiveness of these AI-based models in clinical settings.

CATEGORY: ML",3.91,,False,2026-08-09T19:30:16
52,llama3.1:8b,V2.2,abstract,ML,"REASONING: The abstract describes the application of a machine learning model based on a multilayer artificial neural network to forecast COVID-19 cases, deaths, and case fatality ratio using land use forms and population density as input data. The primary contribution of the paper is the development and evaluation of this specific machine learning model.

CATEGORY: ML",3.52,,False,2026-08-09T19:30:20
53,llama3.1:8b,V2.2,abstract,Unclear,"REASONING: 
1. The technical methods described in the text include Deep Learning (DL), Natural Language Processing, Radiomics, multi-omics analysis, and classical machine learning approaches.
2. The primary contribution of the paper appears to be a review and discussion on the applications and challenges of using AI and ML in oncology, with a focus on DL and its related techniques such as Radiomics and multi-omics analysis.
3. Although the paper discusses various technical methods, the core concept is not a specific neural network architecture or a novel machine learning algorithm but rather an overview of the current state and future directions of AI and ML in oncology.

CATEGORY: Unclear",5.79,,False,2026-08-09T19:30:26
54,llama3.1:8b,V2.2,abstract,DL,"REASONING: 
1. The technical methods described in the text are deep learning (specifically, a concentric deep learning model) and its application to forecasting financial risks using historical data from various sources.
2. The primary contribution of the paper is the development and evaluation of this specific deep learning model for financial risk forecasting, which represents the core methodological approach of the paper.
3. Although the paper also involves machine learning (data-driven approach, use of historical data) and artificial intelligence (application in a real-world domain), the most specific applicable category is DL due to the focus on neural network architectures.

CATEGORY: DL",5.75,,False,2026-08-09T19:30:31
55,llama3.1:8b,V2.2,abstract,ML,"REASONING: The abstract describes the application of artificial intelligence (AI) and machine learning (ML) in conjunction with multi-omics data to improve risk stratification models for plasma cell disorders. The primary contribution of the paper is not the development of a new AI or ML technique, but rather its integration into clinical practice to address specific challenges.

CATEGORY: ML",3.43,,False,2026-08-09T19:30:35
56,llama3.1:8b,V2.2,abstract,ML,"REASONING: The abstract describes a method for APT attribution using Dempster-Shafer joint theory to combine features from CTI reports, including attack patterns, textual information, and graph topology. The primary contribution is a multi-level feature fusion approach that leverages machine learning models and evidence theory.

CATEGORY: ML",3.06,,False,2026-08-09T19:30:38
57,llama3.1:8b,V2.2,abstract,AI,"REASONING: The abstract describes a systematic review protocol that aims to synthesize existing studies on the application of artificial intelligence (AI) tools for risk prediction and therapy optimization of MRSA pneumonia. The technical methods described include supervised machine learning models for pneumonia discrimination, ML-CDSS (Clinical Decision Support Systems), and potential integration into clinical practice.

CATEGORY: AI",3.42,,False,2026-08-09T19:30:41
58,llama3.1:8b,V2.2,abstract,ML,"REASONING: The abstract discusses the application of artificial intelligence (AI) in food formulation, including AI-assisted recipe generation, ingredient selection, and quality- and safety-driven product development. The text highlights various AI models used in this context, but does not delve into specific technical details or methodologies beyond their general use.

CATEGORY: ML",3.53,,False,2026-08-09T19:30:45
59,llama3.1:8b,V2.2,abstract,DL,"REASONING: 
1. The technical methods described in the text are Machine Learning (ML) models, specifically ensemble models optimized using Arithmetic Optimization Algorithm (AOA), and the use of Standard Scaler normalization.
2. The primary contribution of the paper is the application of AOA optimization for ensemble ML models to improve predictive performance, accuracy, and generalization.
3. Since the core method involves neural network-based Machine Learning models, even though they are also a subset of AI, I will classify it as DL.

CATEGORY: DL",4.73,,False,2026-08-09T19:30:50
60,llama3.1:8b,V2.2,abstract,DL,"REASONING:
The technical methods described in the text include deep learning, specifically neural network architectures (temporal convolutional and attention-based recurrent modelling), as well as quantum-inspired feature encoding inspired by quantum neural networks. The paper's primary contribution is a new framework called QuantumNeuroXAI that combines these methods to provide inherent explainability for EEG-based diagnosis of neurological disorders.

CATEGORY: DL",3.88,,False,2026-08-09T19:30:54
61,llama3.1:8b,V2.2,abstract,ML,"REASONING: The abstract discusses the application of artificial intelligence (AI) in clinical oncology, specifically focusing on machine learning methods such as computer-aided detection (CAD) and diagnosis (CADx), radiomics, and federated learning. These technical methods are used to improve tumor identification, characterization, and personalized therapy. However, the primary contribution of the paper is not a new AI or ML method, but rather a review and analysis of the current state of AI in abdominal oncology.

CATEGORY: ML",4.91,,False,2026-08-09T19:30:58
62,llama3.1:8b,V2.2,abstract,ML,"REASONING:
The abstract describes a study that evaluates the predictive performance of multiple machine-learning algorithms on postoperative air-bone gap following tympanoplasty. The primary contribution of the paper is to compare the accuracy of six supervised machine-learning algorithms in predicting hearing outcomes.

CATEGORY: ML",2.82,,False,2026-08-09T19:31:01
63,llama3.1:8b,V2.2,abstract,ML,"REASONING: The abstract describes the technical methods used in the paper as supervised learning algorithms (Logistic Regression, Random Forest, XGBoost, LightGBM) and Explainable Artificial Intelligence (XAI) techniques, specifically SHAP framework for feature importance analysis. The primary contribution of the paper is to assess the predictive performance and interpretability of these models using XAI techniques.

CATEGORY: ML",3.63,,False,2026-08-09T19:31:05
64,llama3.1:8b,V2.2,abstract,ML,"REASONING:
1. The technical methods described in the text are scoping review, literature search using MEDLINE, EMBASE, and Web of Science databases, predictive models, estimation models, diagnostic image analysis, injury prediction, recovery estimation, and machine learning applications.
2. The primary contribution of the paper is to evaluate the current state of AI and ML application in sports medicine, identify key priorities for future advancements, and provide a framework for implementation. While various technical methods are described, the core focus is on reviewing and evaluating existing research rather than developing new techniques.
3. Given that machine learning applications are the primary subject of evaluation and discussion, but no specific neural network architectures or deep learning techniques are mentioned, the most specific applicable category is ML.

CATEGORY: ML",6.31,,False,2026-08-09T19:31:11
65,llama3.1:8b,V2.2,abstract,,"REASONING: The abstract discusses the relationship between cerebrovascular dysfunction and Alzheimer's disease (AD), highlighting the importance of neurovascular unit (NVU) impairment in AD progression. It also mentions technological breakthroughs, including machine learning and deep learning, but these are presented as enabling technologies rather than the primary focus of the paper.

CATEGORY: None",3.28,,False,2026-08-09T19:31:15
66,llama3.1:8b,V2.2,abstract,DL,"REASONING:
1. The technical methods described in the text include machine learning models, deep neural network architectures, Shapley additive explanations (SHAP) analysis, and predictive modeling using clinical variables and systolic blood pressure (SBP) metrics.
2. The primary contribution of the paper is the development and comparison of machine learning models for predicting functional outcomes after successful endovascular thrombectomy (EVT), with a focus on incorporating SBP metrics into these models.
3. Given that the core method used in this study is a deep neural network architecture, which is a specific type of neural network, I will classify the paper as DL.

CATEGORY: DL",5.69,,False,2026-08-09T19:31:20
67,llama3.1:8b,V2.2,abstract,ML,"REASONING: The abstract discusses various technical approaches to diagnose anemia, including machine learning models that analyze blood test records and images, deep learning techniques for image analysis, optimization algorithms, hybrid algorithms, and traditional invasive tests. The primary contribution of the paper is a review and comparison of these different methods in terms of accuracy, features, research gaps, and future scope.

CATEGORY: ML",4.01,,False,2026-08-09T19:31:24
68,llama3.1:8b,V2.2,abstract,ML,"REASONING:
The technical methods described in the text are LIME (a novel explanation technique) and a method to explain models by presenting representative individual predictions and their explanations using submodular optimization. The primary contribution of the paper is the development of these two methods, which aim to provide interpretable and faithful explanations for machine learning model predictions.

CATEGORY: ML",3.22,,False,2026-08-09T19:31:27
69,llama3.1:8b,V2.2,abstract,DL,"REASONING: 
1. The technical methods described in the text include Temporal Convolutional Network (TCN), Gaussian filtering (GF), NASNetMobile, DenseNet121, MobileNetV3Large, and Adamax optimization.
2. The primary contribution of the paper is the development of a novel fall activity recognition system called TCN-FARSDP, which employs a temporal convolutional network classifier for detecting falls among disabled persons.
3. Since the core method of the paper is a neural network (TCN), I will classify it as DL even though it also involves ML and AI concepts.

CATEGORY: DL",5.24,,False,2026-08-09T19:31:33
70,llama3.1:8b,V2.2,abstract,ML,"REASONING: The abstract discusses the application of artificial intelligence (AI) to tailor virtual reality exposure therapy (VRET), highlighting various AI methods such as conversational AI, machine learning for outcome prediction, and personalization techniques. However, the primary focus is on reviewing existing research and identifying best practices rather than presenting new technical methods.

CATEGORY: ML",3.7,,False,2026-08-09T19:31:36
71,llama3.1:8b,V2.2,abstract,ML,"REASONING: The abstract discusses the application of artificial intelligence in healthcare, specifically in diabetes care, and proposes a set of priorities and standards for establishing trust in medical AI systems. The technical methods described include probabilistic outputs, ""top-choice only"" outputs, and six key attributes of trustworthy medical AI (accuracy, reproducibility, privacy/security, transparency, human oversight, and fairness).

CATEGORY: ML",3.57,,False,2026-08-09T19:31:40
72,llama3.1:8b,V2.2,abstract,ML,"REASONING: The abstract discusses the application of artificial intelligence (AI) techniques, specifically machine learning (ML) methods such as Convolutional Neural Networks (CNNs), for dermoscopic image analysis in skin cancer detection. The primary contribution of the paper is a systematic review and comparison of different AI-based algorithms.

CATEGORY: ML",3.27,,False,2026-08-09T19:31:43
73,llama3.1:8b,V2.2,abstract,AI,"REASONING: The abstract discusses the integration of quantum computing (QC) and artificial intelligence (AI), highlighting its potential applications in various sectors, including data science, healthcare, finance, and cybersecurity. The study aims to identify key technological features, integration requirements, and sectoral applications through a systematic literature review.

CATEGORY: AI",3.33,,False,2026-08-09T19:31:47
74,llama3.1:8b,V2.2,abstract,DL,"REASONING: 
1. The technical methods described in the text include Refined Deep Evolutionary Learning Framework (R-DELF), ESM-2 Transformer, Graph Neural Networks (GNNs), and Explainable AI layer.
2. The primary contribution of the paper is the proposed R-DELF framework, which combines multiple techniques to predict proactive viral mutations and assess vaccine suitability.
3. Since the core method of the paper is a neural network-based approach, specifically combining transformers and graph neural networks, it represents a deep learning technique.

CATEGORY: DL",5.4,,False,2026-08-09T19:31:52
75,llama3.1:8b,V2.2,abstract,ML,"REASONING: The paper discusses and compares different methods for hyper-parameter optimization, specifically grid search, manual search, and random search. The primary contribution of the paper is to empirically demonstrate that random search is more efficient than grid search for hyper-parameter optimization.

CATEGORY: ML",2.75,,False,2026-08-09T19:31:55
76,llama3.1:8b,V2.2,abstract,ML,"REASONING:
The abstract discusses a systematic review and meta-analysis comparing the performance of Machine Learning/Deep Learning (ML/DL) algorithms with conventional imaging methods for preoperative grading of pancreatic neuroendocrine tumors (PanNETs). The primary contribution of the paper is the comparison of ML/DL models with conventional expert interpretation, rather than developing new ML/DL techniques.

CATEGORY: ML",3.69,,False,2026-08-09T19:31:58
77,llama3.1:8b,V2.2,abstract,ML,"REASONING: 
The paper describes the use of Variational Quantum Classifiers (VQCs), which combine classical machine learning with quantum computing techniques to improve classification approaches. The primary contribution is a comparison between VQCs and standard classical classifiers in modeling cross-sector nonlinear dependencies.

CATEGORY: ML",2.88,,False,2026-08-09T19:32:01
78,llama3.1:8b,V2.2,abstract,DL,"REASONING: 
1. The technical methods described in the text include K-means clustering, supervised algorithms (KNN, SVM, ANN), XAI tools (SHAP and LIME), spatial clustering using Moran's I coefficient, network analysis, and multi-dimensional machine learning tools.
2. The primary contribution of the paper is to determine different regimes of governance that go beyond traditional classifications, which is achieved through a combination of unsupervised and supervised algorithms in conjunction with XAI tools.
3. Since the core method involves neural networks (ANN) and multi-dimensional machine learning tools, but also includes other methods such as clustering and spatial analysis, the most specific applicable category is DL.

CATEGORY: DL",6.27,,False,2026-08-09T19:32:08
79,llama3.1:8b,V2.2,abstract,DL,"REASONING: 
1. The technical methods described in the text are machine learning (specifically, decision tree learning), flow cytometry, and integration of electronic health records (EHR) variables with extracellular vesicle features.
2. The primary contribution of the paper is the development of a novel artificial intelligence-driven decision support system for stroke diagnosis using machine learning techniques to fuse EHR variables with EV information.
3. Since the core method used in this study is a neural network equivalent (decision tree learning model), and it's also a subset of machine learning, I will classify it as DL even though it is also ML and AI.

CATEGORY: DL",5.67,,False,2026-08-09T19:32:13
80,llama3.1:8b,V2.2,abstract,DL,"REASONING: The abstract describes neural machine translation as a specific approach within machine learning, and proposes an extension to the encoder-decoder architecture using a novel method of soft-searching for relevant parts of the source sentence. This new approach is compared to existing state-of-the-art phrase-based systems and achieves comparable performance on English-to-French translation.

CATEGORY: DL",3.75,,False,2026-08-09T19:32:17
81,llama3.1:8b,V2.2,abstract,ML,"REASONING: The abstract describes a study that compares 14 machine learning models using various datasets and evaluates their performance in estimating patient-level EQ-5D-5L index scores. The primary contribution of the paper is to identify the best-performing ML model, AdaBoost, for this specific task.

CATEGORY: ML",3.07,,False,2026-08-09T19:32:20
82,llama3.1:8b,V2.2,abstract,ML,"REASONING: The technical methods described in the text are related to support vector machines (SVMs), specifically a least squares version of SVM classifiers. This method involves solving a set of linear equations instead of quadratic programming, which is the primary contribution of the paper. The approach is illustrated on a specific benchmark classification problem.

CATEGORY: ML",2.98,,False,2026-08-09T19:32:23
83,llama3.1:8b,V2.2,abstract,AI,"REASONING: The abstract describes a tool called BizAssistBot that utilizes artificial intelligence (AI) to improve the examination of small businesses for undergraduate students. The technical methods described include natural language processing, machine learning, data analytics, and real-world business simulations.

CATEGORY: AI",2.77,,False,2026-08-09T19:32:26
84,llama3.1:8b,V2.2,abstract,ML,"REASONING: The paper describes the use of finite element method (FEM) simulations to assess mechanical responses of different implants, and the integration of FEM with machine learning and deep learning regression models to predict stresses, strains, and deformations. The primary contribution of the paper is the evaluation of alternative materials for rib reconstruction using a combination of FEM simulations and AI-based predictive modeling.

CATEGORY: ML",4.12,,False,2026-08-09T19:32:30
85,llama3.1:8b,V2.2,abstract,DL,"REASONING: The abstract describes a method that uses geometric deep learning to learn network representations from fMRI data, and an Explainable Artificial Intelligence (XAI) tool to identify discriminative sub-networks. This approach is applied to reconstruct functional brain networks and improve the identification of affected individuals with Autism Spectrum Disorder (ASD). The primary contribution of the paper is a new method for functional pruning that uses collective co-activation patterns.

CATEGORY: DL",4.05,,False,2026-08-09T19:32:34
86,llama3.1:8b,V2.2,abstract,ML,"REASONING: The abstract discusses the application of various artificial intelligence techniques, including machine learning and deep learning, to enhance prostate cancer diagnosis and treatment assessment using different imaging modalities. The primary focus is on the technical implementation of these methods in a medical context, rather than their theoretical foundations or broader applications.

CATEGORY: ML",2.9,,False,2026-08-09T19:32:37
87,llama3.1:8b,V2.2,abstract,ML,"REASONING: The abstract describes a machine learning pipeline that uses logistic regression and XGBoost classifiers on electrocardiogram (ECG) data to screen for reduced left ventricular ejection fraction (LVEF) and stratify its severity in a Middle Eastern cohort. The primary contribution of the paper is the development and validation of this specific AI-ECG workflow.

CATEGORY: ML",3.79,,False,2026-08-09T19:32:41
88,llama3.1:8b,V2.2,abstract,DL,"REASONING:
1. The technical methods described in the text include machine learning models, specifically multilayer perceptrons (MLPs), to predict surgical outcomes in strabismus surgery. Explainable artificial intelligence techniques such as feature permutation and integrated gradients are used to determine feature importance.
2. The primary contribution of the paper is the development and evaluation of a neural network model for predicting dosages in strabismus surgery, which represents a specific application of machine learning.
3. Since the core method described is a neural network architecture (multilayer perceptron), and it's used to achieve the results of predicting surgical outcomes, this falls under the category of deep learning.

CATEGORY: DL",6.33,,False,2026-08-09T19:32:47
89,llama3.1:8b,V2.2,abstract,DL,"REASONING: 
1. The technical methods described in the text include machine learning (ML)-based petrophysical inversion, rock physics modeling, seismic forward modeling, seismic AVO inversion, and explainable artificial intelligence (XAI).
2. The primary contribution of the paper is the development of a multiscale framework that integrates ML-based petrophysical inversion with other techniques to achieve accurate reservoir characterization and seismic modeling.
3. Although the paper mentions XAI as a recommendation for improved interpretability and prediction performance, the core method developed in this study is the ML-based petrophysical inversion.

CATEGORY: DL",5.4,,False,2026-08-09T19:32:52
90,llama3.1:8b,V2.2,abstract,AI,"REASONING: 
1. The technical methods described in the text include a systematic literature review (SLR), analysis of 58 peer-reviewed studies, identification of gaps in Green AI adoption in finance, proposal of a taxonomy of Green AI techniques, and development of a theoretical framework integrating Green AI principles with energy-monitoring tools.
2. The primary contribution of the paper is the development of a theoretical framework that integrates Green AI principles with energy-monitoring tools to guide sustainable AI adoption in finance, as well as the identification of major gaps in Green AI adoption in finance.
3. Since the core method described is not a neural network or any other specific machine learning technique, but rather a systematic literature review and development of a theoretical framework, it does not fit into the DL category. The paper's focus on classical machine learning techniques (e.g., model pruning) and its emphasis on AI adoption in finance also make ML a less fitting category than AI.

CATEGORY: AI",8.27,,False,2026-08-09T19:33:01
91,llama3.1:8b,V2.2,abstract,DL,"REASONING: 
1. The technical methods described in the text include deep learning architectures (six backbones), classical machine learning classifiers (RBF SVM), data augmentation techniques (latent-space MixUp, Otsu-based segmentation), and explainability methods (LIME, Grad-CAM).
2. The primary contribution of the paper is the development of an ""explainable hybrid framework"" that combines deep feature extraction with classical machine learning classifiers, which outperforms end-to-end fine-tuning.
3. Since the core method represents a neural network architecture combined with classical machine learning, and this combination is the primary contribution of the paper, it should be classified as DL.

CATEGORY: DL",6.09,,False,2026-08-09T19:33:07
92,llama3.1:8b,V2.2,abstract,,"REASONING: The abstract describes a dataset of numerical signature descriptors derived from images of beetle fragments, which are extracted using standardized image acquisition and segmentation techniques. The primary contribution of the paper appears to be the creation and description of this dataset, rather than any specific AI or ML method. However, the dataset is designed to support AI and ML workflows for automated classification.

CATEGORY: None",4.02,,False,2026-08-09T19:33:11
93,llama3.1:8b,V2.2,abstract,ML,"REASONING: The abstract describes a study that develops an artificial intelligence (AI) model using machine learning (ML) and deep learning (DL) techniques to diagnose sarcopenia. The primary contribution of the paper is the development of a multimodal AI model that combines clinical data with point-of-care ultrasound images, which demonstrates improved performance over existing approaches.

CATEGORY: ML",3.7,,False,2026-08-09T19:33:15
94,llama3.1:8b,V2.2,abstract,ML,"REASONING: 
The abstract describes a framework called Trust-Aware Explainable Artificial Intelligence (TAXAI) that combines various techniques to quantify trust in AI-based clinical decision support systems. The primary contribution of the paper is the development of TAXAI, which integrates algorithmic transparency, interpretability alignment, and compliance and reliability through a mathematically robust Trust Index.

CATEGORY: ML",3.59,,False,2026-08-09T19:33:18
95,llama3.1:8b,V2.2,abstract,AI,"REASONING:
1. The technical methods described in the text include AI applications such as AI scribes, multimodal diagnostic tools using machine learning, AI-assisted therapeutics (robotics, virtual or augmented reality devices), video and eye-tracking approaches for autism diagnosis, chatbots, and robot companions.
2. The primary contribution of this paper is a narrative review examining recent literature on the use of AI in child and adolescent psychiatry, highlighting its potential benefits and limitations, as well as ethical concerns.
3. Since the core method described is not a specific technical implementation (e.g., neural network architecture) but rather a review of existing applications and their implications, it does not fit into any of the more specific categories like DL or ML.

CATEGORY: AI",6.19,,False,2026-08-09T19:33:24
96,llama3.1:8b,V2.2,abstract,ML,"REASONING: The abstract describes a study that uses machine learning (ML) techniques to develop a model for predicting the success of camouflage orthodontic treatment in individuals with skeletal Class III malocclusion. Four ML algorithms are compared, but XGBoost is identified as having the best predictive performance.

CATEGORY: ML",3.13,,False,2026-08-09T19:33:27
97,llama3.1:8b,V2.2,abstract,ML,"REASONING: The abstract discusses a systematic review and meta-analysis that evaluates the application of AI algorithms in predicting remission outcomes in Cushing's disease using machine learning models. The primary contribution of the paper is the evaluation and comparison of ML models for predicting remission, rather than developing new neural network architectures or proposing general AI approaches.

CATEGORY: ML",3.35,,False,2026-08-09T19:33:31
98,llama3.1:8b,V2.2,abstract,ML,"REASONING: The abstract discusses the application of artificial intelligence (AI) in echocardiography, specifically through machine learning and deep learning techniques, to improve image acquisition, view classification, structure segmentation, diagnosis, and clinical decision support systems.

CATEGORY: ML",2.68,,False,2026-08-09T19:33:34
99,llama3.1:8b,V2.2,abstract,ML,"REASONING: 
The abstract discusses a review of recent advancements in IoT, machine learning, and artificial intelligence technologies applied to early disease detection in cattle. The primary contribution is a systematic literature review that highlights key trends, methodological limitations, and research gaps in the current literature.

CATEGORY: ML",3.3,,False,2026-08-09T19:33:37
100,llama3.1:8b,V2.2,abstract,AI,"REASONING: 
1. The technical methods described in the text are related to neuromorphic computing, specifically the use of two-dimensional (2D) materials such as transition metal dichalcogenides and hexagonal boron nitride to create devices with synaptic behaviors.
2. The primary contribution of the paper is a review of the integration of 2D materials into neuromorphic systems, highlighting their applications in various fields, rather than presenting new machine learning or deep learning algorithms.
3. Since the core concept of the paper follows a neuromorphic computing approach inspired by biological neural networks, but does not specifically describe neural network architectures, it is most specific to be classified under AI.

CATEGORY: AI",5.9,,False,2026-08-09T19:33:43
101,llama3.1:8b,V2.2,abstract,,"REASONING: The abstract discusses a study on dental residents' knowledge and perception regarding artificial intelligence (AI) in dentistry, using a questionnaire to assess their awareness and understanding of AI's applications. The methods used are statistical analysis and data collection through an online survey.

CATEGORY: None",3.09,,False,2026-08-09T19:33:46
102,llama3.1:8b,V2.2,abstract,ML,"**Step 1: Identify the technical methods described in the text**

The paper describes various machine learning (ML) and deep learning (DL) techniques, including:

* Ensemble ML approaches:
	+ Random forest
	+ XG Boost
* DL architectures:
	+ Feedforward neural networks (FFNN)
	+ Multi-layer perceptron (MLP)
* Classical ML methods:
	+ Support vector machine (SVM)
	+ Logistic regression
* Explainable AI (XAI) techniques:
	+ SHAP values
	+ LIME

**Step 2: Determine which method represents the paper's primary contribution**

The paper proposes a novel framework that integrates multiple techniques, including ML, DL, and XAI. However, the primary focus is on comparing the performance of various models for predicting cardiovascular disease outcomes using the Framingham Heart Study dataset. The SVM model demonstrates superior performance, achieving the highest test accuracy among all baseline and deep learning models.

**Step 3: Assign the most specific applicable category**

Based on the primary contribution of the paper, which is to compare the performance of various ML and DL models for predicting cardiovascular disease outcomes, I would assign the category as follows:

REASONING: The paper's core method is a comparison of multiple machine learning and deep learning models, with a focus on identifying the most reliable predictive model for early cardiovascular risk stratification. While the paper also discusses explainable AI techniques, the primary contribution is in the technical implementation of ML/D",12.56,,False,2026-08-09T19:33:58
103,llama3.1:8b,V2.2,abstract,AI,"REASONING: 
1. The technical methods described in the text include Federated Learning (FL), Differential Privacy (DP), Homomorphic Encryption (HE), Blockchain-enhanced AI, Adversarial Machine Learning (AML), anomaly detection, and deep learning models.
2. The primary contribution of this paper is a systematic framework for evaluating the advantages, compromises, and scaling constraints of different methodologies for protecting vehicle data in IoV ecosystems.
3. Since the core method employed by the paper's primary contribution is a comparison and evaluation of various AI-based privacy-preserving strategies using a Systematic Literature Review (SLR), it falls under the category of general artificial intelligence approaches.

CATEGORY: AI",6.05,,False,2026-08-09T19:34:04
104,llama3.1:8b,V2.2,abstract,ML,"REASONING: 
1. The technical methods described in the text are Machine Learning (ML) models using various data sources such as electronic health records, imaging, physiological waveforms, and omics data.
2. The primary contribution of the paper is to summarize current and emerging applications of AI in ARDS management through ML, highlighting its potential for early risk prediction, diagnosis, phenotyping, management, and outcome prediction.
3. Although the paper discusses AI as a broader category, the core method described is Machine Learning (ML), which represents the primary contribution.

CATEGORY: ML",5.1,,False,2026-08-09T19:34:10
105,llama3.1:8b,V2.2,abstract,ML,"REASONING: The abstract discusses various methods for model selection in molecular phylogenetics, including the hierarchical likelihood ratio test, Akaike Information Criterion (AIC), and Bayesian methods. The primary contribution of the paper is to compare these methods and argue that AIC-based model averaging offers advantages over the commonly implemented hierarchical likelihood ratio test.

CATEGORY: ML",3.38,,False,2026-08-09T19:34:13
106,llama3.1:8b,V2.2,abstract,DL,"REASONING: 
1. The technical methods described in the text include digital imaging, deep learning-based transformers models, generative adversarial networks, diffusion models, Distillation with No Labels (DINO) v2, a self-distilled transformer model.
2. The primary contribution of the paper is the proposed framework for detecting AI-generated artwork using DINO v2, which represents the core method and technical implementation of the paper.
3. Since the paper's core method is a neural network architecture, specifically transformers models, it falls under the category of deep learning.

CATEGORY: DL",5.33,,False,2026-08-09T19:34:18
107,llama3.1:8b,V2.2,abstract,ML,"REASONING: 
1. The technical methods described in the text are the quantitative argumentation layer, concept and argumentation model (CAM), and dialogical explanation. These methods leverage human-understandable knowledge from tabular data to provide interpretable predictions.
2. The primary contribution of this paper is the development of a novel component for tabular data that embeds human-aligned reasoning processes, making it possible to mine concepts from both data and data descriptions.
3. This approach represents a specific application of machine learning techniques, but with a focus on interpretability and leveraging human-understandable knowledge.

CATEGORY: ML",5.14,,False,2026-08-09T19:34:23
108,llama3.1:8b,V2.2,abstract,AI,"REASONING: The abstract discusses the application of artificial intelligence (AI) in pathology practice, specifically in analyzing and interpreting imaging data. It outlines the main categories and concepts of AI, describes its workflow, and highlights its utilization in head and neck pathology.

CATEGORY: AI",2.6,,False,2026-08-09T19:34:26
109,llama3.1:8b,V2.2,abstract,DL,"REASONING: 
1. The technical methods described in the text include Convolutional Neural Networks (CNN), Recurrent Neural Networks (RNN), Genetic Algorithm (GA)-based hyperparameter optimization, Binary Particle Swarm Optimization (BPSO) for feature selection, and several baseline regression models such as Gradient Boosting Regressor (GBR), Extra Trees Regressor (ETR), Decision Tree Regressor (DTR), K-Nearest Neighbors Regressor (KNNR), and Dummy Regressor (DR).
2. The primary contribution of the paper is the development of an optimized hybrid deep learning framework that integrates CNN and RNN, enhanced by GA-based hyperparameter optimization.
3. This framework represents a specific application of neural network architectures, which is a subset of machine learning.

CATEGORY: DL",7.24,,False,2026-08-09T19:34:33
110,llama3.1:8b,V2.2,abstract,ML,"REASONING: 
1. The technical methods described in the text include developing an open-source Python framework called Vitabel, which provides tools for post hoc loading, visualizing, aligning, and annotating medical time series data.
2. The primary contribution of the paper is the development of Vitabel, a tool that addresses the challenges of working with large amounts of noisy physiological data in critical care.
3. Since Vitabel is a framework that enables the use of AI methods for analyzing medical time series data, but its core method is not a neural network, it falls under machine learning.

CATEGORY: ML",5.0,,True,2026-08-09T19:34:38
111,llama3.1:8b,V2.2,abstract,ML,"REASONING: 
1. The technical methods described in the text include natural language processing, reinforcement learning, machine learning algorithms (neural networks, random forests, support vector machines, decision tree models), smartphone applications, clinical workflow systems, Internet of Things (IoT) enabled devices, and chatbots.
2. The primary contribution of the paper is a scoping review that analyzes the available literature on AI-based approaches to improve medication adherence in patients with CVD, rather than presenting new technical methods or results from experiments.
3. Since the core method described in the text is machine learning (specifically neural networks and other algorithms), but the paper's primary contribution is a review of existing research, we should classify it as ML.

CATEGORY: ML",6.29,,False,2026-08-09T19:34:45
112,llama3.1:8b,V2.2,abstract,DL,"REASONING:
1. The technical methods described in the text include a two-stage artificial intelligence framework that integrates multimodal MRI (native T1 mapping, ADC, and T2* mapping) and clinical indicators for RF classification. The framework uses deep learning features with MobileNetV2-SE-based architecture and combines them with clinical indicators.
2. The primary contribution of the paper is the development of a two-stage multimodal MRI-based framework that provides accurate and interpretable assessment of RF across different stages of CKD, which is achieved through the use of deep learning features.
3. Based on the core method used in the paper, which is a neural network architecture (MobileNetV2-SE), the most specific applicable category is Deep Learning.

CATEGORY: DL",6.66,,False,2026-08-09T19:34:51
113,llama3.1:8b,V2.2,abstract,DL,"REASONING: The abstract discusses the challenges of training deep neural networks using standard gradient descent and random initialization, and proposes a new initialization scheme to improve convergence. The technical methods described include analyzing the influence of non-linear activation functions, studying the behavior of saturated units, and examining the variation of activations and gradients across layers.

CATEGORY: DL",3.29,,False,2026-08-09T19:34:55
114,llama3.1:8b,V2.2,abstract,DL,"REASONING: 
1. The technical methods described in the text include ultrasound scanning protocol, machine learning models (specifically convolutional neural networks), and artificial intelligence-enabled analysis.
2. The primary contribution of this paper is to assess the feasibility and reliability of an ultrasound scanning protocol for measuring body composition in infants, and to develop preliminary machine learning models to predict body composition using ultrasound images.
3. Although the paper mentions AI-enabled analysis, the core method described is a neural network (CNN), which makes it most specific to the DL category.

CATEGORY: DL",5.44,,False,2026-08-09T19:35:00
115,llama3.1:8b,V2.2,abstract,,"REASONING: There are no technical methods described in the text, only a correction to an author's name due to a typesetting error.
CATEGORY: None",1.87,,False,2026-08-09T19:35:02
116,llama3.1:8b,V2.2,abstract,DL,"REASONING: 
1. The technical methods described in the text include traditional machine learning algorithms (k nearest neighbours, multinomial naïve Bayes, random forest, support vector machine, logistic regression), transformer-based architectures (AraBERTv2, CAMeL Lab BERT, XLM-RoBERTa), and AI-assisted annotation using Chat Generative Pre-Trained Transformer versions 3.5 and 4.
2. The primary contribution of the paper is the evaluation of the impact of annotation quality and model architecture on Arabic sentiment analysis, specifically comparing traditional machine learning algorithms with transformer-based architectures and proposing a balanced human–artificial intelligence annotation paradigm.
3. Since the core method involves neural network architectures (transformer-based deep learning), the most specific applicable category is DL.

CATEGORY: DL",6.68,,False,2026-08-09T19:35:08
117,llama3.1:8b,V2.2,abstract,ML,"REASONING: 
1. The technical methods described in the text include robot-automated experimentation, machine learning predictions (specifically artificial neural networks), and finite element simulations.
2. The primary contribution of the paper is the development of an integrated workflow that combines these methods to enable predictive design of stretchable electrodes with strain-insensitive performance.
3. The core method used in this workflow is the ensemble of artificial neural networks, which represents a specific type of machine learning technique.

CATEGORY: ML",4.6,,False,2026-08-09T19:35:13
118,llama3.1:8b,V2.2,abstract,ML,"REASONING: 
1. The technical methods described in the text are synthetic data generation using statistical, probabilistic, and Machine Learning (ML) based tabular data generation methods, specifically focusing on SMOTE and its variants.
2. The primary contribution of the paper is to explore and evaluate the effectiveness of synthetic data generation methods, particularly ML-based approaches, for improving data quality and performance in AI algorithms.
3. Since the core method described is a Machine Learning (ML) based approach, specifically using neural network-like techniques such as SMOTE and its variants, but not explicitly mentioned as deep learning, we can classify it under the most specific category.

CATEGORY: ML",5.6,,False,2026-08-09T19:35:19
119,llama3.1:8b,V2.2,abstract,DL,"REASONING: The paper describes a multimodal AI system called DMDNet that uses convolutional neural networks (CNNs) to extract features from images and then employs four advanced classification strategies, including transformer-based, adversarial, self-supervised, and feature-selection approaches, with support vector machines (SVMs). The primary contribution of the paper is the development of a specific AI system for digital manipulation detection. 

CATEGORY: DL",4.31,,False,2026-08-09T19:35:23
120,llama3.1:8b,V2.2,abstract,ML,"REASONING: 
1. The technical methods described in the text include feature importance, machine learning models (not specified which type), Long Short Term Memory (LSTM), SHapley Additive exPlanations (SHAP) values, Random Forest permutation importance, Histogram Gradient Boosting Regression (HGBR), artificial neural networks (ANNs), and recurrent models such as Gated Recurrent Unit (GRU).
2. The primary contribution of the paper is the proposed Accurate Surgical Time Prediction (ASTP) framework, which combines multiple methods to achieve accurate timing prediction of surgery.
3. The core method of the ASTP framework involves using machine learning models, specifically HGBR and ANNs, in combination with other techniques such as feature importance and interpretable AI methods.

CATEGORY: ML",6.64,,False,2026-08-09T19:35:30
121,llama3.1:8b,V2.2,abstract,DL,"REASONING: 
1. The technical methods described in the text include Raman spectroscopy, machine learning-assisted spectral generation methods (such as GANs and Auto-encoders), quantum mechanics simulations (DFT and TD-DFT), and mathematical approaches for signal optimisation, safety analysis, and probe design.
2. The primary contribution of this paper is a critical review and evaluation of existing methodologies to enhance the applicability of Raman spectroscopy in biomedical research, rather than proposing new methods or techniques.
3. Since the core method described is machine learning-assisted spectral generation (specifically GANs and Auto-encoders), which is a subset of neural network architectures, we can assign the most specific category.

CATEGORY: DL",6.17,,False,2026-08-09T19:35:36
122,llama3.1:8b,V2.2,abstract,ML,"REASONING: The abstract describes a comparative study of three machine learning approaches (classical, deep learning, and transformer-based) for sentiment analysis on ChatGPT-related tweets. The primary contribution is the evaluation and comparison of these methods using a large dataset.

CATEGORY: ML",3.02,,True,2026-08-09T19:35:39
123,llama3.1:8b,V2.2,abstract,ML,"REASONING: The abstract describes a decision support approach using artificial intelligence (AI) to address complex challenges in developing assistive technologies, specifically upper limb exoskeletons. The primary contribution is an AI-based methodology that uses a multilayer perceptron to improve production quality and accelerate design and production.

CATEGORY: ML",3.08,,False,2026-08-09T19:35:42
124,llama3.1:8b,V2.2,abstract,DL,"REASONING: The technical methods described in the text are based on a neural network architecture, specifically a transformer-based model called BERT, which is designed for language representation and can be fine-tuned for various natural language processing tasks. The primary contribution of the paper is the introduction of this new model, which achieves state-of-the-art results on multiple tasks. This suggests that the core method of the paper is a neural network architecture.

CATEGORY: DL",3.89,,False,2026-08-09T19:35:46
125,llama3.1:8b,V2.2,abstract,AI,"**Step 1: Identify the technical methods described in the text**

The paper describes a novel AI framework that combines Convolutional Neural Networks (CNNs) with time–frequency analysis via the Wigner–Ville Distribution (WVD). The method transforms raw numerical measurements into compact 6 × 12 time–frequency image representations, enabling effective spatial feature extraction by CNNs. The framework is compared to various machine learning baselines, including classical Artificial Neural Networks (ANNs), Deep Neural Networks (DNNs), Gradient Boosting Machines (GBM), Random Forests (RF), Support Vector Machines (SVM), and k-Nearest Neighbors (kNN).

**Step 2: Determine which method represents the paper's primary contribution**

The primary contribution of this research is the development of a novel AI framework that combines CNNs with WVD for fault detection and diagnosis in PV systems. The framework's ability to transform raw measurements into compact time–frequency image representations, enabling effective spatial feature extraction by CNNs, is the core innovation.

**Step 3: Assign the most specific applicable category**

The paper's primary contribution is a neural network architecture that combines CNNs with WVD for fault detection and diagnosis in PV systems. Therefore, the most specific applicable category is:

REASONING: The paper introduces a novel AI framework that combines Convolutional Neural Networks (CNNs) with time–frequency analysis via the Wigner–Ville Distribution (WVD). The primary",12.34,,False,2026-08-09T19:35:58
126,llama3.1:8b,V2.2,abstract,DL,"REASONING: The abstract discusses the application of artificial intelligence (AI) and machine learning (ML) techniques, specifically deep learning methods such as convolutional neural networks (CNNs), for diagnosing and predicting Alzheimer's disease (AD). The primary contribution of the paper is the evaluation and comparison of these AI-driven methods for AD risk assessment.

CATEGORY: DL",3.49,,False,2026-08-09T19:36:02
127,llama3.1:8b,V2.2,abstract,DL,"REASONING: 
1. The technical methods described in the text are machine learning (ML) algorithms, specifically supervised learning techniques such as random forest (RF), support vector machine (SVM), decision tree (DT), naive Bayes (NB), and CatBoost.
2. The primary contribution of the paper is to develop and compare multiple ML algorithms for IDA prediction, with a focus on identifying the most effective model for potential clinical use. Among these models, CatBoost achieved the highest performance in both training and testing sets.
3. Since the core method used in this study is a neural network (CatBoost), which is a subset of machine learning techniques, we can classify it as DL even though it is also ML and AI.

CATEGORY: DL",6.83,,False,2026-08-09T19:36:08
128,llama3.1:8b,V2.2,abstract,ML,"REASONING: The abstract discusses the application of artificial intelligence (AI) in precision immunotherapy, highlighting various technical methods such as multimodal models combining multi-omics, medical imaging, and clinical variables, explainable AI, federated learning, and digital twin frameworks. These methods are used for tasks like biomarker discovery, prediction of immune checkpoint inhibitor response and toxicity, neoantigen prioritization, CAR-T cell optimization, and therapeutic antibody engineering.

CATEGORY: ML",4.23,,False,2026-08-09T19:36:13
129,llama3.1:8b,V2.2,abstract,ML,"REASONING: 
The abstract describes a machine learning approach using ensemble-based methods (Light Gradient Boosting Machine, eXtreme Gradient Boosting Machine, and Random Forest) with techniques to mitigate class imbalance and improve generalizability. Explainable artificial intelligence methods are also employed for interpretability. The primary contribution of the paper is a robust framework for proactive detection of Android ransomware using network traffic metadata.

CATEGORY: ML",4.29,,False,2026-08-09T19:36:17
130,llama3.1:8b,V2.2,abstract,Unclear,"REASONING: The abstract discusses the application of various emerging digital technologies, including AI-driven diagnostic systems, robotic microscopy, and mobile health approaches, to improve parasitology diagnostics. The primary focus is on evaluating recent advances and technological opportunities in these areas.

CATEGORY: Unclear",2.69,,False,2026-08-09T19:36:20
131,llama3.1:8b,V2.2,abstract,ML,"REASONING: 
1. The technical methods described in the text are artificial neural networks (ANN), genetic algorithm (GA), particle swarm optimization (PSO), Levenberg–Marquardt (LM) algorithm, and statistical indices for model performance assessment.
2. The primary contribution of the paper is the development of three hybrid predictive models that integrate optimization algorithms with ANN to predict crack healing percentage in self-healing concrete.
3. Since the core method is a neural network, but it's also integrated with other methods (optimization algorithms), and the focus is on machine learning techniques for modeling complex nonlinear behaviors.

CATEGORY: ML",5.25,,False,2026-08-09T19:36:25
132,llama3.1:8b,V2.2,abstract,ML,"REASONING: 
1. The technical methods described in the text include phantom training, VR-haptic simulator training, machine learning (specifically Naive Bayes, decision tree, random forest, and support vector machines), and Shapley additive explanations (SHAP).
2. The primary contribution of the paper is to investigate the impact of adjunct VR-haptic simulator practice on undergraduate dental education and to explore whether machine-learning models can predict faculty-assigned letter grades.
3. Since the core method used in this study is machine learning, specifically comparing different ML methods (Naive Bayes, decision tree, random forest, and support vector machines) to predict student grades, we should classify it as Machine Learning.

CATEGORY: ML",6.08,,False,2026-08-09T19:36:31
133,llama3.1:8b,V2.2,abstract,DL,"REASONING: 
1. The technical methods described in the text are primarily focused on using artificial intelligence (AI) to enhance PPE training through real-time feedback and personalized skill development. Specifically, the applied AI technologies involved computer vision and machine learning integrated into systems for various purposes.
2. The primary contribution of the paper is a scoping review that evaluates the effectiveness of AI-assisted PPE donning and doffing training, which primarily involves using machine learning techniques in conjunction with computer vision.
3. Given that the core method involves neural networks (implied by ""machine learning"") and the focus on evaluating the effectiveness of AI-assisted training, the most specific applicable category is DL.

CATEGORY: DL",6.08,,False,2026-08-09T19:36:37
134,llama3.1:8b,V2.2,abstract,AI,"REASONING:
1. The technical methods described in the text include machine learning for structured perioperative risk prediction, deep learning for standardized musculoskeletal imaging, large language models for workflow and decision support, automated fracture detection, Kellgren–Lawrence grading for osteoarthritis, transfusion risk modeling, probability calibration, uncertainty estimation, and multimodal ""digital twin"" approaches.
2. The primary contribution of the paper is to summarize current applications of artificial intelligence in orthopedic practice, highlight barriers to implementation, and argue that progress should shift from increasing model complexity toward rigorous evaluation and trustworthy risk communication.
3. Given that the core methods described are machine learning (structured perioperative risk prediction) and deep learning (standardized musculoskeletal imaging), but the primary contribution is a review of AI applications in orthopedics rather than an advancement in either ML or DL, the most specific applicable category would be AI.

CATEGORY: AI",7.5,,False,2026-08-09T19:36:45
135,llama3.1:8b,V2.2,abstract,ML,"REASONING: The abstract describes a study that integrates behavioural theory with machine learning techniques to identify psychological predictors of intention to use antimicrobials appropriately among clinicians. The technical methods described include LASSO regression, SHAP analysis, and machine-learning classifiers such as XGBoost, LightGBM, and CatBoost.

CATEGORY: ML",3.29,,False,2026-08-09T19:36:48
136,llama3.1:8b,V2.2,abstract,ML,"REASONING: The abstract discusses the application of artificial intelligence (AI) in guiding personalized nano-enhanced stem cell therapies for neurodegenerative diseases. It mentions machine learning (ML) and deep learning (DL) as methods that can address current challenges, but the primary focus is on integrating AI across the entire therapy process.

CATEGORY: ML",3.26,,False,2026-08-09T19:36:51
137,llama3.1:8b,V2.2,abstract,ML,"REASONING: The abstract describes the application of machine learning models to predict three-year survival after diagnosis for different cancer types using XGBoost and LightGBM algorithms. The primary contribution of the paper is the development and evaluation of these machine learning models for cross-prediction across various cancer types.

CATEGORY: ML",2.99,,False,2026-08-09T19:36:54
138,llama3.1:8b,V2.2,abstract,ML,"REASONING: The abstract describes the application of multiple machine learning algorithms to a synthetic dataset for predictive maintenance in infrastructure management. The primary contribution is the comparative analysis of these algorithms and their performance on this specific task.

CATEGORY: ML",2.84,,False,2026-08-09T19:36:57
139,llama3.1:8b,V2.2,missing,NO_INPUT,,0.0,no abstract available (no fallback columns in this sheet),False,2026-08-09T19:36:57
140,llama3.1:8b,V2.2,abstract,ML,"REASONING:
The abstract describes the use of large language models (LLMs) to automate annotation efforts in regulatory documents related to medical devices. The primary contribution of the paper is the validation study of LLMs for scaling data analyses in this field, and it presents three applications where LLMs can be used.

CATEGORY: ML",3.12,,False,2026-08-09T19:37:00
141,llama3.1:8b,V2.2,abstract,ML,"REASONING: The abstract discusses the application of Automated Machine Learning (AutoML) in oral healthcare, evaluating its performance and translational relevance. AutoML is a specific approach that automates key stages of model development, including algorithm selection and hyperparameter optimization.

CATEGORY: ML",2.7,,False,2026-08-09T19:37:03
142,llama3.1:8b,V2.2,abstract,DL,"REASONING: The abstract describes a machine learning-based framework for predicting the residual flexural strength of fiber-reinforced ultra-high-performance concrete after exposure to fire. The primary contribution is the development and validation of a novel hybrid neural/tree fusion architecture, AegisFusion, which achieves superior accuracy and calibrated uncertainty in predicting RFS.

CATEGORY: DL",3.43,,False,2026-08-09T19:37:06
143,llama3.1:8b,V2.2,abstract,DL,"REASONING: The abstract describes a specific technique called ""dropout"" for addressing overfitting in deep neural networks. This technique is based on the concept of randomly dropping units from the network during training to prevent co-adaptation and reduce overfitting. The primary contribution of the paper is the introduction and evaluation of this dropout technique.

CATEGORY: DL",3.67,,False,2026-08-09T19:37:10
144,llama3.1:8b,V2.2,abstract,ML,"REASONING: 
1. The technical methods described in the text include ensemble-based machine learning models (Random Forest, LightGBM, XGBoost), federated learning, SHapley Additive exPlanations (SHAP), Local Interpretable Model-agnostic Explanations (LIME), Partial Dependence Plots (PDP), and Logistic Regression. 
2. The primary contribution of the paper is a hybrid framework that integrates these methods for sepsis mortality prediction, with a focus on data privacy and model transparency.
3. Since the core method involves neural network architectures are not explicitly mentioned but ensemble-based machine learning models are used which can be considered as a subset of ML.

CATEGORY: ML",6.05,,False,2026-08-09T19:37:16
145,llama3.1:8b,V2.2,abstract,ML,"REASONING: 
1. The technical methods described in the text include machine learning (ML) and deep learning (DL) approaches, specifically lesion segmentation models and outcome prediction models that integrate multimodal data.
2. The primary contribution of this paper is a systematic review of AI applications in AIS care, with emphasis on clinical translation and relevance for diverse healthcare settings.
3. While both ML and DL are mentioned, the focus is on their application in specific medical tasks (lesion segmentation and outcome prediction), which suggests that the core method is more closely related to ML.

CATEGORY: ML",5.1,,False,2026-08-09T19:37:21
146,llama3.1:8b,V2.2,abstract,DL,"REASONING: 
1. The technical methods described in the text include sentiment analysis, TF-IDF text vectorization, predictive modelling using various machine learning algorithms (Logistic Regression, Random Forest, XGBoost, Neural Networks), Structural Equation Modelling (SEM), and ensemble ML models.
2. The primary contribution of the paper is the development of a hybrid framework that combines SEM with machine learning models to predict consumer purchase intentions, which demonstrates both predictive accuracy and theoretical rigor.
3. Given that the core method involves neural networks, but also includes other machine learning techniques and statistical methods, the most specific applicable category is DL.

CATEGORY: DL",6.01,,False,2026-08-09T19:37:27
147,llama3.1:8b,V2.2,abstract,DL,"REASONING: 
1. The technical methods described in the text are Graph Convolutional Networks, Variational Autoencoders, and Uncertainty Aware Adaptive Multi-Objective Optimization-based Reinforcement Learning (UAAMOO-RL). These methods are used to generate drug molecules with desired pharmacological properties.
2. The primary contribution of the paper is the introduction of a novel hybrid computational framework that integrates these three methods for addressing challenges in drug discovery. 
3. Since the core method involves neural networks, specifically Graph Convolutional Networks and Variational Autoencoders, which are subsets of deep learning techniques, the most specific applicable category is DL.

CATEGORY: DL",5.7,,False,2026-08-09T19:37:33
148,llama3.1:8b,V2.2,abstract,ML,"REASONING: The technical methods described in the text are bagging predictors, bootstrap replicates, and aggregation techniques (averaging or plurality vote). The primary contribution of the paper is the demonstration of the effectiveness of bagging predictors for improving accuracy in classification and regression tasks.

CATEGORY: ML",3.15,,False,2026-08-09T19:37:36
149,llama3.1:8b,V2.2,abstract,DL,"REASONING: 
The abstract discusses the application of artificial intelligence (AI) and machine learning (ML) in retinal vascular diseases, specifically focusing on multimodal approaches that integrate diverse imaging modalities and clinical data for diagnosis and prognosis. While neural networks are not explicitly mentioned as a technical method, the use of AI and ML models implies the involvement of deep learning techniques.

CATEGORY: DL",3.76,,False,2026-08-09T19:37:40
150,llama3.1:8b,V2.2,abstract,ML,"REASONING: 
1. The technical methods described in the text are a data-driven Bayesian Network framework with a Tree-Augmented Naive Bayes (TAN) structure, trained on a dataset of collision accident investigation reports.
2. The primary contribution of the paper is the development and application of this specific Bayesian Network framework to analyze and predict ship collision accidents.
3. This method represents a classical machine learning approach, specifically using a probabilistic graphical model.

CATEGORY: ML",4.27,,False,2026-08-09T19:37:44
151,llama3.1:8b,V2.2,abstract,ML,"**Step 1: Identify the technical methods described in the text**

The abstract describes a wide range of technical methods, including machine learning (ML) techniques such as supervised/unsupervised learning, tree-based methods, SVMs, clustering, and feature engineering. It also mentions deep learning (DL) techniques like neural networks, CNNs, RNNs, transformers, and deep reinforcement learning. Additionally, the abstract describes various applications of AI, including expert systems, symbolic reasoning, and homomorphic encryption.

**Step 2: Determine which method represents the paper's primary contribution**

Upon reviewing the abstract, it appears that most papers focus on applying ML or DL techniques to specific problems in areas such as healthcare, education, cybersecurity, and finance. While some papers mention AI as a broader context, the primary contributions of these papers are rooted in ML or DL.

**Step 3: Assign the most specific applicable category**

Based on the abstract, it is clear that many papers focus on applying ML techniques to various problems. However, several papers specifically mention deep learning techniques like neural networks and transformers. Therefore, I will assign the most specific category for each paper based on its primary contribution.

Here are the classifications:

1. Geo-Intelligent Wildfire Risk Prediction Using Machine Learning
REASONING: The paper focuses on applying machine learning to predict wildfire risk.
CATEGORY: ML

2. Quantum Feature Mapping in QSVMs for Industrial HVAC Energy Optimization: A Theoretical Perspective
REASONING",11.77,,False,2026-08-09T19:37:56
152,llama3.1:8b,V2.2,abstract,ML,"REASONING: 
1. The technical methods described in the text are a combination of portable GC-MS and machine learning algorithms used to enhance the specificity and sensitivity of the model.
2. The primary contribution of the paper is the development of a diagnostic model that uses machine learning to identify novel breath biomarkers for detecting viral respiratory infections, rather than the use of GC-MS or AI in general.
3. Since the core method is a neural network (machine learning algorithms), and it's used as a specific application within AI, we should classify this paper under DL.

CATEGORY: ML",5.2,,False,2026-08-09T19:38:01
153,llama3.1:8b,V2.2,abstract,ML,"REASONING: 
1. The technical methods described in the text include anomaly detection using auto-encoders and Isolation Forests classifiers, supervised and unsupervised learning techniques, Explainable AI (XAI) methods, and a hybrid model combining these approaches.
2. The primary contribution of the paper is the proposed hybrid model that combines anomaly detection and behavioral analytics to improve insider threat detection accuracy and adaptability.
3. This hybrid model represents a specific application of machine learning techniques, particularly the combination of supervised and unsupervised learning.

CATEGORY: ML",5.13,,False,2026-08-09T19:38:06
154,llama3.1:8b,V2.2,abstract,ML,"REASONING: The abstract discusses the application of artificial intelligence (AI) in wildfire management, specifically highlighting machine learning-driven methods for prediction, risk assessment, and behavior modeling. However, the primary contribution of the paper is not a technical method or algorithm, but rather a bibliometric study that reviews the role of AI in wildfire management.

CATEGORY: ML",3.1,,False,2026-08-09T19:38:09
155,llama3.1:8b,V2.2,abstract,ML,"REASONING: 
1. The technical methods described in the text include synthesizing competencies from existing frameworks, analyzing and mapping AI competencies to subtopics of the Holistic Digital Literacy Framework (HDLF), and aligning the resulting framework with Bloom’s taxonomy.
2. The primary contribution of this paper is the development of an AI-enriched digital Educational Framework (AIEDF) that incorporates essential AI competencies for middle-school students, which represents a synthesis of various methods rather than a single technical method.
3. Since the core concept of this paper is the development and implementation of a framework that combines multiple AI/ML/DL techniques to achieve its results, inference or conclusion, it falls under the category of machine learning.

CATEGORY: ML",6.21,,False,2026-08-09T19:38:15
156,llama3.1:8b,V2.2,missing,NO_INPUT,,0.0,no abstract available (no fallback columns in this sheet),False,2026-08-09T19:38:15
157,llama3.1:8b,V2.2,abstract,DL,"REASONING: 
1. The technical methods described in the text include multimodal data integration, AI-driven fusion approaches, data harmonization and preprocessing techniques (neuroimaging, electrophysiological, and genomic modalities), fusion strategies (data-level, feature-level, decision-level, and temporal paradigms), and explainable AI (XAI) techniques. 
2. The primary contribution of the paper is a systematic review that synthesizes recent advances in AI-driven multimodal fusion approaches for AD prediction, with a focus on the intersection of multimodality and explainability.
3. Since the core method involves neural network architectures (implied by ""AI-driven"" and ""explainable AI"") and the primary contribution is a comparison of various methods, I will classify it as DL.

CATEGORY: DL",6.72,,False,2026-08-09T19:38:22
158,llama3.1:8b,V2.2,abstract,DL,"REASONING: 
1. The technical methods described in the text include machine learning (ML) approaches, artificial intelligence (AI) strategies, and multi-omics and systems biology tools.
2. The primary contribution of the paper is a review that critically evaluates the potential and limitations of microalgae as a scalable solution for food and water security, with a focus on AI-enabled strategies in overcoming cultivation and process optimisation bottlenecks.
3. Given that the core method involves machine learning (ML) approaches and AI strategies, but also includes neural network architectures implied by ""artificial intelligence (AI)-enabled strategies"", I will classify it as DL.

CATEGORY: DL",5.82,,False,2026-08-09T19:38:28
159,llama3.1:8b,V2.2,abstract,ML,"REASONING: 
1. The technical methods described in the text include the integration of Machine Learning (ML) and Internet of Things (IoT) technologies, a structured multimodal dataset analysis, four ML algorithms (Random Forest, Gradient Boosting Machine, Artificial Neural Network, and Support Vector Machine), grid search with five-fold cross-validation, feature importance analysis, and an AI-enabled smart farming framework.
2. The primary contribution of the paper is the development and optimization of a Random Forest model for palm health classification and data-driven irrigation management, which represents the core method of the paper's technical implementation.
3. Since the paper focuses on the application of Machine Learning (ML) techniques, specifically the development and optimization of an ML algorithm (Random Forest), it can be classified as a subset of machine learning.

CATEGORY: ML",7.12,,False,2026-08-09T19:38:35
160,llama3.1:8b,V2.2,abstract,DL,"REASONING: 
1. The technical methods described in the text include Large Language Models (LLM) for generating synthetic text, structural stylometry, probabilistic surprisal via perplexity, topical-aware semantic contrast, multi-model stacking ensemble, and diverse learning architectures.
2. The primary contribution of this paper is a hybrid framework that integrates these methods to detect synthetic Spanish text, which represents the core concept of the methodology.
3. This framework uses neural networks (specifically, the multi-model stacking ensemble) as its technical implementation.

CATEGORY: DL",4.86,,False,2026-08-09T19:38:40
161,llama3.1:8b,V2.2,abstract,ML,"REASONING: The abstract discusses the application of artificial intelligence and machine learning frameworks in optimizing electrochemical devices such as electrolyzers and fuel cells. It highlights the use of surrogate models, prognostic health management, adaptive control strategies, and physics-informed neural networks to improve performance prediction and operational efficiency.

CATEGORY: ML",3.49,,False,2026-08-09T19:38:44
162,llama3.1:8b,V2.2,abstract,ML,"REASONING: 
1. The technical methods described in the text include computational fluid dynamics (CFD), artificial neural networks, support vector machines, riblets, active plasma control, and machine learning algorithms.
2. The primary contribution of the paper is the development of a hybrid approach combining CFD simulations with AI techniques to enhance airfoil performance, specifically using bio-inspired riblets and active plasma control.
3. While the paper involves both ML (machine learning) and DL (deep learning) aspects, the core method is not a neural network but rather a combination of physical simulations and machine learning algorithms.

CATEGORY: ML",5.28,,False,2026-08-09T19:38:49
163,llama3.1:8b,V2.2,abstract,ML,"REASONING: 
1. The technical methods described in the text include machine learning applications for guiding exploration within complex design spaces, such as data-driven screening and optimization, physics-aware surrogates, pathway-based or sequential learning, and feature design.
2. The paper's primary contribution is not a specific methodological innovation but rather an organizational framework that categorizes machine learning applications into three levels: macroscopic compositional design, microscopic electronic and structural responses, and dynamic or time-dependent processes.
3. Given the focus on machine learning applications in materials science, the most specific applicable category is ML.

CATEGORY: ML",5.19,,False,2026-08-09T19:38:54
164,llama3.1:8b,V2.2,abstract,DL,"REASONING: The abstract describes a specific technical approach using convolutional neural networks (CNNs) to predict traffic noise levels, comparing its performance to existing machine learning models. The primary contribution of the paper appears to be the development and application of this CNN-based method for noise prediction.

CATEGORY: DL",3.15,,False,2026-08-09T19:38:57
165,llama3.1:8b,V2.2,abstract,ML,"REASONING: 
The abstract describes an approach that combines machine learning and graph analysis for diagnosing dementia, with a focus on identifying important patterns and diagnostic markers. The technical methods mentioned include descriptive probability density function (PDF) analysis, feature ranking using three complementary strategies, and the evaluation of ten machine learning models.

CATEGORY: ML",3.15,,False,2026-08-09T19:39:00
166,llama3.1:8b,V2.2,abstract,ML,"REASONING: The abstract describes the development of a machine learning-based screening model for assessing the risk of depression among the elderly population using various supervised machine learning models and techniques such as feature selection analysis, cross-validation, and model selection prioritizing sensitivity and F2 score. The primary contribution of the paper is the development and evaluation of these ML models to identify significant factors associated with depression.

CATEGORY: ML",3.83,,False,2026-08-09T19:39:04
167,llama3.1:8b,V2.2,abstract,AI,"REASONING: The abstract discusses the application of artificial intelligence (AI) in plastic and reconstructive surgery, highlighting its potential benefits and challenges. Machine learning algorithms are specifically mentioned as being used for automated image analysis and clinical decision making.

CATEGORY: AI",2.61,,False,2026-08-09T19:39:07
168,llama3.1:8b,V2.2,abstract,ML,"REASONING: 
1. The technical methods described in the text are double machine learning (DML) with random forest regression as the DML learner.
2. The primary contribution of the paper is to investigate the relationship mechanism between government-level AI policies and corporate supply chain resilience using a specific method, which is DML with random forest regression.
3. Since the core method used in this study is a machine learning technique (DML) that involves neural networks or deep learning methods are not explicitly mentioned, but it's a subset of ML.

CATEGORY: ML",5.31,,False,2026-08-09T19:39:12
169,llama3.1:8b,V2.2,abstract,ML,"REASONING: 
1. The technical methods described in the text are AI-driven predictive modeling, pattern recognition, temporal trend prediction, anomaly detection, spatial analytics, and data harmonization.
2. The primary contribution of the paper is to examine the application of AI-driven models for disease detection using wastewater data, rather than presenting a new method or technique itself.
3. Since the core concept of the paper follows an AI approach with specific applications in machine learning (predictive modeling, pattern recognition, etc.), but does not focus on neural network architectures, it is most accurately classified as ML.

CATEGORY: ML",5.18,,False,2026-08-09T19:39:17
170,llama3.1:8b,V2.2,abstract,DL,"REASONING: 
1. The technical methods described in the text include the use of Large Language Models, transformers-based architecture (RoBERTa-Large), self-attention mechanism, Term Frequency-Inverse Document Frequency (TF-IDF), Part of speech tagging (PoS), n-gram representations, word2Vec, FastText, Sentence Embeddings, and Explainable AI methods like LIME and SHAP.
2. The primary contribution of the paper is the introduction of RoBERTa-Large, a transformers-based architecture for clickbait news headline detection, which outperforms existing ML and DL approaches.
3. Since the core method is a neural network (RoBERTa-Large), it should be classified as Deep Learning even though it also involves Machine Learning concepts.

CATEGORY: DL",6.61,,False,2026-08-09T19:39:24
171,llama3.1:8b,V2.2,abstract,AI,"REASONING: 
1. The technical methods described in the text are bibliometric analysis using SCOPUS data, mapping knowledge trends and research patterns, and identifying influential authors and institutions.
2. The primary contribution of the paper is to analyze the incorporation of AI and ML into sustainable development strategies through a bibliometric study, highlighting their applications and growth over the past decade.
3. Since the core method involves analyzing and mapping knowledge trends using SCOPUS data, which can be considered as a machine learning approach (specifically, unsupervised learning or clustering), but more broadly falls under AI due to its application in understanding complex systems.

CATEGORY: AI",5.63,,False,2026-08-09T19:39:29
172,llama3.1:8b,V2.2,abstract,DL,"REASONING: 
1. The technical methods described in the text include machine learning architectures (interpretable and sustainable), feature engineering (composite features derived from clinical and behavioral data), class imbalance techniques (Synthetic Minority Oversampling Technique), a new strengthened Grey Relational Grade index, Shapley Additive Explanations, and comparison of seven mainstream classifiers including Deep Neural Networks.
2. The primary contribution of the paper is the development of an interpretable and sustainable machine learning architecture for early diagnosis of Alzheimer’s disease, which combines enhanced Grey Relational Grade metrics with robust machine learning and deep learning models.
3. Although the paper uses both machine learning and deep learning techniques, the core method described in the text is a neural network (Deep Neural Networks), which makes it most specific to classify as DL.

CATEGORY: DL",6.77,,False,2026-08-09T19:39:36
173,llama3.1:8b,V2.2,abstract,ML,"REASONING: The abstract discusses the intersection of Federated Learning (FL) and Explainable Artificial Intelligence (XAI), introducing a new paradigm called FedXAI that aims to satisfy both privacy and explainability requirements. The paper provides a systematic review of FedXAI methods, including model-agnostic explanations, interpretable-by-design federated models, and explainability-aware aggregation mechanisms.

CATEGORY: ML",3.8,,False,2026-08-09T19:39:40
174,llama3.1:8b,V2.2,abstract,AI,"**Step 1: Identify the technical methods described in the text**

The paper describes a novel machine learning framework for predicting antenatal care uptake among women in Ghana. The technical methods used include:

* Multiple imputation by chained equations (MICE)
* Categorical encoding
* Synthetic minority oversampling (SMOTE)
* Four supervised models: logistic regression, random forest, XGBoost, support vector machine
* Stratified 5-fold nested cross-validation with cost-sensitive threshold optimization
* Explainability techniques: SHAP and counterfactual explanations (DiCE)
* Fairness auditing using AIF360 metrics: statistical parity difference, disparate impact, equal opportunity difference, average odds difference, theil index
* Preprocessing mitigation using reweighing
* Causal inference using double machine learning framework with causal forests

**Step 2: Determine which method represents the paper's primary contribution**

The paper's primary contribution is the development of a novel, fairness-aware machine learning framework for predicting antenatal care uptake among women in Ghana. The framework integrates explainability, bias mitigation, and causal inference to support ethical AI deployment in low- and middle-income countries.

**Step 3: Assign the most specific applicable category**

The paper's primary contribution is a machine learning approach that uses neural networks (random forest, XGBoost) and other techniques (multiple imputation, SMOTE, fairness auditing). However, since the core method is not specifically a neural network architecture, but rather a",12.26,,False,2026-08-09T19:39:52
175,llama3.1:8b,V2.2,abstract,ML,"REASONING: 
The technical methods described in the text include graph atomic cluster expansion (GRACE), fine-tuning, knowledge distillation, and interatomic potentials. The primary contribution of the paper is the introduction of universal machine learning-based interatomic potentials using the GRACE framework. These models are trained on large materials datasets and demonstrate exceptional versatility through adaptation to specialized tasks.

CATEGORY: ML",3.55,,False,2026-08-09T19:39:56
176,llama3.1:8b,V2.2,abstract,DL,"REASONING: 
1. The technical methods described in the text are Real-Time Detection Transformer (RT-DETR), supervised machine learning classifiers (specifically Random Forest), Synthetic Minority Oversampling Technique (SMOTE), and geometric landmark analysis.
2. The primary contribution of the paper is the development and validation of an artificial intelligence pipeline for binary screening of horizontal strabismus versus orthotropia, which combines RT-DETR with supervised machine learning classifiers.
3. Since the core method of the paper's primary contribution is a neural network (RT-DETR), we should classify it as DL even though it also involves ML and AI.

CATEGORY: DL",5.57,,False,2026-08-09T19:40:01
177,llama3.1:8b,V2.2,abstract,DL,"REASONING: 
1. The technical methods described in the text are Support Vector Machine (SVM), K-Nearest Neighbor (KNN), RUSBoost, Synthetic Minority Over-Sampling Technique (SMOTE), and ten-fold cross-validation.
2. The primary contribution of the paper is the development and evaluation of machine learning models for predicting recurrent ischemic stroke using real-world data from the Malaysian National Neurology Registry, with a focus on identifying the most reliable model (RUSBoost) and its performance metrics.
3. Since the core method used in this study is RUSBoost, which is a type of neural network architecture, but more specifically a machine learning algorithm, we can classify it as DL even though it is also ML and AI.

CATEGORY: DL",6.87,,False,2026-08-09T19:40:08
178,llama3.1:8b,V2.2,abstract,DL,"REASONING: 
1. The technical methods described in the text include functional near-infrared spectroscopy (fNIRS), machine learning (ML) algorithms, and artificial intelligence (AI) algorithms.
2. The primary contribution of this paper is the prediction of hand movements using fNIRS signals and ML algorithms, specifically highlighting the superior performance of Random Forest (RF) algorithm.
3. Since the core method used in this study is a neural network (NN), but it's also mentioned as part of machine learning, we should classify it as DL even though it is also ML and AI.

CATEGORY: DL",5.39,,False,2026-08-09T19:40:14
179,llama3.1:8b,V2.2,abstract,DL,"REASONING: 
1. The technical methods described in the text are Bayesian optimisation, evolutionary algorithms, pruning or quantisation, Quantum-Inspired Algorithm (QIA), tunnelling-based search, amplitude reweighting, and a new metric comparison using a Quantum-Sustainable AI (Q-SAI) index.
2. The primary contribution of this paper is the development of QIA, which jointly optimises hyperparameters, model compression, and scheduling in a single framework to achieve energy savings while maintaining accuracy.
3. Since QIA is a neural network-based approach that uses tunnelling-based search and amplitude reweighting, it falls under the category of deep learning.

CATEGORY: DL",6.36,,False,2026-08-09T19:40:20
180,llama3.1:8b,V2.2,abstract,ML,"REASONING: 
1. The technical methods described in the text include machine learning (ML) approaches such as hybrid deep learning models like Long Short Term Memory with Double Deep Q-Network (LSTM-DDQN), Convolutional Neural Networks-Bidirectional Gated Recurrent Units (CNN-BiGRU), and transformer based frameworks.
2. The primary contribution of the paper is a review that systematically examines 240 peer-reviewed publications, provides a quantitative benchmarking framework, and identifies promising future directions for intelligent electric vehicle ecosystems.
3. The core method of the paper's primary contribution is the application of machine learning techniques, specifically deep learning models, to address challenges in electric vehicle infrastructure.

CATEGORY: ML",6.18,,False,2026-08-09T19:40:26
181,llama3.1:8b,V2.2,abstract,DL,"REASONING: 
1. The technical methods described in the text include image pre-processing using a Gaussian filter and histogram equalisation, feature extraction using Inception-enhanced vision transformer (IEViT), and classification using stacked sparse denoising autoencoder (SSDAE).
2. The primary contribution of the paper is the proposed Assistive Communication System Using Deep Sparse Autoencoder with Feature Learning (ACS-DSAEFL) approach, which combines multiple techniques to enhance real-time communication for people with hearing disabilities.
3. Since the core method of the ACS-DSAEFL approach involves a neural network architecture, specifically deep sparse autoencoders and vision transformers, it falls under the category of Deep Learning.

CATEGORY: DL",6.57,,False,2026-08-09T19:40:33
182,llama3.1:8b,V2.2,abstract,ML,"REASONING: The abstract describes a specific AI tool, FungiGuard, which integrates multiple machine learning techniques (Random Forest, Long Short-Term Memory, and attention mechanisms) to classify antifungal peptides in plants. The primary contribution of the paper is the development of this tool, which outperforms existing methods and facilitates novel AFP discovery.

CATEGORY: ML",3.38,,False,2026-08-09T19:40:36
183,llama3.1:8b,V2.2,abstract,ML,"REASONING: The abstract describes a specific technical approach to improve parameter estimation in multiple regression by modifying the diagonal elements of the matrix X'X, and introduces a new visualization tool called the ridge trace. This method is focused on improving the accuracy of parameter estimates through a mathematical modification, rather than relying on machine learning or neural network techniques.

CATEGORY: ML",3.11,,False,2026-08-09T19:40:39
184,llama3.1:8b,V2.2,abstract,DL,"REASONING:
1. The technical methods described in the text are Protein Language Learning (PLL) and Geometric Deep Learning (GDL), which are combined into a framework called PLGDL.
2. The primary contribution of this paper is the development of the PLGDL framework, which integrates PLL and GDL models to predict protective antigens for vaccine development.
3. Since the core method of this paper involves neural network architectures (specifically, deep learning), we can classify it as DL.

CATEGORY: DL",4.76,,False,2026-08-09T19:40:44
185,llama3.1:8b,V2.2,abstract,,"REASONING: The abstract describes a bibliometric analysis of articles related to artificial intelligence (AI) and machine learning (ML) in renal cancer research, using tools such as VOSviewer, CiteSpace, and bibliometrix. The primary contribution of the paper is not a new AI or ML method, but rather an analysis of the existing literature on the topic.

CATEGORY: None",3.65,,False,2026-08-09T19:40:48
186,llama3.1:8b,V2.2,abstract,DL,"REASONING: 
1. The technical methods described in the text include deep learning (transformer-based sequence models, graph neural networks, multimodal architectures), AI-aided approaches for ARG annotation, metagenome-assembled genomes (MAGs), and explainable AI (XAI) techniques such as SHAP, attention mechanism approaches, and gradient-based attribution approaches.
2. The primary contribution of the paper is a review summarizing recent advances in AI-aided microbiology, with a focus on AMR surveillance, including deep learning frameworks for ARG annotation, emerging approaches to identifying new resistance genes, and multimodal applications aimed at improving phenotype prediction.
3. Given that the core method described is primarily focused on deep learning techniques (transformer-based sequence models, graph neural networks, multimodal architectures) applied in the context of AI-aided microbiology, the most specific applicable category is DL.

CATEGORY: DL",7.56,,False,2026-08-09T19:40:55
187,llama3.1:8b,V2.2,abstract,ML,"REASONING:
The abstract describes a study that develops and validates a machine learning model named NVUPreM to predict 30-day non-variceal upper gastrointestinal bleeding (NVUGIB) mortality in critically ill patients. The study evaluates various machine learning algorithms, selects predictors using least absolute shrinkage and selection operator regression, and compares the performance of the optimal model against traditional clinical scoring systems.

CATEGORY: ML",4.16,,False,2026-08-09T19:40:59
188,llama3.1:8b,V2.2,abstract,ML,"REASONING: 
1. The technical methods described in the text include neural networks, kernel methods, generative models, representation learning, clustering, and quantum machine learning approaches.
2. The primary contribution of this paper is a comparative review of QML and classical ML, analyzing their foundations, complexity, and applications across various domains.
3. Since the core method involves comparing different machine learning techniques (neural networks, kernel methods, generative models, representation learning, clustering) with quantum machine learning approaches, but does not focus on neural network architectures specifically, it is most specific to classify as ML.

CATEGORY: ML",5.29,,False,2026-08-09T19:41:05
189,llama3.1:8b,V2.2,abstract,AI,"REASONING:
1. The technical methods described in the text include machine learning (e.g., support vector machines, random forest), deep learning (e.g., convolutional neural networks), and a systematic review approach using PRISMA guidelines.
2. The primary contribution of the paper is the evaluation of AI applications in ACL injury prediction and prevention through a systematic review, which focuses on techniques, performance metrics, sports contexts, and intervention effectiveness.
3. Although both machine learning and deep learning are mentioned as AI techniques used in the studies reviewed, the core method described in the text is the systematic review approach, which is not specific to either ML or DL.

CATEGORY: AI",6.03,,False,2026-08-09T19:41:11
190,llama3.1:8b,V2.2,abstract,ML,"REASONING: 
1. The technical methods described in the text include Extreme Gradient Boosting, Logistic Regression, Support Vector Machine, Cox proportional hazards analysis, and machine learning-based case-control classification model.
2. The primary contribution of the paper is the development of a machine learning-based model that integrates various clinical, environmental, and cytokine features to classify bladder cancer cases versus benign controls.
3. Although the paper involves neural networks (Extreme Gradient Boosting), it primarily focuses on classical machine learning techniques.

CATEGORY: ML",4.69,,False,2026-08-09T19:41:16
191,llama3.1:8b,V2.2,abstract,ML,"REASONING: 
The abstract describes the comparison of various machine learning and deep learning methods, including classical ML models (Random Forest, Decision Tree, Gradient Boosting Machine, Linear Discriminant Analysis, Support Vector Machine), a Deep Learning tool, and a pre-trained large language model (LLM) for classifying bronchiolitis diagnosis from electronic health records. The primary contribution of the paper is to compare the performance of these methods in identifying bronchiolitis diagnoses.

CATEGORY: ML",4.77,,False,2026-08-09T19:41:20
192,llama3.1:8b,V2.2,abstract,DL,"REASONING: 
1. The technical methods described in the text include brain-inspired reinforcement learning, artificial neural network-based hardware, third-terminal modulated eligibility traces, dynamic reward signaling, α-In2Se3 ferroelectric semiconductor field-effect transistor, and spiking neural networks.
2. The primary contribution of the paper is a novel computing architecture that leverages emerging materials to efficiently mimic complex reinforcement learning dynamics, specifically using α-In2Se3 transistors to implement biological eligibility trace decay and reward signal modulation.
3. This architecture is based on neural network architectures, which are a subset of machine learning.

CATEGORY: DL",5.68,,False,2026-08-09T19:41:26
193,llama3.1:8b,V2.2,abstract,AI,"REASONING: 
1. The technical methods described in the text include machine learning (ML), deep learning (DL), neural network designs, virtual screening, de novo molecular design, target identification, and AI-based drug development.
2. The primary contribution of the paper is to review and discuss the applications of artificial intelligence (AI) in oncological drug development, specifically highlighting its use in various stages such as target discovery, virtual screening, and de novo molecular design.
3. Although the text mentions machine learning and deep learning models, the core concept of the paper follows AI approaches, including symbolic reasoning and expert systems, to achieve its results.

CATEGORY: AI",5.43,,False,2026-08-09T19:41:31
194,llama3.1:8b,V2.2,abstract,DL,"REASONING: 
1. The technical methods described in the text include deep learning models (XLNET, DistilBERT, ALBERT), traditional machine learning models (Naive Bayes, Support Vector Machine, Random Forest), and a technique called Elastic Weight Consolidation for task-incremental learning.
2. The primary contribution of the paper is to compare the performance of these models in detecting depression-related texts on social media platforms, with XLNET with summarization being the top-performing model.
3. Since the core method used in this study is a neural network (XLNET), and it's also related to machine learning, but the primary focus is on comparing deep learning models, I will classify it as DL.

CATEGORY: DL",6.25,,False,2026-08-09T19:41:38
195,llama3.1:8b,V2.2,abstract,DL,"REASONING: 
1. The technical methods described in the text are a supervised AI/ML-based framework for automated image analysis, specifically using histology slides stained with Masson’s trichrome to detect, segment, and quantify fibrosis.
2. The primary contribution of this paper is the development and validation of an AI/ML algorithm for automatic fibrosis quantification, which demonstrates strong correlation with Ashcroft scoring and provides a computationally-efficient method for precise measurement.
3. Since the core method involves neural networks (supervised AI/ML-based framework), even though it's also ML and AI, I will classify it as DL.

CATEGORY: DL",5.75,,False,2026-08-09T19:41:43
196,llama3.1:8b,V2.2,abstract,ML,"REASONING: The abstract describes the application of machine learning techniques, specifically eight distinct models, to predict anterior cruciate ligament (ACL) injuries in sports medicine. The primary contribution of the paper is the evaluation and comparison of these ML models on four datasets.

CATEGORY: ML",2.98,,False,2026-08-09T19:41:46
197,llama3.1:8b,V2.2,abstract,DL,"REASONING: 
1. The technical methods described in the text include remote sensing data, machine learning models (five were evaluated), geospatial analytics, high-resolution satellite imagery, OpenStreetMap data, custom algorithms, and feature selection to prevent data leakage.
2. The primary contribution of the paper is the development of a novel risk assessment framework that integrates remote sensing data and machine learning to assess risks to heritage sites, which utilizes building density metrics as strong independent predictors.
3. Since the core method involves neural networks (machine learning models) and geospatial analytics, but also incorporates symbolic reasoning in the form of feature selection and custom algorithms, it is most specific to classify under DL.

CATEGORY: DL",6.54,,False,2026-08-09T19:41:53
198,llama3.1:8b,V2.2,abstract,Unclear,"REASONING: 
1. The technical methods described in the text include HLA–peptide binding models, T cell receptor (TCR)–epitope models, deep learning models for HLA imputation, and AI-enabled transplant decision support systems.
2. The primary contribution of the paper is to review and integrate emerging biology with AI innovations to accelerate safe clinical translation in immunogenomics.
3. While the paper discusses various technical methods, including those from machine learning (e.g., deep learning models) and artificial intelligence (e.g., AI-enabled transplant decision support), the core concept of the paper follows a review approach that integrates multiple fields, including biology, immunology, and AI.

CATEGORY: Unclear",6.28,,False,2026-08-09T19:41:59
199,llama3.1:8b,V2.2,abstract,DL,"REASONING: The abstract describes a study that uses machine learning (ML) for classification, followed by a quantitative Read-Across Structure-Activity Relationship (qRASAR) study, and develops an open-access eXplainable AI (XAI) platform named ""KidneyTox_v1.0"". The primary contribution of the paper is the development of this XAI platform, which uses ML methods to predict nephrotoxicity.

CATEGORY: DL",4.57,,False,2026-08-09T19:42:04
200,llama3.1:8b,V2.2,abstract,ML,"REASONING: The abstract discusses the application of artificial intelligence (AI) techniques in carbon capture and utilization (CCU) technologies to improve efficiency and effectiveness. The primary contribution of the paper is an in-depth patent analysis examining innovation trends, notable contributors, and emerging technical applications of AI in CCU.

CATEGORY: ML",3.07,,False,2026-08-09T19:42:07
201,llama3.1:8b,V2.2,missing,NO_INPUT,,0.0,no abstract available (no fallback columns in this sheet),False,2026-08-09T19:42:07
202,llama3.1:8b,V2.2,abstract,DL,"**Step 1: Identify the technical methods described in the text**

The technical methods mentioned in the abstract are:

* Machine learning models (RF, XGBoost, ANN)
* Stacking ensemble framework
* Hybrid stacking ensemble model
* Explainability analysis using SHAP (SHapley Additive exPlanations)

**Step 2: Determine which method represents the paper's primary contribution**

The primary contribution of this paper is the development and application of a novel hybrid stacking ensemble model for predicting the flexural strength of aluminium fibre reinforced concrete. While machine learning models, including RF, XGBoost, and ANN, are used as individual components within the ensemble framework, the focus is on the hybrid model itself.

**Step 3: Assign the most specific applicable category**

The paper's primary contribution is a neural network-based approach (ANN) combined with other machine learning methods in a stacking ensemble framework. Therefore, I will classify it under Deep Learning, as the core method is a neural network architecture.

REASONING: The abstract focuses on developing and applying a novel hybrid stacking ensemble model for predicting flexural strength, which involves a neural network-based approach (ANN) combined with other machine learning methods.
CATEGORY: DL",9.53,,False,2026-08-09T19:42:16
203,llama3.1:8b,V2.2,abstract,DL,"REASONING:
1. The technical methods described in the text are various machine learning algorithms (MLAs) such as logistic regression, K-nearest neighbor, support vector machine, random forest, Lagrangian support vector machine, random tree (RT), chi-square automatic interaction detection, and C5.0.
2. The primary contribution of the paper is the evaluation and comparison of these MLAs for diagnosing tuberculous pericardial effusion (TPE). Among these algorithms, the random tree model demonstrated the highest accuracy and area under the curve (AUC).
3. Since the core method used in this study is a machine learning approach with specific algorithms being compared, but primarily focusing on neural network-like performance of the random tree model, I will classify it as DL even though it's also ML and AI.

CATEGORY: DL",7.17,,False,2026-08-09T19:42:24
204,llama3.1:8b,V2.2,abstract,ML,"**Step 1: Identify the technical methods described in the text**

The abstract describes a bibliometric analysis using the Scopus database to identify publications related to AI, ML, robotic surgery, teleoperation, and telesurgery. The study uses various indicators such as annual publication trends, citation analysis, leading journals, productive authors, institutions, funding agencies, country collaborations, co-citation analysis, and keyword co-occurrence analysis. Visualization and network mapping are performed using VOSviewer software.

**Step 2: Determine which method represents the paper's primary contribution**

The primary contribution of this paper is not a technical innovation or a new algorithm, but rather a comprehensive bibliometric analysis of global research on AI and ML applications in robotic, teleoperated, and remote surgery. The study aims to provide insights into the evolving scientific landscape of intelligent telesurgery.

**Step 3: Assign the most specific applicable category**

The paper's primary contribution is not a technical innovation or a new algorithm, but rather a bibliometric analysis of global research on AI and ML applications in robotic, teleoperated, and remote surgery. The study uses various indicators such as citation analysis, co-citation analysis, and keyword co-occurrence analysis, which are typical of classical machine learning approaches.

REASONING: This paper is primarily focused on analyzing the trends and patterns in research publications related to AI and ML applications in robotic, teleoperated, and remote surgery. The study uses various bibliometric indicators that",11.82,,False,2026-08-09T19:42:35
205,llama3.1:8b,V2.2,abstract,DL,"REASONING: The technical methods described in the text are the support-vector network, which maps input vectors to a high-dimensional feature space and constructs a linear decision surface, and polynomial input transformations. The primary contribution of the paper is the extension of the support-vector network idea to non-separable training data. This method is a type of neural network architecture.

CATEGORY: DL",3.4,,False,2026-08-09T19:42:39
206,llama3.1:8b,V2.2,abstract,DL,"REASONING: The abstract describes a study that employs a convolutional neural network (CNN) to analyze EEG signals from neurological pathology datasets. The primary contribution of the paper is the investigation of sex-specific patterns in EEG data using AI methods and the evaluation of their impact on pathological diagnosis.

CATEGORY: DL",3.24,,False,2026-08-09T19:42:42
207,llama3.1:8b,V2.2,abstract,ML,"REASONING: 
1. The technical methods described in the text include various AI technologies such as machine learning (ML), deep learning (DL), natural language processing (NLP), generative AI (GenAI), large language models (LLMs), and explainable AI (XAI). These methods are applied to identify suicidal behavior, particularly on social media and clinical datasets. 
2. The primary contribution of the paper is a systematic literature review that examines how AI has been applied to suicide prevention, with a focus on comparing different AI technologies and their performance in identifying suicidal behavior.
3. Since the core method of this paper is not a specific neural network architecture but rather a comparison of various AI technologies, including ML and DL, I will classify it based on its primary contribution.

CATEGORY: ML",6.59,,False,2026-08-09T19:42:49
208,llama3.1:8b,V2.2,abstract,ML,"REASONING: The abstract describes the application of machine learning methods and predictive analytics in disaster management, proposing novel techniques utilizing a machine learning model for sustainable environment. The technical methods described include preprocessing data using deep adversarial gaussian multilayer perceptron and optimizing features with firefly swarm binary grasshopper optimization. These methods are used to achieve high performance metrics such as accuracy, precision, recall, AUC, and F-1 score.

CATEGORY: ML",4.1,,False,2026-08-09T19:42:53
209,llama3.1:8b,V2.2,abstract,ML,"REASONING: 
The technical methods described in the text include compiling historical laboratory contact angle datasets, standardizing contact angles using Tadmor's correlation, implementing a machine-learning workflow with multivariate imputation, multicollinearity diagnostics, and systematic benchmarking of various models (linear, tree-based, boosting, and neural-network). The primary contribution of the paper is the development of an optimized CatBoost model for predicting hydrogen wettability across geosystems. This model achieves near-experimental predictive skill and enables explainable interpretation via SHAP and partial dependence analysis.

CATEGORY: ML",5.47,,False,2026-08-09T19:42:58
210,llama3.1:8b,V2.2,abstract,ML,"REASONING: The abstract describes a study that compares various machine learning and deep learning algorithms for classifying pulmonary diseases using spirometry features. The primary contribution of the paper is to evaluate the performance of different models, including both classical machine learning methods (e.g., logistic regression, support vector machine) and neural network architectures (deep neural networks and convolutional neural networks).

CATEGORY: ML",3.8,,False,2026-08-09T19:43:02
211,llama3.1:8b,V2.2,abstract,DL,"REASONING: The abstract discusses deep learning methodology, specifically the phenomenon of benign overfitting and its relation to linear regression. The paper characterizes conditions under which perfect fit to training data is compatible with accurate prediction, focusing on the role of overparameterization and finite-dimensional data.

CATEGORY: DL",2.96,,False,2026-08-09T19:43:05
212,llama3.1:8b,V2.2,abstract,ML,"REASONING:
The technical methods described in the text include Extreme Gradient Boosting (XGBoost) models, cross-validation nested resampling with a holdout test set, and beeswarm plots for variable importance visualization. The primary contribution of the paper is the development and evaluation of an ML model using XGBoost for detecting dental caries.

CATEGORY: ML",3.88,,False,2026-08-09T19:43:09
213,llama3.1:8b,V2.2,abstract,ML,"REASONING: The technical methods described in the text include tree boosting, XGBoost (a specific implementation), and novel algorithms for sparse data and weighted quantile sketch. The primary contribution of the paper is a scalable end-to-end tree boosting system, which represents the core methodological approach of the paper.

CATEGORY: ML",3.01,,False,2026-08-09T19:43:12
214,llama3.1:8b,V2.2,abstract,AI,"REASONING: The abstract discusses a systematic review that evaluates the use of Explainable Artificial Intelligence (XAI) techniques in conjunction with machine learning and deep learning methods for analyzing electroencephalography (EEG) data to diagnose mood and anxiety disorders. The primary contribution of the paper is the critical evaluation of EEG-based biomarkers for depression, anxiety, and bipolar disorder as informed by XAI techniques.

CATEGORY: AI",4.2,,False,2026-08-09T19:43:16
215,llama3.1:8b,V2.2,abstract,ML,"REASONING:
The abstract describes the application of artificial intelligence (AI) in CRISPR-based genetic screening, specifically highlighting the use of machine learning (ML), deep learning (DL), and large language model-agent (LLM-agent) systems to optimize experimental design and analysis.

1. Identify the technical methods described in the text:
The technical methods mentioned are: 
- Machine learning (ML)
- Deep learning (DL)
- Large language model-agent (LLM-agent) systems

2. Determine which method represents the paper's primary contribution:
The primary contribution of this Review is to synthesize how AI, specifically ML and DL, is reshaping CRISPR screening by introducing predictive, adaptive, and system-level intelligence across the experimental lifecycle.

3. Assign the most specific applicable category:
CATEGORY: ML",6.82,,False,2026-08-09T19:43:23
216,llama3.1:8b,V2.2,abstract,ML,"REASONING: The abstract describes a machine learning platform called CLOSER that uses self-supervised learning to analyze spontaneous behavior in mice with major depressive disorder (MDD). The platform incorporates 3D pose skeleton data and kinematic features, and is used to quantify the expression of depressive-like state in naturalistic contexts.

CATEGORY: ML",3.26,,False,2026-08-09T19:43:26
217,llama3.1:8b,V2.2,abstract,ML,"REASONING: The paper describes a machine learning approach using various models (AdaBoost, RF, SVM, etc.) to detect Parkinson's disease from vocal biomarkers. The primary contribution of the paper is the application of these ML models to identify crucial vocal biological markers for early detection.

CATEGORY: ML",3.1,,False,2026-08-09T19:43:29
218,llama3.1:8b,V2.2,abstract,ML,"REASONING: The abstract describes the development of an artificial intelligence-driven predictive model (Kinic Index) that integrates multi-omics data and consensus clustering to classify HCC patients into distinct subgroups. Machine learning approaches are used to identify prognostic variables associated with HCC progression, and deep learning is employed for multitarget drug discovery using the GraphBAN framework.

CATEGORY: ML",3.71,,False,2026-08-09T19:43:33
219,llama3.1:8b,V2.2,abstract,DL,"REASONING:
1. The technical methods described in the text include causal artificial intelligence modeling, reinforcement learning, and machine learning algorithms for prediction and decision-making.
2. The primary contribution of the paper is to provide a guide on current developments and potential applications of artificial intelligence in urology, with a focus on novel technologies such as causal AI modeling and reinforcement learning.
3. Given that the core method involves neural network architectures (reinforcement learning) and machine learning techniques, but also encompasses broader AI concepts, the most specific applicable category is DL.

CATEGORY: DL",5.27,,False,2026-08-09T19:43:38
220,llama3.1:8b,V2.2,abstract,ML,"REASONING: The abstract discusses various approaches to sentiment analysis, including deep learning models, machine learning methods, and hybrid methods that integrate multiple modalities. The primary contribution of the paper is a comprehensive review of these approaches, their applications, and future directions in the field.

CATEGORY: ML",2.95,,False,2026-08-09T19:43:41
221,llama3.1:8b,V2.2,abstract,ML,"REASONING: The abstract describes a comparison between two technical methods: fine-tuned open-weight Vision-Language-Action (VLA) models and neuro-symbolic architectures that combine PDDL-based symbolic planning with learned low-level control. The primary contribution of the paper is to evaluate and compare these two approaches on structured manipulation tasks.

CATEGORY: ML",3.25,,False,2026-08-09T19:43:45
222,llama3.1:8b,V2.2,abstract,ML,"REASONING: The paper describes the use of machine learning techniques to identify key predictors and novel patient phenotypes of PICC-CRBSI. The primary contribution is the development of an explainable machine learning framework that incorporates LASSO regression, SHAP analysis, supervised UMAP, and HDBSCAN clustering.

CATEGORY: ML",3.26,,False,2026-08-09T19:43:48
223,llama3.1:8b,V2.2,abstract,ML,"REASONING: The abstract discusses the application of machine learning and deep learning techniques in orthodontics, using artificial intelligence as a broader framework. However, the primary contribution of the paper is not to develop or compare specific ML/DL algorithms, but rather to conduct a systematic literature review and identify gaps in current research.

CATEGORY: ML",3.85,,False,2026-08-09T19:43:52
224,llama3.1:8b,V2.2,abstract,ML,"REASONING: The abstract discusses the application of artificial intelligence (AI) methods in various domains related to climate science, including machine learning (ML) and deep learning (DL) techniques such as physics-guided models, PINNs, and neural operators. The primary contribution of the paper is a synthesis of recent advances in AI for climate science, with an emphasis on evaluation rigor, reproducibility, and sustainability.

CATEGORY: ML",3.86,,False,2026-08-09T19:43:55
225,llama3.1:8b,V2.2,abstract,ML,"REASONING: The abstract discusses the application of machine learning and deep learning algorithms to accelerate materials discovery, particularly in the context of high-entropy materials for batteries and supercapacitors. The technical methods described include encoding and decoding crystal structures, utilizing quantum computing, and employing deep learning algorithms for material discovery.

CATEGORY: ML",2.98,,False,2026-08-09T19:43:58
226,llama3.1:8b,V2.2,abstract,ML,"REASONING: The abstract describes a comprehensive survey using DNA metabarcoding analysis and machine learning methods to predict host health status based on fungal community profiling. The primary contribution is the development of a multiview analytical framework that integrates conventional statistical approaches with machine learning and explainable artificial intelligence.

CATEGORY: ML",2.88,,False,2026-08-09T19:44:01
227,llama3.1:8b,V2.2,abstract,,"REASONING: The abstract describes a scoping review that systematically identifies and analyzes studies on Artificial Intelligence (AI) applications in emergency general surgery, focusing on clinical decision-support tools and intraoperative assistance. The paper's primary contribution is not a technical method or algorithm, but rather a critical appraisal of the current literature and identification of barriers to AI implementation.

CATEGORY: None",3.68,,False,2026-08-09T19:44:05
228,llama3.1:8b,V2.2,abstract,DL,"REASONING: The abstract discusses the application of artificial intelligence in veterinary oncology, specifically highlighting the use of deep learning models for image-based diagnostics and other clinical applications. While machine learning is also mentioned as a broader category, the focus on neural network architectures (CNNs, radiomics) suggests that deep learning is the primary technical approach being discussed.

CATEGORY: DL",3.42,,False,2026-08-09T19:44:08
229,llama3.1:8b,V2.2,abstract,ML,"REASONING: The abstract describes a methodology for curating clinical trial databases to make them suitable for training or testing artificial intelligence (AI) models, specifically for medical imaging tasks. The technical methods described include defining inclusion and exclusion criteria, removing unnecessary data, quality control, and harmonisation of DICOM fields.

CATEGORY: ML",3.31,,False,2026-08-09T19:44:12
230,llama3.1:8b,V2.2,abstract,ML,"REASONING: The abstract discusses a systematic review of Artificial Intelligence (AI) methods applied to International Roughness Index (IRI) prediction for rigid and composite pavements. The primary contribution of the paper is the synthesis of literature on AI methods, including machine learning (ML) techniques such as ensemble learning, artificial neural networks, and hybrid architectures.

CATEGORY: ML",3.75,,False,2026-08-09T19:44:16
231,llama3.1:8b,V2.2,abstract,ML,"REASONING: The paper proposes an intelligent optimization framework for centrifugal compressor maintenance strategies, using a combination of methods including Reliability Allocation by Heuristic Optimization, graph theory, Monte Carlo simulations, and Deep Reinforcement Learning. These methods are used to determine reliability thresholds, model the degradation process, and formulate optimal maintenance policies. The primary contribution of the paper is the development of an integrated framework that considers system-wide interdependencies.

CATEGORY: ML",4.31,,False,2026-08-09T19:44:20
232,llama3.1:8b,V2.2,abstract,ML,"REASONING: The abstract discusses machine learning-based predictive models for diabetes mellitus, specifically highlighting the use of ensemble and deep learning techniques to surpass traditional risk assessment approaches. The paper focuses on the state-of-the-art in machine learning-based systems, including algorithmic approaches, dataset properties, and performance indicators. The primary contribution is a thorough analysis of machine learning-based diabetes prediction systems.

CATEGORY: ML",3.59,,False,2026-08-09T19:44:23
233,llama3.1:8b,V2.2,abstract,DL,"REASONING: The abstract describes the use of machine learning (ML) methods, specifically several classifiers equipped with explainable artificial intelligence (XAI) techniques, to improve the diagnosis and prediction of Parkinson's disease. The primary contribution of the paper is a framework that combines ML and XAI to provide both accurate predictions and interpretable results.

CATEGORY: DL",3.45,,False,2026-08-09T19:44:27
234,llama3.1:8b,V2.2,abstract,ML,"REASONING: 
1. The technical methods described in the text are machine learning algorithms, specifically supervised learning algorithms such as Logistic regression, Decision tree, Random Forest, Gradient Boosting, AdaBoost, K-Nearest Neighbour (KNN), Support vector machine, and Naïve Bayes.
2. The primary contribution of the paper is the comparison and evaluation of these machine learning algorithms for detecting suspicious financial activities in transactional data, with a focus on the performance of the Gradient Boosting classifier.
3. Since the core method used in this paper is a specific type of machine learning algorithm (Gradient Boosting), which is a subset of classical machine learning techniques, the most specific applicable category is ML.

CATEGORY: ML",6.54,,False,2026-08-09T19:44:33
235,llama3.1:8b,V2.2,abstract,ML,"REASONING: 
1. The technical methods described in the text include tree-based ensemble models, explainable artificial intelligence (XAI) techniques, regression models, classification models, and a hybrid classification-regression framework.
2. The primary contribution of this paper is the development and application of an automated machine learning (AutoML) framework for predicting case durations and delays using a combination of these methods.
3. Since the core method involves neural networks are not explicitly mentioned but the use of ensemble models and AutoML suggests that it's more specific than general AI approaches, symbolic reasoning, or expert systems.

CATEGORY: ML",5.38,,False,2026-08-09T19:44:39
236,llama3.1:8b,V2.2,abstract,DL,"REASONING: The paper proposes different approaches to address the issue of limited training data for deep learning-based models in automatic detection of sickle cell disease, including transfer-learning, contrastive-learning, and focal loss. The primary contribution is a combination of these methods with Explainable Artificial Intelligence (XAI) methodologies to improve model efficiency and trustworthiness. The technical implementation focuses on fine-tuning pre-trained neural networks and incorporating various loss functions.

CATEGORY: DL",4.17,,False,2026-08-09T19:44:43
237,llama3.1:8b,V2.2,abstract,ML,"REASONING: The abstract describes the application of a machine learning-based prediction model, specifically using nine clinical parameters to predict insulin resistance and its association with various cancers. The primary contribution of the paper is the development and evaluation of this machine learning model.

CATEGORY: ML",2.69,,False,2026-08-09T19:44:46
238,llama3.1:8b,V2.2,abstract,ML,"REASONING: The abstract discusses the application of various artificial intelligence methods in healthcare, including machine learning, deep learning, large language models, and digital twins. The primary contribution of the paper is a narrative review synthesizing recent evidence on these applications and proposing an implementation blueprint for responsible adoption.

CATEGORY: ML",2.86,,False,2026-08-09T19:44:49
239,llama3.1:8b,V2.2,abstract,ML,"REASONING: 
1. The technical methods described in the text include base classifiers, ensemble models (specifically CatBoost, Voting Classifier, Stacking Classifier), SHAP framework, and standard diagnostic metrics.
2. The primary contribution of the paper is the comparison and evaluation of different machine learning models for tumour type prediction from morphometric data, with a focus on interpretable ensemble methods.
3. The core method used in this study is ensemble modeling, specifically using CatBoost, Voting Classifier, and Stacking Classifier.

CATEGORY: ML",4.58,,False,2026-08-09T19:44:53
240,llama3.1:8b,V2.2,abstract,DL,"**Step 1: Identify the technical methods described in the text**

The abstract describes the use of deep learning (DL) models, specifically ResNet-50 variants with attention mechanisms (CBAM) and ensemble strategies, for sperm morphology classification. It also mentions CNN-based motility assessment and emerging AI applications for DNA fragmentation prediction and ZP binding capability prediction.

**Step 2: Determine which method represents the paper's primary contribution**

The paper systematically evaluates the technical performance of AI-based automated semen analysis systems, specifically comparing deep learning or machine learning methods to manual expert assessment. The primary focus is on evaluating the accuracy and feasibility of these AI-based systems for various applications in semen analysis.

**Step 3: Assign the most specific applicable category**

REASONING: The paper focuses on evaluating the technical performance of AI-based automated semen analysis systems, specifically deep learning models, for sperm morphology classification and motility assessment. While machine learning is also mentioned, the primary contribution is the evaluation of deep learning methods.
CATEGORY: DL",8.58,,False,2026-08-09T19:45:02
241,llama3.1:8b,V2.2,abstract,ML,"REASONING: 
1. The technical methods described in the text are Support Vector Machine (SVM) models, statistical analysis, and psychometric rigor.
2. The primary contribution of the paper is the development of an SVM-based predictive model for student satisfaction, which represents a specific application of machine learning techniques.
3. Although the abstract mentions artificial intelligence as a broader category, the core method described in the text is specifically related to machine learning.

CATEGORY: ML",4.06,,False,2026-08-09T19:45:06
242,llama3.1:8b,V2.2,abstract,AI,"REASONING: 
1. The technical methods described in the text include bibliometric co-occurrence analysis using VOSviewer, a literature review, and comparison tables focusing on AI methods applied to disaster-related tasks.
2. The primary contribution of the paper is the concise literature review and analysis of previous studies on disaster management through AI, rather than proposing new AI methods or techniques.
3. Although the text mentions deep learning solutions as an improvement over conventional rule-based solutions, the focus is on reviewing existing research and identifying trends, rather than developing a novel DL approach.

CATEGORY: AI",4.82,,False,2026-08-09T19:45:11
243,llama3.1:8b,V2.2,abstract,ML,"REASONING: The abstract describes various machine learning models being trained and fine-tuned on data from SMS recruitment campaigns, with a focus on improving efficiency and cost-effectiveness in recruiting blood donors. The primary contribution of the paper is the development and validation of a machine learning-based recruitment framework that outperforms traditional methods.

CATEGORY: ML",3.39,,False,2026-08-09T19:45:14
244,llama3.1:8b,V2.2,abstract,AI,"REASONING: The abstract discusses the integration of Artificial Intelligence (AI) into oncology, specifically focusing on health economic evaluations of AI applications in cancer diagnosis and treatment. The paper conducts a scoping review to assess recent literature on the economic aspects of AI in oncology, including cost-effectiveness analyses and budget impact studies.

CATEGORY: AI",3.49,,False,2026-08-09T19:45:17
245,llama3.1:8b,V2.2,abstract,ML,"REASONING: The abstract describes the use of machine learning techniques, specifically natural language processing (NLP) with BERTopic, to categorize and label development projects based on their narrative descriptions. This approach is novel and reproducible, aiming to provide a better understanding of donor priorities and overall development funding.

CATEGORY: ML",3.1,,False,2026-08-09T19:45:21
246,llama3.1:8b,V2.2,abstract,ML,"REASONING: The abstract describes a study that uses both traditional statistical methods and machine learning techniques to predict patients' sexual satisfaction after prostate surgery. The primary contribution of the paper is the application of machine learning to improve prediction accuracy, specifically using the Extra-Trees classifier.

CATEGORY: ML",3.28,,False,2026-08-09T19:45:24
247,llama3.1:8b,V2.2,abstract,AI,"REASONING: The abstract discusses the limitations of large language models (LLMs) in achieving superhuman AI and proposes an alternative approach by connecting LLMs to principled theories and well-tested models of human thinking and learning prior to language acquisition. This approach involves using AI breakthroughs in LLMs as models of language use, rather than as end-to-end models of intelligence. The primary contribution of the paper is to explore a new route to intelligent machines that combines insights from cognitive science and AI.

CATEGORY: AI",4.58,,False,2026-08-09T19:45:28
248,llama3.1:8b,V2.2,abstract,ML,"REASONING: The paper describes a clustering algorithm called DBSCAN and its generalization, GDBSCAN, which can handle point objects with spatial and nonspatial attributes. The primary contribution of the paper is the development of this new algorithm and its applications in various fields. The technical methods described are related to machine learning, specifically classical machine learning techniques for clustering.

CATEGORY: ML",3.36,,False,2026-08-09T19:45:32
249,llama3.1:8b,V2.2,abstract,,"REASONING: The abstract describes a systematic review, meta-analysis, and bibliometric visualization analysis of the role of artificial intelligence in nursing simulation education. The primary contribution of the paper is the synthesis and evaluation of the effects of AI on nursing students' knowledge and skill outcomes.

CATEGORY: None",3.04,,False,2026-08-09T19:45:35
250,llama3.1:8b,V2.2,abstract,DL,"REASONING:
1. The technical methods described in the text include the use of Optical Coherence Tomography Angiography (OCTA) to extract retinal features, a Transformer-based multi-scale style learning algorithm to process OCTA images, LASSO regression for feature selection, restricted cubic splines for modeling, and XGBoost classifier for prediction. 
2. The primary contribution of the paper is the development and validation of an artificial intelligence-driven CAD prediction model that integrates OCTA-derived retinal features with electronic health record (EHR) data.
3. Given that the core method involves a neural network architecture (Transformer-based multi-scale style learning algorithm), the most specific applicable category is Deep Learning.

CATEGORY: DL",6.94,,False,2026-08-09T19:45:42
251,llama3.1:8b,V2.2,abstract,ML,"REASONING: The abstract discusses various applications of machine learning and deep learning in oncology, including cancer phenotyping, drug development, and virtual screening. It also touches on AI-enabled pipelines and emerging directions such as multimodal foundation models and federated learning. However, the primary focus is on the technical implementation of these methods to achieve specific results.

CATEGORY: ML",3.51,,False,2026-08-09T19:45:45
252,llama3.1:8b,V2.2,abstract,ML,"REASONING: The abstract describes the use of various machine learning algorithms, including neural networks, to predict the shear strength of steel-fiber-reinforced concrete (SFRC) beams. The primary contribution of the paper is the evaluation and comparison of these machine learning models using experimental data.

CATEGORY: ML",3.03,,False,2026-08-09T19:45:48
253,llama3.1:8b,V2.2,abstract,ML,"REASONING: The abstract discusses the application of artificial intelligence (AI) and machine learning (ML) algorithms in conjunction with liquid biopsy to improve cancer detection, prognosis prediction, and treatment response. The primary contribution of the paper is the evaluation of how AI-powered liquid biopsy can overcome current limitations and advance precision oncology.

CATEGORY: ML",3.51,,False,2026-08-09T19:45:52
254,llama3.1:8b,V2.2,abstract,ML,"**Step 1: Identify the technical methods described in the text**

The abstract describes several machine learning (ML) and radiomics approaches applied to diagnose and predict outcomes in ankylosing spondylitis (AS). The specific techniques mentioned include:

* Machine-learning frameworks
* Radiomics algorithms
* Deep-learning networks (specifically, CNNs are not mentioned, but deep-learning is used for X-ray-based models)
* Feature engineering workflows
* Validation strategies

**Step 2: Determine which method represents the paper's primary contribution**

The paper's primary contribution appears to be a meta-analysis of existing studies that applied ML and radiomics approaches to diagnose and predict outcomes in AS. The authors aimed to quantify the diagnostic and prognostic capability of these methods, identify influencing factors, and provide recommendations for future work.

**Step 3: Assign the most specific applicable category**

Based on the primary contribution of the paper (meta-analysis of machine learning and radiomics approaches), I would assign the following category:

REASONING: The paper focuses on a meta-analysis of existing studies that applied machine learning and radiomics techniques to diagnose and predict outcomes in ankylosing spondylitis. While deep-learning networks are mentioned, they are not the primary focus of the paper.
CATEGORY: ML",10.49,,False,2026-08-09T19:46:02
255,llama3.1:8b,V2.2,abstract,ML,"REASONING: 
1. The technical methods described in the text include UV–Vis spectrophotometry, machine learning models (SVR, Linear Regression, Lasso Regression, Ridge Regression, and Elastic Net), and their application to predict concentrations of naringin and naringenin.
2. The primary contribution of the paper is the development of a green UV–Vis spectrophotometric method enhanced by AI for simultaneous quantification of naringin and naringenin in plant extracts, which uses machine learning models as its core technical implementation.
3. Since the paper's core method involves neural network-like machine learning models (SVR, Linear Regression, Lasso Regression, Ridge Regression, and Elastic Net), but not specifically deep neural networks like CNNs or RNNs, it is most specific to classify under ML.

CATEGORY: ML",7.53,,False,2026-08-09T19:46:10
256,llama3.1:8b,V2.2,abstract,ML,"REASONING: 
1. The technical methods described in the text are related to machine learning (ML) and deep learning (DL), specifically the creation of a multi-modal dataset for developing AI models in weather and climate research.
2. The primary contribution of the paper is the introduction of WxC-Bench, a curated ML-ready dataset designed to support the development of generalizable AI models for various downstream use-cases in weather and climate research.
3. Although the paper involves deep learning techniques (e.g., preparing ML-ready data), the core method is the creation of a dataset, which is more closely related to machine learning.

CATEGORY: ML",5.48,,False,2026-08-09T19:46:15
257,llama3.1:8b,V2.2,abstract,ML,"REASONING: The abstract describes the development and evaluation of machine learning-based predictive models for sex determination using mandibular symphysis measurements from lateral cephalometric images. The primary contribution of the paper is the comparison and optimization of eight supervised machine-learning algorithms, including SVM, Logistic Regression, and K-Nearest Neighbors.

CATEGORY: ML",3.63,,False,2026-08-09T19:46:19
258,llama3.1:8b,V2.2,abstract,ML,"REASONING: The abstract describes a technical approach that combines explainable AI techniques (SHAP and LIME) with a feature selection method called Enhanced Squirrel Search Optimization (ESSO), which is integrated with Random Forest classification. This approach aims to improve both predictive performance and interpretability in clinical decision-making for ischemic heart disease diagnosis.

CATEGORY: ML",3.41,,False,2026-08-09T19:46:22
259,llama3.1:8b,V2.2,abstract,ML,"REASONING: The abstract discusses the application of artificial intelligence in psychiatry, specifically highlighting machine learning models and their use in various domains such as screening, outcome prediction, risk and relapse prediction, and psychotherapy. The primary contribution of the paper is a review of the current state of AI in psychiatry, examining its role and limitations.

CATEGORY: ML",3.2,,False,2026-08-09T19:46:26
260,llama3.1:8b,V2.2,abstract,DL,"REASONING: 
1. The technical methods described in the text are machine learning-based surrogate modeling, artificial neural networks (ANN), Levenberg–Marquardt Scheme (LMS), Adam optimizer function, and numerical solution evaluation.
2. The primary contribution of the paper is the development of an ANN-based machine learning technique for analyzing bubble dynamics and cavitation behavior under sinusoidal waves.
3. Since the core method used in this study is a neural network, it should be classified as DL even though it is also ML and AI.

CATEGORY: DL",4.73,,False,2026-08-09T19:46:30
261,llama3.1:8b,V2.2,abstract,ML,"**Step 1: Identify the technical methods described in the text**

The abstract describes a scoping review methodology, which involves searching multiple databases (MEDLINE, CINAHL, Embase, IEEE Xplore) for relevant studies using specific keywords and inclusion criteria. The included studies used various AI techniques, including supervised machine learning, neural networks, and deep learning approaches, primarily for classification, prediction, and automated quantification or scoring.

**Step 2: Determine which method represents the paper's primary contribution**

The primary contribution of this paper is a scoping review of AI applications in pediatric rehabilitation outcome assessment. While the included studies used various AI techniques, the focus of the paper is on summarizing and synthesizing the existing literature on AI in this field, rather than presenting new AI methods or models.

**Step 3: Assign the most specific applicable category**

Given that the primary contribution of the paper is a scoping review of AI applications in pediatric rehabilitation outcome assessment, which involves classical machine learning techniques (supervised machine learning) and some deep learning approaches, but not primarily focused on neural network architectures, I would assign the following category:

REASONING: The paper presents a scoping review of AI applications in pediatric rehabilitation outcome assessment, which involves classical machine learning techniques and some deep learning approaches. However, the focus is on summarizing and synthesizing the existing literature rather than presenting new AI methods or models.
CATEGORY: ML",11.48,,False,2026-08-09T19:46:42
262,llama3.1:8b,V2.2,abstract,ML,"REASONING: The abstract describes a comprehensive assessment framework for Physical Education teaching effectiveness that uses Multimodal Machine Learning to evaluate multi-source educational data. The technical methods described include multimodal dataset creation, preprocessing (wavelet denoising and z-score normalization), feature extraction using Histogram of Oriented Gradients (HOG), and the Enhanced Marine Predators-driven Explainable Boosting Machine (EMP-EBM) model.

CATEGORY: ML",4.56,,False,2026-08-09T19:46:46
263,llama3.1:8b,V2.2,abstract,ML,"REASONING: The abstract mentions the Support Vector (SV) method as a technical approach used in various applications such as regression estimation, multidimensional spline construction, and linear operator equation solving. This method is a specific technique within classical machine learning.

CATEGORY: ML",2.48,,False,2026-08-09T19:46:49
264,llama3.1:8b,V2.2,abstract,ML,"REASONING: 
1. The technical methods described in the text are machine learning algorithms (specifically random forest) and explainable artificial intelligence techniques (SHapley Additive exPlanations). 
2. The primary contribution of the paper is the development and validation of an interpretable machine learning model for predicting MDR/RR-TB, which uses a specific algorithm (random forest) and identifies key predictive factors using SHAP analysis.
3. Since the core method used in this paper is a machine learning algorithm (specifically random forest), and it is also classified as AI due to its use of explainable artificial intelligence techniques, but the primary focus is on ML methods, I will classify it under the most specific category.

CATEGORY: ML",6.34,,False,2026-08-09T19:46:55
265,llama3.1:8b,V2.2,abstract,ML,"REASONING: The paper proposes a media analytics framework that combines traditional statistical modeling, natural language processing tools, and explainable machine learning to analyze audience engagement with social media posts. The primary contribution is the development of this framework, which uses multiple technical methods to achieve its results. The core method is not a neural network, but rather a combination of various techniques.

CATEGORY: ML",3.98,,False,2026-08-09T19:46:59
266,llama3.1:8b,V2.2,abstract,DL,"REASONING: 
1. The technical methods described in the text include physics-based petrophysical calculations, Random Forest regression (RF), Akima spline interpolation, Isolation Forest algorithms, Deepseek-R1 cognitive perception, and neural network architectures implied by ""cognitive computing framework"" and ""Deepseek-R1 cognitive evaluation"".
2. The primary contribution of this paper is the development of a workflow that combines multiple methods to improve reservoir characterisation and exploration optimisation.
3. Since the core method involves a combination of physics-based calculations, machine learning (RF), and neural network architectures implied by ""cognitive computing framework"", the most specific applicable category is Deep Learning.

CATEGORY: DL",5.86,,False,2026-08-09T19:47:05
267,llama3.1:8b,V2.2,abstract,DL,"REASONING: The abstract describes various technical methods used in bladder cancer diagnosis, including AI-enhanced cystoscopy, AI-augmented urine cytology, radiomics-based staging, computational pathology, and multimodal fusion architectures. These methods are primarily based on deep learning (DL) techniques, but also involve classical machine learning (ML) approaches such as feature engineering and model comparison.

CATEGORY: DL",3.81,,False,2026-08-09T19:47:09
268,llama3.1:8b,V2.2,abstract,DL,"REASONING: 
1. The technical methods described in the text include regression-based algorithms such as Decision Tree, K-Nearest Neighbors, AdaBoost, Support Vector Machine, Random Forest, and optimization using Random Search.
2. The primary contribution of the paper is the development of an interpretable machine learning framework for joint modeling of CO2 and N2O emissions, which uses a combination of these algorithms and techniques to achieve strong predictive performance and interpretability.
3. Since the core method involves neural networks (Random Forest) and the focus is on machine learning techniques, I will classify it as DL even though it also falls under ML and AI.

CATEGORY: DL",6.16,,False,2026-08-09T19:47:15
269,llama3.1:8b,V2.2,abstract,ML,"REASONING: The abstract discusses the application of artificial intelligence (AI) in diagnosing and assessing mitral regurgitation (MR), a valvular heart disease. The technical methods described include convolutional neural networks, support vector machines, ensemble models, and other AI algorithms applied to various types of data such as echocardiographic imaging, electrocardiography, clinical biomarkers, and chest radiography.

CATEGORY: ML",4.17,,False,2026-08-09T19:47:19
270,llama3.1:8b,V2.2,abstract,DL,"**Step 1: Identify the technical methods described in the text**

The abstract describes the use of artificial intelligence (AI) applied to ultrasound imaging for diagnosing endometriosis, specifically mentioning machine learning (ML) and deep learning (DL) algorithms.

**Step 2: Determine which method represents the paper's primary contribution**

The primary focus of this systematic review is on evaluating the role of AI in improving diagnosis and prediction of endometriosis using ultrasound images. The abstract highlights the performance of both ML and DL models, but specifically notes that deep learning models achieved higher accuracies (0.89–0.93) and AUC values around 0.90.

**Step 3: Assign the most specific applicable category**

Given that the paper's primary contribution is on evaluating the role of AI in improving diagnosis and prediction of endometriosis using ultrasound images, with a focus on deep learning models achieving higher performance, I would assign the following category:

REASONING: The abstract highlights the use of artificial intelligence (AI) applied to ultrasound imaging for diagnosing endometriosis, specifically mentioning machine learning (ML) and deep learning (DL) algorithms. Deep learning models achieved higher accuracies and AUC values compared to ML models.

CATEGORY: DL",10.36,,False,2026-08-09T19:47:30
271,llama3.1:8b,V2.2,abstract,DL,"REASONING: The abstract describes the application of both machine learning (ML) and deep learning (DL) techniques for analyzing electrocardiography (ECG) patterns, comparing their performance in detecting life-threatening cardiac events. The primary contribution of the paper is to demonstrate the superiority of deep learning models over traditional machine learning approaches in this specific task.

CATEGORY: DL",3.43,,False,2026-08-09T19:47:33
272,llama3.1:8b,V2.2,abstract,ML,"REASONING: The abstract discusses the performance of Random Forests with varying numbers of trees, analyzing the relationship between tree count and model performance. The primary contribution is a study on the optimal number of trees in a Random Forest, including experimental findings and relationships.

CATEGORY: ML",3.05,,False,2026-08-09T19:47:36
273,llama3.1:8b,V2.2,abstract,DL,"REASONING: 
1. The technical methods described in the text include machine learning algorithms (linear regression, support vector machines, XGBoost) and deep learning models (convolutional neural networks). An AI-based mobile application is also mentioned.
2. The primary contribution of this paper appears to be the development of an AI-based model for predicting myopia progression among children, which involves training machine learning and deep learning algorithms on a large dataset.
3. Since the core method involves both machine learning (specifically, multiple ML algorithms) and deep learning (convolutional neural networks), but the primary contribution is the application of these methods to a specific problem, I will classify it as DL.

CATEGORY: DL",6.14,,False,2026-08-09T19:47:42
274,llama3.1:8b,V2.2,abstract,ML,"REASONING: The abstract describes the use of six supervised machine learning algorithms to predict the load-settlement behavior of micro-piled raft foundations in clay. The primary contribution of the paper is the evaluation and comparison of these machine learning models, with a focus on Gaussian process regression (GPR) as the most accurate method.

CATEGORY: ML",3.31,,False,2026-08-09T19:47:46
275,llama3.1:8b,V2.2,abstract,DL,"REASONING: 
1. The technical methods described in the text include various machine learning algorithms such as Logistic Regression, Decision Tree, K-nearest Neighbor, Support Vector Machine, Multinomial Naïve Bayes, Random Forest classifiers, and their application to a dataset from Kaggle.
2. The primary contribution of the paper is the use of these machine learning techniques to evaluate player partnerships in football and forecast their impact on match outcomes.
3. Although neural networks are not explicitly mentioned, the use of Support Vector Machine (SVM) and Random Forest (RF) models as the top-performing classifiers suggests that the core method is a type of deep learning.

CATEGORY: DL",5.87,,False,2026-08-09T19:47:51
276,llama3.1:8b,V2.2,abstract,,"REASONING: The abstract describes a bibliometric analysis of AI applications in eating behavior and food choice, using various tools for data analysis. The primary contribution is not a technical method or algorithm, but rather an overview of publication trends and research directions in the field.

CATEGORY: None",2.87,,False,2026-08-09T19:47:54
277,llama3.1:8b,V2.2,abstract,ML,"REASONING: The abstract describes the implementation of seven different machine learning algorithms (SVM, LR, KNN, RF, NB, DT, and LDA) to predict academic achievement from student data. The primary contribution of the paper is the comparison and evaluation of these ML algorithms for this specific task.

CATEGORY: ML",3.01,,False,2026-08-09T19:47:57
278,llama3.1:8b,V2.2,abstract,ML,"REASONING:
1. The technical methods described in the text are machine learning (specifically, regression analysis) and facial expression analysis using OpenFace 2.0.
2. The primary contribution of the paper is the examination of the relationship between learners' facial expressions and lecture satisfaction, which was analyzed using a machine learning tool.
3. Since the core method used to achieve the results is a machine learning tool (OpenFace 2.0), and the analysis focuses on classical machine learning techniques (regression analysis), the most specific applicable category is ML.

CATEGORY: ML",4.96,,False,2026-08-09T19:48:02
279,llama3.1:8b,V2.2,abstract,ML,"REASONING: The abstract discusses the integration of artificial intelligence (AI) into medical devices, highlighting its applications, technological advancements, and regulatory challenges. The primary technical methods described are a comprehensive review of AI technologies, categorization of AI applications, and analysis of case studies showcasing AI medical devices.

CATEGORY: ML",3.49,,False,2026-08-09T19:48:06
280,llama3.1:8b,V2.2,abstract,DL,"REASONING: The abstract discusses the relationship between neural network architecture and the properties of physical systems, exploring how certain physical principles can lead to more efficient deep learning models. The technical methods described include the use of information theory and the renormalization group to formalize claims about neural network efficiency. The primary contribution of the paper is a set of ""no-flattening theorems"" that demonstrate when shallow networks cannot efficiently approximate linear deep networks.

CATEGORY: DL",4.02,,False,2026-08-09T19:48:10
281,llama3.1:8b,V2.2,abstract,DL,"REASONING:
1. The technical methods described in the text include radiomics, logistic regression analysis, support vector machine (SVM) models, neural network architectures (including self-designed hybrid networks), and fusion of outputs from different branches via a fusion neural network.
2. The primary contribution of the paper is the development and evaluation of a fusion neural network that combines radiomics, clinical predictors, and deep learning features to distinguish HCC from ICC.
3. Since the core method involves neural network architectures, including self-designed hybrid networks, this represents the paper's primary approach.

CATEGORY: DL",5.2,,False,2026-08-09T19:48:15
282,llama3.1:8b,V2.2,abstract,AI,"REASONING: 
1. The technical methods described in the text are systematic literature search, screening of titles and abstracts, full-text review, data extraction, qualitative data summarization, narrative descriptions, tabulated formats, random-effects meta-analysis or meta-regression.
2. The primary contribution of this paper is a systematic review and critical appraisal of AI models for GDM prediction, which involves evaluating the predictive performance of these models through various methods such as meta-analysis and meta-regression.
3. Since the core method described in the text is not a neural network but rather a systematic review and evaluation of existing AI models, it does not fit into the DL category. However, since the paper specifically mentions AI algorithms and their application in GDM prediction, it falls under the broader category of AI.

CATEGORY: AI",7.14,,False,2026-08-09T19:48:22
283,llama3.1:8b,V2.2,abstract,ML,"REASONING: The abstract discusses various machine learning applications in breast cancer management, including analysis of medical imaging, histopathology, genomics, and multi-omics data. While it mentions artificial intelligence as a broader category, the primary focus is on specific machine learning techniques applied to healthcare data.

CATEGORY: ML",2.99,,False,2026-08-09T19:48:25
284,llama3.1:8b,V2.2,abstract,ML,"REASONING: The abstract describes a specific technical approach called Federated Clustering-Based Centralized Classification (Fed3C), which involves federated learning, clustering, and classification methods. The primary contribution of the paper is to propose a new method for collaborative model training without sharing sensitive data.

CATEGORY: ML",2.93,,False,2026-08-09T19:48:28
285,llama3.1:8b,V2.2,abstract,,"REASONING: 
1. The technical methods described in the text are a narrative review, use of EMBASE and MEDLINE databases, and analysis of studies investigating AI application in local flap surgery.
2. The primary contribution of the paper is to provide an overview of the current state of research on AI in local flap surgery, highlighting its potential benefits and limitations.
3. Since the paper focuses on reviewing existing research on AI applications in a specific domain (plastic surgery), it does not describe any novel AI or ML methods but rather discusses their application.

CATEGORY: None",5.23,,False,2026-08-09T19:48:33
286,llama3.1:8b,V2.2,abstract,ML,"REASONING: The abstract describes the development and validation of machine learning models for predicting preeclampsia-associated outcomes using a reduced feature set. Three machine learning models were developed to predict different endpoints, including adverse outcomes overall, delivery within 14 days before 34 weeks of gestation, and delivery within 7 days after 34 weeks.

CATEGORY: ML",3.51,,False,2026-08-09T19:48:37
287,llama3.1:8b,V2.2,abstract,DL,"REASONING: The abstract describes a digital twin solution that utilizes machine learning algorithms to monitor and maintain logistics equipment in real-time. The primary contribution of the paper is the proposed architecture and application of ML models for predictive maintenance.

CATEGORY: DL",2.76,,False,2026-08-09T19:48:40
288,llama3.1:8b,V2.2,abstract,ML,"REASONING: The abstract discusses cardiogenic shock and its treatment, highlighting the limitations of current static frameworks and the potential for data-driven approaches using machine learning (ML) and artificial intelligence (AI). The primary contribution is not about developing new ML or AI techniques, but rather applying them to a specific clinical problem. The text mentions neural networks as part of the broader category of ML.

CATEGORY: ML",3.68,,False,2026-08-09T19:48:43
289,llama3.1:8b,V2.2,abstract,ML,"REASONING:
The technical methods described in the text include a theoretical learning model for Support Vector Machines (SVMs) and an analysis of the statistical properties of text-classification tasks. The paper's primary contribution is a quantitative explanation of why and when SVMs perform well for text classification, which is achieved through this theoretical model. This model connects the generalization performance of SVMs with the statistical properties of text.

CATEGORY: ML",3.82,,False,2026-08-09T19:48:47
290,llama3.1:8b,V2.2,abstract,ML,"REASONING: The abstract discusses various machine learning methods, including supervised and unsupervised learning, reinforcement learning, and deep learning, for predicting food effects on drug absorption. The primary contribution of the paper is a review comparing the predictive ability and accuracy of machine learning with conventional methods in this context.

CATEGORY: ML",3.03,,False,2026-08-09T19:48:50
291,llama3.1:8b,V2.2,abstract,ML,"REASONING: The abstract discusses the application of artificial intelligence (AI) and machine learning (ML) techniques to improve diagnosis and management of Fibromuscular dysplasia (FMD). Specifically, it mentions convolutional neural networks (CNNs), which are a type of deep learning architecture. However, the primary contribution of the paper is not solely focused on developing new ML or DL methods, but rather on reviewing their applications in FMD care.

CATEGORY: ML",4.1,,False,2026-08-09T19:48:54
292,llama3.1:8b,V2.2,abstract,ML,"REASONING: The abstract discusses various machine learning (ML) applications in cancer imaging, including deep learning architectures, and highlights the importance of addressing challenges such as data scarcity and model bias for clinical adoption. The primary contribution of the paper is to review and discuss ML techniques and their applications in medical imaging, rather than presenting new research or results. The text mentions both machine learning and artificial intelligence (AI) approaches, but the focus is on ML methods.

CATEGORY: ML",4.4,,False,2026-08-09T19:48:59
293,llama3.1:8b,V2.2,abstract,DL,"REASONING: 
1. The technical methods described in the text are psychophysics, 7 T fMRI, intracranial recordings, and a deep neural network model incorporating top-down feedback into a vision transformer.
2. The primary contribution of the paper is developing a deep neural network model that recapitulates and predicts human behavior in one-shot perceptual learning, which represents the core method of the paper's technical implementation.
3. Although the paper involves machine learning (the development of a deep neural network model) and artificial intelligence (the study of human brain function), the primary contribution is the specific application of deep learning techniques to model human visual perception.

CATEGORY: DL",5.66,,False,2026-08-09T19:49:04
294,llama3.1:8b,V2.2,abstract,ML,"REASONING: The paper describes four computational tasks related to ESG analysis: representation learning, level forecasting, directional change classification, and explainability. It compares linear and nonlinear models across these tasks using publicly available World Bank indicators. The primary contribution of the paper is a systematic machine learning study of country-level ESG modeling.

CATEGORY: ML",3.18,,False,2026-08-09T19:49:08
295,llama3.1:8b,V2.2,abstract,,"REASONING: The abstract describes a study using statistical methods to investigate the relationships between undergraduate students' awareness, perception, and preparedness to use artificial intelligence tools for decision-making during health emergencies. The technical methods used include one-sample t-tests, simple linear regression analyses, and random forest regression (RFR).

CATEGORY: None",3.68,,False,2026-08-09T19:49:11
296,llama3.1:8b,V2.2,abstract,ML,"REASONING: The abstract discusses the application of artificial intelligence (AI) techniques to improve the diagnosis of structural heart disease (SHD) and valvular heart disease (VHD). The primary contribution of the paper appears to be the review and evaluation of AI-guided tools for SHD screening, rather than the development of new AI methods.

CATEGORY: ML",3.43,,False,2026-08-09T19:49:15
297,llama3.1:8b,V2.2,abstract,ML,"REASONING: The abstract describes a specific machine learning algorithm called Random Forests, which is a combination of tree predictors that use random vectors for feature selection and internal estimates to monitor error, strength, and correlation between trees. The primary contribution of the paper appears to be the analysis and improvement of this algorithm, particularly in terms of its robustness with respect to noise and variable importance estimation.

CATEGORY: ML",3.62,,False,2026-08-09T19:49:18
298,llama3.1:8b,V2.2,abstract,AI,"REASONING: The abstract describes the use of advanced technologies such as NLP, ML, and DL in adaptive learning systems for education. These technologies are used to enable real-time, personalized learning experiences that enhance student engagement and comprehension. The primary contribution of the paper appears to be the application of AI-driven platforms in education.

CATEGORY: AI",3.12,,False,2026-08-09T19:49:21
299,llama3.1:8b,V2.2,abstract,,"REASONING: The abstract discusses various methods for timekeeping, including atomic clocks, dissemination protocols, and emerging applications with stringent time-synchronization requirements. While AI/ML is mentioned as a potential tool for predictive control and resilience, the primary focus of the paper is on reviewing and discussing existing timekeeping methods and trends. The technical implementation involves describing key dissemination methods and discussing their applications.

CATEGORY: None",3.84,,False,2026-08-09T19:49:25
0,llama3.1:8b,V3,abstract,ML,"REASONING: The paper describes empirical scaling laws for language model performance on cross-entropy loss, which is analyzed in terms of model size, dataset size, and computational resources. The primary contribution appears to be the derivation of simple equations governing these relationships, allowing for optimal allocation of compute budgets.

CATEGORY: ML",4.78,,False,2026-08-09T19:49:30
1,llama3.1:8b,V3,abstract,AI,"REASONING: The paper compares classical and quantum neural networks on both classical and quantum data, introducing a framework of quantum machine unlearning to efficiently force a trained model to forget bad influences. The primary contribution is not a specific algorithm or architecture, but rather the comparative study and the introduction of this new concept in quantum machine learning. This suggests that the paper's focus is on the general properties of AI and ML, rather than a specific technique.

CATEGORY: AI",4.07,,False,2026-08-09T19:49:34
2,llama3.1:8b,V3,abstract,DL,"REASONING: The paper describes training a large, deep convolutional neural network (CNN) on the ImageNet dataset, which is a classic example of deep learning architecture and techniques. The primary contribution of the paper is the development and application of this specific CNN model to achieve state-of-the-art results in image classification.

CATEGORY: DL",3.49,,False,2026-08-09T19:49:38
3,llama3.1:8b,V3,abstract,ML,"REASONING: The paper compares the performance of four AI chatbots (ChatGPT 4.0, Gemini 2.0 Flash, DeepSeek, and Perplexity) in addressing patient and physician-oriented questions on adrenal incidentalomas. The primary contribution is a comparative study evaluating the accuracy, quality, hallucination tendency, and readability of these chatbots.

CATEGORY: ML",3.8,,False,2026-08-09T19:49:41
4,llama3.1:8b,V3,abstract,DL,"REASONING: 
The paper describes the use of a deep learning-based computer vision system to automatically recognize key anatomical structures during laparoscopic donor nephrectomy surgery. The technical methods described include adapting the YOLOv11x network, using a sophisticated loss function that incorporates accuracy and bounding box coordinates, and calculating performance metrics such as precision, recall, and F1 score.

CATEGORY: DL",3.97,,False,2026-08-09T19:49:45
5,llama3.1:8b,V3,abstract,ML,"REASONING: The paper evaluates various machine learning-based models for fetal distress detection using cardiotocography (CTG) signals, comparing their performance and predictor importance under different dataset partitioning strategies and input feature selection methods. The primary contribution of the paper is a comparative study of multiple classification models on a specific dataset.

CATEGORY: ML",3.29,,False,2026-08-09T19:49:49
6,llama3.1:8b,V3,abstract,AI,"REASONING: The paper reviews the integration of digital technologies and AI in Forensic Odontology (FO), highlighting advancements in dental materials, laboratory techniques, and AI applications. The primary contribution is a review of these advancements, rather than developing or applying specific technical methods.

CATEGORY: AI",3.23,,False,2026-08-09T19:49:52
7,llama3.1:8b,V3,abstract,ML,"REASONING: The paper discusses the EM (Expectation-Maximization) algorithm for maximum likelihood estimation with unobserved variables, presenting an alternative perspective on its optimization process and proposing incremental and sparse variants. The primary contribution is a new understanding of the EM algorithm's optimization process and the development of variant algorithms that exploit this insight.

CATEGORY: ML",3.18,,False,2026-08-09T19:49:55
8,llama3.1:8b,V3,abstract,AI,"REASONING: The paper discusses a critique of anthropocentric views of intelligence and proposes an expanded view that sees intelligence as a relation to one's environment, involving sensing, rational behavior, autonomy, learning, and self-evaluation. This new perspective recognizes machine intelligence and blurs the distinction between life and intelligence. The technical methods described are not specific algorithms or architectures but rather a philosophical critique and conceptual framework.
CATEGORY: AI",3.86,,False,2026-08-09T19:49:59
9,llama3.1:8b,V3,abstract,ML,"REASONING: 
The paper describes a hybrid machine learning approach using Particle Swarm Optimization-Grey Wolf Optimization (PSO-GWO) for feature selection, followed by ensemble learning with CatBoost as the final model. The primary contribution of the paper is the development and validation of this specific machine learning pipeline for predicting orchiectomy in testicular torsion.

CATEGORY: ML",3.85,,False,2026-08-09T19:50:03
10,llama3.1:8b,V3,abstract,ML,"REASONING: The paper describes a method for predicting energy consumption in buildings, using a combination of machine learning algorithms (K-Nearest Neighbors, Neural Networks) and a decision tree to identify unique contexts. The primary contribution is the development of an algorithm that selects the most suitable forecasting method based on context.

CATEGORY: ML",3.55,,False,2026-08-09T19:50:06
11,llama3.1:8b,V3,abstract,DL,"REASONING: The paper describes a deep learning pipeline using convolutional neural networks (CNN) for image classification, as well as classical machine learning methods such as Lasso regression for feature selection and correlation analysis with clinicopathologic factors. The primary contribution of the paper is the development of a predictive model that combines pathology images with clinical data to identify potential biomarkers for chemotherapy response in high-grade serous ovarian cancer.

CATEGORY: DL",4.06,,False,2026-08-09T19:50:10
12,llama3.1:8b,V3,abstract,ML,"REASONING: The paper's primary contribution is a meta-analysis evaluating the clinical performance of machine learning algorithms for predicting intraoperative hypotension, specifically focusing on observational studies and randomized controlled trials. The technical methods described include systematic search, data extraction, analysis, and evaluation of model performance metrics such as sensitivity, specificity, and AUROC.

CATEGORY: ML",3.57,,False,2026-08-09T19:50:14
13,llama3.1:8b,V3,abstract,ML,"REASONING: The paper discusses the problem of ""selective inference"" and proposes solutions using statistical learning methods such as forward stepwise regression, the lasso, and principal components analysis. These methods are used to assess the strength of associations in a dataset after cherry-picking for potential associations.

CATEGORY: ML",2.96,,False,2026-08-09T19:50:17
14,llama3.1:8b,V3,abstract,AI,"REASONING: The paper reviews the application of various AI techniques, including machine learning, deep learning, and natural language processing, to sustainable green finance. However, it does not describe any specific technical method or contribution beyond summarizing existing literature.

CATEGORY: AI",2.96,,False,2026-08-09T19:50:20
15,llama3.1:8b,V3,abstract,DL,"REASONING: The paper describes a study that uses three pre-trained deep learning models (DenseNet-121, EfficientNet-B0, and ResNet-50) to classify intraoral lesions as malignant or benign based on intraoral photographs. The primary contribution of the paper is the evaluation and comparison of these deep learning models for oral cancer detection.

CATEGORY: DL",3.53,,False,2026-08-09T19:50:23
16,llama3.1:8b,V3,abstract,ML,"REASONING: The paper's primary contribution is the development of a machine learning model using LightGBM to predict contraceptive continuation among women in a West African country. The technical methods described include the use of SHAP analysis for feature importance, hyperparameter tuning with Optuna, and evaluation metrics such as accuracy and AUC.

CATEGORY: ML",3.47,,False,2026-08-09T19:50:27
17,llama3.1:8b,V3,abstract,ML,"REASONING: The paper reviews various machine learning approaches (ANN, SVM, RF, CNN, DL) applied to bioanalytical workflows, specifically LC-MS/MS, for matrix-effect mitigation and analytical performance enhancement. While the review covers a range of ML techniques, it does not focus on any specific neural network architecture or deep learning concept.

CATEGORY: ML",3.69,,False,2026-08-09T19:50:31
18,llama3.1:8b,V3,abstract,AI,"REASONING: The paper discusses the application of various AI methodologies, including deep learning and machine learning, for integrating multi-omics data in cancer diagnosis and treatment. The primary contribution is a review of these cutting-edge AI techniques and their applications in precision oncology.

CATEGORY: AI",3.27,,False,2026-08-09T19:50:34
19,llama3.1:8b,V3,abstract,AI,"REASONING: The paper discusses the application of various AI methods (machine learning, deep learning, reinforcement learning, generative models) to improve theranostic decisions in cancer treatment using nanoparticles. The primary contribution is not a specific algorithm or architecture, but rather an analysis and evaluation of how these AI methods can be applied to address challenges in cancer theranostics.

CATEGORY: AI",3.69,,False,2026-08-09T19:50:38
20,llama3.1:8b,V3,abstract,ML,"REASONING: The paper presents a new technique called ""t-SNE"" that is an improvement over existing visualization methods such as Sammon mapping, Isomap, and Locally Linear Embedding. The primary contribution of the paper is the development of t-SNE, which is a variation of Stochastic Neighbor Embedding (SNE) that produces better visualizations by reducing crowding in the center of the map.

CATEGORY: ML",4.03,,False,2026-08-09T19:50:42
21,llama3.1:8b,V3,abstract,DL,"REASONING: The paper presents a novel Two-Tier Metaheuristic Algorithm for Cyberattack Defense Analysis using Explainable Artificial Intelligence based Bayesian Deep Learning (TTMCDA-XAIBDL) method, which involves data preprocessing, feature selection, classification, and explainability techniques. The primary contribution of the paper is the development of this comprehensive algorithm that integrates various AI/ML/DL concepts to detect and mitigate ransomware cyber threats.

CATEGORY: DL",4.69,,False,2026-08-09T19:50:46
22,llama3.1:8b,V3,abstract,ML,"REASONING: The paper's primary contribution is the systematic review and meta-analysis of cost-effectiveness studies on artificial intelligence in precision medicine. The technical methods described include a systematic search, data extraction, risk-of-bias assessment using ECOBIAS checklist, regression analyses incorporating machine learning, and value heterogeneity exploration.

CATEGORY: ML",3.31,,False,2026-08-09T19:50:50
23,llama3.1:8b,V3,abstract,ML,"REASONING: The paper describes the use of deep learning for image segmentation (3D nnU-Net) and classical machine learning algorithms (SVM, RF, SGD) for classification. The primary contribution is a system that combines these methods to diagnose ACL tears from knee CT scans.

CATEGORY: ML",3.06,,False,2026-08-09T19:50:53
24,llama3.1:8b,V3,abstract,ML,"REASONING: The paper describes a study that uses machine learning methods to predict food addiction among university students by integrating demographic, anthropometric, and personality data. The technical methods described include Tomek Links and SMOTE techniques for class imbalance removal, feature selection using 12 different algorithms, and the implementation of 10 different machine learning models, including ensemble methods such as Random Forest and CatBoost.

CATEGORY: ML",4.07,,False,2026-08-09T19:50:57
25,llama3.1:8b,V3,abstract,ML,"REASONING: The paper proposes a hybrid artificial intelligence model called PSO-COO-GRU-ANFIS (PCGA), which integrates four different techniques: particle swarm optimization (PSO), coati optimization (COO), gated recurrent unit (GRU), and adaptive neuro-fuzzy inference system (ANFIS). The PCGA model is used to predict monthly groundwater levels in the Ardabil Plain, Iran, and its accuracy is compared with several benchmark models. The primary contribution of the paper is the development of this hybrid model.

CATEGORY: ML",5.56,,False,2026-08-09T19:51:02
26,llama3.1:8b,V3,abstract,ML,"REASONING: The paper discusses the application of explainable AI (XAI) methods in sports science, specifically examining how various XAI techniques have been used to make machine learning models more transparent and interpretable. The primary contribution of the paper is a scoping review that systematically examines 19 studies on the use of XAI in sports science.

CATEGORY: ML",3.55,,False,2026-08-09T19:51:06
27,llama3.1:8b,V3,abstract,ML,"REASONING: The paper describes the use of multiple machine learning models (Extreme Gradient Boosting, Multilayer Perceptron, L1- and L2-regularized logistic regression) to predict functional outcome after acute ischemic stroke, with a focus on identifying key drivers of performance using explainable artificial intelligence. The primary contribution is not the development or comparison of specific algorithms, but rather the application of machine learning to a particular clinical problem.

CATEGORY: ML",4.27,,False,2026-08-09T19:51:10
28,llama3.1:8b,V3,abstract,ML,"REASONING: The paper describes a study that uses machine learning techniques to develop a predictive model for rainfall isotopic values using data from 32 meteorological stations in Iraq. The primary contribution of the paper is the comparison of different machine learning algorithms, specifically Random Forest (RF), to predict isotopic values with high accuracy.

CATEGORY: ML",3.78,,False,2026-08-09T19:51:14
29,llama3.1:8b,V3,abstract,ML,"REASONING: The paper describes the application of machine learning algorithms, specifically random forest, gradient boosting, and extreme GB predictive models, to predict rate of change in cognition post-TBI using cohort-level data from 30 published studies. The primary contribution is the development and evaluation of these ML models for predicting cognitive outcomes after TBI.

CATEGORY: ML",3.37,,False,2026-08-09T19:51:17
30,llama3.1:8b,V3,abstract,AI,"REASONING: The paper reviews the application of artificial intelligence (AI) in phytochemical-based anticancer drug discovery, discussing machine learning and deep learning approaches used for metabolite identification, virtual screening, target prediction, and toxicity assessment. However, no specific AI, ML, or DL method is developed or studied; instead, the focus is on reviewing existing applications and emerging strategies.

CATEGORY: AI",3.76,,False,2026-08-09T19:51:21
31,llama3.1:8b,V3,abstract,DL,"REASONING: The paper describes a novel ensemble of six hybrid models that integrate spatial and temporal learning to forecast nocturnal SUHI in Tehran through 2030. The primary contribution is the development and benchmarking of these hybrid models, which include both machine learning (ML) and deep learning (DL) techniques. Specifically, the U-Net with Long Short-Term Memory (LSTM) networks represents a key innovation.

CATEGORY: DL",4.32,,False,2026-08-09T19:51:25
32,llama3.1:8b,V3,abstract,AI,"REASONING: The paper discusses the application of AI and ML techniques in non-small cell lung cancer (NSCLC), specifically highlighting deep learning and ensemble methods as promising approaches. However, no specific algorithm or architecture is developed or studied; instead, the focus is on synthesizing existing research and advocating for future directions.

CATEGORY: AI",3.38,,False,2026-08-09T19:51:29
33,llama3.1:8b,V3,abstract,ML,"REASONING: The paper discusses AI/ML methods for drug repurposing, specifically highlighting supervised learning, deep neural networks, natural language processing, and reinforcement learning as key strategies. However, the primary contribution is not a novel algorithm or architecture, but rather an overview of how these existing techniques can be applied to HBV infection.

CATEGORY: ML",3.45,,False,2026-08-09T19:51:32
34,llama3.1:8b,V3,abstract,DL,"REASONING: The paper proposes an AI methodology, AIDCNN-CDMKO, which utilizes deep convolutional neural networks (CNNs) for clinical decision-making in kidney oncology. The technical methods described include image pre-processing using a Gaussian filter, feature extraction using VGG16, MobileNetV1, and EfficientNetB5, and classification using an attention mechanism-based CNN and bi-directional long short-term memory (BiLSTM). The primary contribution of the paper is the development of this AI methodology.

CATEGORY: DL",5.0,,False,2026-08-09T19:51:37
35,llama3.1:8b,V3,abstract,ML,"REASONING: The paper describes the application of supervised machine learning classifiers to detect Adverse Drug Reactions (ADRs) from text data, specifically tweets and drug reviews. The primary contribution is the evaluation and comparison of different machine learning models for ADR detection.

CATEGORY: ML",3.21,,False,2026-08-09T19:51:40
36,llama3.1:8b,V3,abstract,ML,"REASONING: The paper proposes an AI-based intrusion detection technique, AIBID-SCSA, which uses min-max normalization, ISSA-based feature selection, MIX_LSTM for classification, and ROA for hyperparameter selection. The primary contribution of the paper is the development of a specific AI-based intrusion detection method.

CATEGORY: ML",3.41,,False,2026-08-09T19:51:44
37,llama3.1:8b,V3,abstract,ML,"REASONING: The paper describes two technical methods for classifying detrusor overactivity (DO) in cystometry (CMG): a deep learning approach using CNN-VGG16 and a machine learning approach using wavelet-based Daubechies transforms. The primary contribution of the paper is the comparison and evaluation of these two approaches, with the ML method achieving higher accuracy and providing more detailed metrics.

CATEGORY: ML",4.03,,False,2026-08-09T19:51:48
38,llama3.1:8b,V3,abstract,ML,"REASONING: The paper describes a sparse convolutional neural network (CNN) used to predict amino acid mutations that enhance thermostability of microbial transglutaminase. Molecular dynamics simulations are then used to investigate the molecular basis of this enhanced stability. The primary contribution is the experimental validation and analysis of these predictions, rather than the development or comparison of machine learning algorithms.

CATEGORY: ML",3.8,,False,2026-08-09T19:51:52
39,llama3.1:8b,V3,abstract,ML,"REASONING: The paper describes a scoping review that identifies and analyzes studies using various machine learning techniques to assess, monitor, and manage skin injuries. The primary contribution is not a new algorithm or architecture but rather an analysis of existing research on AI applications in skin injury management.

CATEGORY: ML",3.4,,False,2026-08-09T19:51:55
40,llama3.1:8b,V3,abstract,ML,"REASONING: The paper presents an explainable machine learning framework that integrates artificial neural networks (ANNs) with SHapley Additive exPlanations (SHAP) for accurate and interpretable device modeling of wide bandgap semiconductors. The primary contribution is the development of this novel framework, which enables both accurate predictions and interpretation of design-performance correlations.

CATEGORY: ML",3.59,,False,2026-08-09T19:51:59
41,llama3.1:8b,V3,abstract,ML,"REASONING: The paper describes three classical machine learning algorithms (random forest, support vector regression, and K-nearest neighbors) as well as an explainability technique (SHAP). The primary contribution is not a new algorithm or architecture but rather the application of SHAP to provide interpretability to these existing ML models. 

CATEGORY: ML",3.39,,False,2026-08-09T19:52:02
42,llama3.1:8b,V3,abstract,ML,"REASONING: The paper describes the use of machine learning methods to analyze histopathological images of oral squamous cell carcinoma (OSCC) tissues, extracting features from Gray Level Co-occurrence Matrix (GLCM) and using these features to train various machine learning models. The primary contribution is the development of a machine learning-based approach for accurate OSCC diagnosis.

CATEGORY: ML",3.77,,False,2026-08-09T19:52:06
43,llama3.1:8b,V3,abstract,AI,"REASONING: The paper's primary contribution is a bibliometric analysis of the global research landscape on AI-based knee OA progression prediction from 2010 to 2025. The technical methods described in the text include a comprehensive bibliometric analysis using Web of Science, Scopus, PubMed, and IEEE Xplore, with search terms including ""artificial intelligence,"" ""machine learning,"" and ""deep learning."" However, no specific AI, ML, or DL method is developed or studied; instead, the paper maps research trends and thematic evolution.

CATEGORY: AI",5.42,,False,2026-08-09T19:52:11
44,llama3.1:8b,V3,abstract,ML,"REASONING: The paper employs advanced Machine Learning (ML) regression techniques optimized using metaheuristic algorithms, with SHAP and CAM sensitivity analyses used to interpret model outputs. The primary contribution is not a new ML or DL technique, but rather an application of existing methods to the specific problem of global energy consumption prediction.

CATEGORY: ML",3.24,,False,2026-08-09T19:52:15
45,llama3.1:8b,V3,abstract,ML,"REASONING: The paper proposes an artificial-intelligence-based diagnostic approach that combines an improved Exponential Triangular Optimization algorithm (IETO) with a CNN model for hyperparameter optimization in bearing fault diagnosis. The primary contribution is the development and combination of IETO with a CNN model, which represents a novel application of machine learning techniques to improve the accuracy of fault diagnosis.

CATEGORY: ML",3.71,,False,2026-08-09T19:52:18
46,llama3.1:8b,V3,abstract,ML,"REASONING: The paper describes the use of machine learning algorithms (ExtraTrees, XGBoost, LightGBM) to predict early recurrence of hepatocellular carcinoma after surgery, using a combination of clinical blood biomarkers, MRI features, and pathological parameters. The primary contribution is the development and comparison of these predictive models.

CATEGORY: ML",3.82,,False,2026-08-09T19:52:22
47,llama3.1:8b,V3,abstract,,"REASONING: The paper describes a scoping review of articles that employed artificial intelligence (AI) in discussion forums to support the learning experience of autonomous students. The technical methods described include literature search, article screening and selection using the SALSA framework and PRISMA flow diagram, and adaptation of community of inquiry theory as indicators. However, no specific AI, machine learning, or deep learning method is developed or studied; instead, the focus is on summarizing and analyzing existing research.

CATEGORY: None",4.77,,False,2026-08-09T19:52:27
48,llama3.1:8b,V3,abstract,ML,"REASONING: The paper describes a biosensing platform that uses iron-doped carbon quantum dots (Fe0.45-CDs) coupled with sarcosine oxidase (SOX) for the detection of sarcosine, an emerging biomarker for prostate cancer. The technical methods described include the synthesis of Fe0.45-CDs via microwave-assisted strategy and the use of machine learning algorithms to analyze RGB features extracted from smartphone-captured images.

CATEGORY: ML",4.4,,False,2026-08-09T19:52:31
49,llama3.1:8b,V3,abstract,ML,"REASONING: The paper proposes a data-driven predictive model that estimates mean pulmonary artery pressure (mPAP) based on individual patient clinical diagnostic features and incorporates CMR-related features into the disease evaluation framework. The technical methods described in the text include machine learning techniques for predicting mPAP, but no specific algorithm or architecture is mentioned. However, the focus is on developing a reliable surrogate model to overcome data scarcity and quality issues.

CATEGORY: ML",4.34,,False,2026-08-09T19:52:36
50,llama3.1:8b,V3,abstract,ML,"REASONING: The paper introduces a formal reduction between Elastic Net and Support Vector Machine algorithms, allowing for parallelization and significant speedup in computation time. This contribution involves translating advances in SVM solvers to the Elastic Net algorithm, which is a machine learning technique. The primary method described is the reduction itself, rather than any specific neural network architecture or AI concept.

CATEGORY: ML",3.43,,False,2026-08-09T19:52:39
51,llama3.1:8b,V3,abstract,AI,"REASONING: The paper discusses a systematic review of AI models, specifically ML and DL, for predicting hematoma expansion in patients with intracerebral hemorrhage. The primary contribution of the paper is not to develop or propose new AI methods but rather to synthesize existing research on this topic.

CATEGORY: AI",3.22,,False,2026-08-09T19:52:42
52,llama3.1:8b,V3,abstract,ML,"REASONING: The paper describes the application of a machine learning model based on a multilayer artificial neural network to forecast COVID-19 cases, deaths, and case fatality ratio. The primary contribution is the development and evaluation of this specific ML model for predicting viral infections.

CATEGORY: ML",3.11,,False,2026-08-09T19:52:45
53,llama3.1:8b,V3,abstract,AI,"REASONING: The paper discusses the application of various AI and ML techniques, including DL, NLP, Radiomics, and multi-omics analysis in oncology, but does not present any new technical methods or contributions. Instead, it reviews existing developments and highlights their potential benefits and challenges.

CATEGORY: AI",3.45,,False,2026-08-09T19:52:49
54,llama3.1:8b,V3,abstract,DL,"REASONING: The paper presents a deep learning model for forecasting financial risks and evaluating their effects on organizational sustainability and development. The technical methods described in the text include a concentric deep learning architecture that uses historical financial policy and risk behavior data to identify important risk factors and optimize financial allocations.

CATEGORY: DL",2.95,,False,2026-08-09T19:52:52
55,llama3.1:8b,V3,abstract,ML,"REASONING: The paper discusses the limitations of current risk stratification models in MGUS and SMM, and explores the potential of multi-omics and AI to improve predictive accuracy. The technical methods described include the integration of artificial intelligence (AI) and machine learning (ML), as well as the use of multi-omics technologies such as genomics, transcriptomics, proteomics, and metabolomics.

CATEGORY: ML",3.92,,False,2026-08-09T19:52:56
56,llama3.1:8b,V3,abstract,ML,"REASONING: The paper proposes a method called MLDSJ (Multi-Level Dempster-Shafer Joint) for APT attribution, which involves extracting multiple features from CTI reports and combining them using Dempster's rule. The primary contribution is the development of this specific method, which integrates multiple feature types and uses Dempster-Shafer theory to improve attribution accuracy.

CATEGORY: ML",3.63,,False,2026-08-09T19:52:59
57,llama3.1:8b,V3,abstract,AI,"REASONING: The paper describes a systematic review protocol that aims to synthesize existing studies on the application of artificial intelligence (AI) in risk prediction and therapy optimization for MRSA pneumonia. The technical methods described include supervised machine learning models, ML-CDSS (Clinical Decision Support Systems), and inclusion/exclusion criteria established using the PICOS method.

CATEGORY: AI",3.84,,False,2026-08-09T19:53:03
58,llama3.1:8b,V3,abstract,AI,"REASONING: The paper discusses the application of various AI models in food formulation, including recipe generation, ingredient selection, and formulation optimization. However, no specific AI, ML, or DL technique is developed or studied; instead, the focus is on reviewing existing literature and discussing the strengths and weaknesses of different approaches.

CATEGORY: AI",3.22,,False,2026-08-09T19:53:06
59,llama3.1:8b,V3,abstract,ML,"REASONING: The paper employs machine learning (ML) models with a data-driven optimization strategy to predict concrete compressive strength. The primary contribution of the paper is the application of Arithmetic Optimization Algorithm (AOA) optimization for ensemble ML models, which leads to faster convergence, improved accuracy, and enhanced generalization.

CATEGORY: ML",3.32,,False,2026-08-09T19:53:10
60,llama3.1:8b,V3,abstract,DL,"REASONING: The paper introduces a deep learning framework called QuantumNeuroXAI, which leverages quantum-inspired feature encoding to provide inherent explainability for EEG-based diagnosis of neurological disorders. The framework combines temporal convolutional and attention-based recurrent modelling with a multi-level explainability module. The primary contribution is the development of this specific neural network architecture.

CATEGORY: DL",3.9,,False,2026-08-09T19:53:14
61,llama3.1:8b,V3,abstract,AI,"REASONING: The paper discusses the application of machine intelligence in abdominal oncology, specifically computer-aided detection (CAD) and diagnosis (CADx), radiomics, and other AI systems. However, it does not describe any specific technical methods or algorithms used to develop these AI systems.

CATEGORY: AI",3.05,,False,2026-08-09T19:53:17
62,llama3.1:8b,V3,abstract,ML,"REASONING: The paper describes six supervised machine learning algorithms being applied to predict postoperative hearing outcomes following tympanoplasty, with a focus on identifying the most accurate algorithm (Random Forest) and its relative feature importance. The primary contribution of the paper is the evaluation and comparison of these machine learning methods in a specific clinical context.

CATEGORY: ML",3.47,,False,2026-08-09T19:53:20
63,llama3.1:8b,V3,abstract,ML,"REASONING: The paper describes the use of four supervised learning algorithms (Logistic Regression, Random Forest, XGBoost, and LightGBM) with Explainable Artificial Intelligence (XAI) techniques to assess their predictive performance and interpretability in credit card fraud detection. The primary contribution is a comparison of these models' performance and explainability across different datasets.

CATEGORY: ML",3.62,,False,2026-08-09T19:53:24
64,llama3.1:8b,V3,abstract,AI,"REASONING: The paper's primary contribution is a scoping review of the current state of AI and ML application in sports medicine, evaluating their clinical validation and readiness for implementation. The technical methods described are limited to literature search and database analysis, with no specific machine learning or deep learning techniques mentioned.

CATEGORY: AI",3.58,,False,2026-08-09T19:53:27
65,llama3.1:8b,V3,abstract,AI,"REASONING: The paper discusses the role of neurovascular unit (NVU) dysfunction in Alzheimer's disease, but its primary contribution is a systematic review of existing research on NVU dysfunction and the application of new technologies such as spatial transcriptomics and organoids. However, it also mentions machine learning and deep learning as enabling technologies without developing or applying any specific ML/DL method.

CATEGORY: AI",3.68,,False,2026-08-09T19:53:31
66,llama3.1:8b,V3,abstract,ML,"REASONING: The paper describes the development of machine learning models to predict functional outcomes after successful endovascular thrombectomy, with a focus on incorporating systolic blood pressure metrics into these models. The primary contribution is the comparison of model performance using clinical variables only versus including SBP metrics, and the identification of key predictors through SHAP analysis.

CATEGORY: ML",3.66,,False,2026-08-09T19:53:35
67,llama3.1:8b,V3,abstract,AI,"REASONING: The paper reviews various machine learning (ML) and deep learning (DL) techniques for anemia diagnosis, comparing their accuracy, features, research gaps, and future scope. However, the primary contribution of the paper is not to develop a new ML or DL model, but rather to provide a comprehensive review and comparison of existing methods.

CATEGORY: AI",3.49,,False,2026-08-09T19:53:38
68,llama3.1:8b,V3,abstract,ML,"REASONING: The paper proposes two explanation techniques for machine learning models: LIME (Local Interpretable Model-agnostic Explanations) and a method to explain models by presenting representative individual predictions and their explanations in a non-redundant way, framed as a submodular optimization problem. These methods are demonstrated on various scenarios that require trust, including text and image classification using different types of models (random forests and neural networks). The primary contribution is the development of these explanation techniques.

CATEGORY: ML",4.9,,False,2026-08-09T19:53:43
69,llama3.1:8b,V3,abstract,DL,"REASONING: The paper presents a novel fall activity recognition system, TCN-FARSDP, which employs a Temporal Convolutional Network (TCN) classifier and combines feature extraction models using NASNetMobile, DenseNet121, and MobileNetV3Large. The primary contribution of the paper is the development of this specific deep learning architecture for fall detection in disabled persons.

CATEGORY: DL",3.78,,False,2026-08-09T19:53:47
70,llama3.1:8b,V3,abstract,AI,"REASONING: The paper describes a systematic review of AI applications in virtual reality exposure therapy (VRET), including conversational AI, machine learning for outcome prediction, and personalization methods. However, the primary contribution is not a technical method or algorithm, but rather an analysis and synthesis of existing research on AI in VRET.

CATEGORY: AI",3.35,,False,2026-08-09T19:53:50
71,llama3.1:8b,V3,abstract,AI,"REASONING: The paper discusses the importance of trust in medical AI, particularly in diabetes care, and proposes six key attributes for a trustworthy medical AI system. The technical methods described include establishing clear standards for medical AI provenance and performance, incorporating attributes such as accuracy, reproducibility, privacy/security, transparency, human oversight, and fairness.

CATEGORY: AI",3.63,,False,2026-08-09T19:53:54
72,llama3.1:8b,V3,abstract,AI,"REASONING: The paper's primary contribution is a systematic review of AI-based algorithms for dermoscopic image analysis, comparing different models based on dataset characteristics, training strategies, and diagnostic reference standards. The technical methods described in the text include various AI approaches such as CNNs, hybrid and ensemble models, and classical machine learning techniques. However, the focus is not on developing or evaluating a specific algorithm but rather on synthesizing existing evidence to inform clinical translation.

CATEGORY: AI",4.38,,False,2026-08-09T19:53:58
73,llama3.1:8b,V3,abstract,AI,"REASONING: The paper's primary contribution is the systematic literature review and analysis of trends, limitations, and opportunities in the integration of quantum computing and artificial intelligence. The study identifies key technological features, integration requirements, and sectoral applications, as well as proposes a classification of application areas based on technical requirements and algorithmic capabilities.

CATEGORY: AI",3.5,,False,2026-08-09T19:54:02
74,llama3.1:8b,V3,abstract,DL,"REASONING: The paper proposes a new framework called Refined Deep Evolutionary Learning Framework (R-DELF) that combines various AI/ML techniques, including Transformers, Graph Neural Networks, and Explainable AI, to predict proactive viral mutations and assess vaccine suitability. The primary contribution of the paper is the development of this integrated framework, which represents a novel approach to addressing the challenges of viral evolution.

CATEGORY: DL",3.8,,False,2026-08-09T19:54:06
75,llama3.1:8b,V3,abstract,ML,"REASONING: The paper discusses and compares different methods for hyper-parameter optimization, specifically grid search and random search, with empirical evidence from neural networks and deep belief networks. The primary contribution of the paper is a theoretical analysis that shows random search to be more efficient than grid search for hyper-parameter optimization.

CATEGORY: ML",3.47,,False,2026-08-09T19:54:09
76,llama3.1:8b,V3,abstract,AI,"REASONING: The paper conducts a systematic review and meta-analysis of studies comparing the performance of machine learning/deep learning algorithms with conventional imaging methods in preoperative grading of pancreatic neuroendocrine tumors (PanNETs). The primary contribution is not the development or comparison of specific ML/DL models, but rather the synthesis of existing research to provide an overall assessment of their diagnostic accuracy.

CATEGORY: AI",3.77,,False,2026-08-09T19:54:13
77,llama3.1:8b,V3,abstract,ML,"REASONING: The paper describes the use of Variational Quantum Classifiers (VQCs), which combine classical machine learning with quantum computing techniques, specifically for a classification task in finance. The primary contribution is the application and evaluation of VQC2's ability to capture nonlinear interactions in financial data.

CATEGORY: ML",2.95,,False,2026-08-09T19:54:16
78,llama3.1:8b,V3,abstract,ML,"REASONING: The technical methods described in the text include K-means clustering, supervised algorithms (KNN, SVM, ANN), XAI tools (SHAP and LIME), spatial clustering analysis using Moran's I coefficient, and network analysis. The primary contribution of the paper is the application of these machine learning and data analysis techniques to identify determinants of fiscal openness in a global context.

CATEGORY: ML",3.82,,False,2026-08-09T19:54:20
79,llama3.1:8b,V3,abstract,ML,"REASONING: The paper describes a machine learning model that integrates electronic health records (EHRs) with extracellular vesicle features extracted from blood plasma using flow cytometry, to improve stroke diagnosis. The primary contribution of the paper is the development and evaluation of this specific machine learning approach.

CATEGORY: ML",3.5,,False,2026-08-09T19:54:23
80,llama3.1:8b,V3,abstract,DL,"REASONING: The paper proposes an extension to the encoder-decoder architecture used in neural machine translation, allowing the model to automatically search for relevant parts of the source sentence without forming explicit segments. This is achieved through a new approach that enables soft-searching for relevant parts of the source sentence. The primary contribution of the paper is the development of this new approach.

CATEGORY: DL",3.54,,False,2026-08-09T19:54:27
81,llama3.1:8b,V3,abstract,ML,"REASONING: The paper compares 14 machine learning models using the G score in five research scenarios to estimate patient-level EQ-5D-5L index scores from sociodemographic and MEHM data. The primary contribution is the comparison of these ML models, with AdaBoost emerging as the best model.

CATEGORY: ML",3.24,,False,2026-08-09T19:54:30
82,llama3.1:8b,V3,abstract,ML,"REASONING: The paper discusses an alternative method for support vector machine (SVM) classifiers, specifically a least squares version that replaces the traditional quadratic programming with a set of linear equations. This new formulation allows for efficient computation and is demonstrated on a specific benchmark problem.

CATEGORY: ML",2.67,,False,2026-08-09T19:54:33
83,llama3.1:8b,V3,abstract,ML,"REASONING: The paper describes a platform called BizAssistBot that utilizes AI, natural language processing, machine learning, and data analytics to provide immersive learning experiences for undergraduate students in business education. The primary contribution of the paper appears to be the development and evaluation of this platform.

CATEGORY: ML",3.41,,False,2026-08-09T19:54:36
84,llama3.1:8b,V3,abstract,ML,"REASONING: The paper describes the use of finite element method (FEM) simulations to generate a comprehensive dataset used to train machine learning and deep learning regression models. The primary contribution is the development of AI models capable of predicting stresses, strains, and deformations in rib reconstruction using PEEK composites.

CATEGORY: ML",3.44,,False,2026-08-09T19:54:39
85,llama3.1:8b,V3,abstract,DL,"REASONING: The paper introduces a functional pruning approach that uses geometric deep learning to learn network representations and an Explainable Artificial Intelligence (XAI) tool to identify discriminative sub-networks in fMRI data. Geometric deep learning is used as the primary method, with XAI being applied as a secondary tool for interpretation.

CATEGORY: DL",3.31,,False,2026-08-09T19:54:43
86,llama3.1:8b,V3,abstract,AI,"REASONING: The paper discusses the application of various AI techniques (ML, DL, radiomics) to improve prostate cancer diagnosis and treatment assessment across different imaging modalities. However, no specific technical method or architecture is developed or studied in detail; instead, the focus is on the broader applications and challenges of AI in this context.

CATEGORY: AI",3.2,,False,2026-08-09T19:54:46
87,llama3.1:8b,V3,abstract,ML,"REASONING: The paper describes a two-stage machine learning pipeline for heart failure screening using electrocardiogram (ECG) data. The primary contribution of the paper is the development and validation of this pipeline, which includes logistic regression and XGBoost models.

CATEGORY: ML",3.41,,False,2026-08-09T19:54:49
88,llama3.1:8b,V3,abstract,DL,"REASONING: The paper describes using a multilayer perceptron (MLP) with a specific implementation from the torch neural network library, along with explainable AI techniques such as integrated gradients and feature permutation to analyze the importance of preoperative features in predicting surgical dosages for strabismus surgery. The primary contribution is developing this MLP model and its application to predict dosages.

CATEGORY: DL",3.78,,False,2026-08-09T19:54:53
89,llama3.1:8b,V3,abstract,ML,"REASONING: 
The paper describes a machine learning-based petrophysical inversion method that integrates rock physics modeling, seismic modeling, and seismic inversion techniques to link macroscale seismic data with microscale reservoir properties. This method is the primary contribution of the study, as it addresses the gap in prior research by providing a comprehensive multiscale framework for accurate reservoir characterization and seismic modeling.

CATEGORY: ML",3.81,,False,2026-08-09T19:54:57
90,llama3.1:8b,V3,abstract,ML,"REASONING: The paper presents a systematic literature review of Green AI in finance, identifies gaps in the field, and proposes a taxonomy of Green AI techniques mapped to the machine learning lifecycle. The primary contribution is not a specific algorithm or model, but rather a framework for implementing sustainable AI practices in finance.

CATEGORY: ML",3.14,,False,2026-08-09T19:55:00
91,llama3.1:8b,V3,abstract,DL,"REASONING: The paper describes the development of an artificial intelligence framework for automatic coeliac disease detection from duodenal endoscopy images, using deep learning backbones and classical machine learning classifiers. The primary contribution is the hybrid framework combining frozen deep feature extraction, latent-space MixUp augmentation, and classical machine learning classifiers.

CATEGORY: DL",3.87,,False,2026-08-09T19:55:04
92,llama3.1:8b,V3,abstract,,"REASONING: The paper describes a curated dataset of numerical signature descriptors derived from images of beetle fragments, which are designed to support AI and ML workflows for automated classification. The technical methods described include digital microscopy, image acquisition and segmentation techniques, and extraction of statistical descriptors such as skewness, kurtosis, entropy, and standard deviation.

CATEGORY: None",3.35,,False,2026-08-09T19:55:07
93,llama3.1:8b,V3,abstract,DL,"REASONING: The paper describes a multimodal AI model that combines muscle imaging properties from point-of-care ultrasound (POCUS) images with physical performance data to diagnose sarcopenia. The technical methods described include various machine learning and deep learning algorithms, as well as explainable AI techniques such as Grad-CAM and feature-attribution analysis.

CATEGORY: DL",3.68,,False,2026-08-09T19:55:11
94,llama3.1:8b,V3,abstract,ML,"REASONING: The paper presents a framework called Trust-Aware Explainable Artificial Intelligence (TAXAI) that combines algorithmic transparency, interpretability alignment, compliance, and reliability to quantify trust in AI-based clinical decision support systems. TAXAI uses a mathematically robust, normalized Trust Index to evaluate the fidelity of explanations, consistency with expert reasoning, fairness, robustness, and reproducibility. The framework is demonstrated across representative radiology and pathology benchmarks using machine-learning and deep-learning models coupled with established XAI methods.

CATEGORY: ML",5.06,,False,2026-08-09T19:55:16
95,llama3.1:8b,V3,abstract,AI,"REASONING: The paper reviews the application of artificial intelligence in child and adolescent psychiatry, discussing its potential benefits and limitations. The technical methods described include machine learning-based diagnostic tools, AI scribes, chatbots, robot companions, video and eye-tracking approaches for autism diagnosis, and other applications.

CATEGORY: AI",3.13,,False,2026-08-09T19:55:19
96,llama3.1:8b,V3,abstract,ML,"REASONING: The paper describes four machine learning algorithms (Random Forest, CART, Neural Network, and XGBoost) being trained on cephalometric variables to predict the success of camouflage orthodontic treatment in individuals with skeletal Class III malocclusion. The primary contribution is identifying significant predictors using XGBoost, which exhibited the best predictive performance.

CATEGORY: ML",3.46,,False,2026-08-09T19:55:23
97,llama3.1:8b,V3,abstract,ML,"REASONING: The paper's primary contribution is a systematic review and meta-analysis that evaluates the application of AI algorithms in predicting remission outcomes in Cushing’s disease, specifically focusing on machine learning models. The technical methods described include a comprehensive search across multiple databases, inclusion criteria for studies, and statistical analysis of pooled sensitivity, specificity, and diagnostic metrics.

CATEGORY: ML",3.61,,False,2026-08-09T19:55:26
98,llama3.1:8b,V3,abstract,Unclear,"REASONING: The paper discusses the application of AI, specifically machine learning and deep learning, in various aspects of echocardiography, including image acquisition, view classification, structure segmentation, diagnosis, and clinical decision support systems. However, no specific technical method or algorithm is described as the primary contribution.

CATEGORY: Unclear",3.53,,False,2026-08-09T19:55:30
99,llama3.1:8b,V3,abstract,AI,"REASONING: The paper presents a systematic literature review of 20 peer-reviewed studies on the application of AI, ML, and IoT technologies in early disease detection in cattle. The primary contribution is not a new method or technique but rather an analysis and synthesis of existing research. The technical methods described include various AI-based techniques for disease detection, classification, prediction, and monitoring using different types of data.

CATEGORY: AI",3.97,,False,2026-08-09T19:55:34
100,llama3.1:8b,V3,abstract,AI,"REASONING: The paper discusses the integration of 2D materials into neuromorphic systems, highlighting their applications in wearable electronics, brain–machine interfaces, and quantum neuromorphic platforms. However, no specific machine learning or deep learning algorithm is mentioned; instead, the focus is on the properties and potential uses of these materials in neuromorphic computing.

CATEGORY: AI",3.61,,False,2026-08-09T19:55:37
101,llama3.1:8b,V3,abstract,,"REASONING: The paper's primary contribution is a survey study that evaluates dental residents' knowledge and perception regarding AI's application in dentistry, using statistical methods such as the Shapiro-Wilk test and descriptive statistics. The technical methods described are questionnaire design, data analysis (normality testing, frequency and percentage calculations), and statistical computation (mean and standard deviation). However, no specific AI, ML, or DL concept, method, or architecture is developed or studied.

CATEGORY: None",4.53,,False,2026-08-09T19:55:42
102,llama3.1:8b,V3,abstract,ML,"REASONING: 
The paper proposes a framework that integrates machine learning (ML), deep learning (DL), and explainable artificial intelligence (XAI) techniques to predict cardiovascular disease outcomes using the Framingham Heart Study dataset. The primary contribution of the paper is the comparison and evaluation of multiple ML and DL models, including support vector machines (SVM), random forest, XGBoost, logistic regression, feedforward neural networks (FFNN), and multi-layer perceptrons (MLP) for predicting cardiovascular disease outcomes.

CATEGORY: ML",5.21,,False,2026-08-09T19:55:47
103,llama3.1:8b,V3,abstract,ML,"REASONING: 
The paper describes a systematic literature review that examines various AI-based methodologies for protecting vehicle data in IoV ecosystems, including Federated Learning, Differential Privacy, Homomorphic Encryption, and others. The primary contribution of the paper is to provide a taxonomy and framework for evaluating these methodologies, highlighting their advantages, compromises, and scaling constraints.

CATEGORY: ML",3.65,,False,2026-08-09T19:55:51
104,llama3.1:8b,V3,abstract,AI,"REASONING: The paper discusses the application of machine learning (ML) in Acute Respiratory Distress Syndrome (ARDS), specifically its potential for early risk prediction, diagnosis, phenotyping, management, and outcome prediction. The primary contribution is not a specific ML algorithm or architecture, but rather an overview of how ML can be applied to improve ARDS management.

CATEGORY: AI",3.71,,False,2026-08-09T19:55:55
105,llama3.1:8b,V3,abstract,ML,"REASONING: The paper discusses various methods for model selection in phylogenetics, including the hierarchical likelihood ratio test, Akaike Information Criterion (AIC), and Bayesian methods. The primary contribution of the paper is a comparison and critique of these methods, arguing that AIC-based model averaging offers advantages over traditional approaches.

CATEGORY: ML",3.64,,False,2026-08-09T19:55:58
106,llama3.1:8b,V3,abstract,DL,"REASONING: The paper presents a deep learning-based framework for detecting AI-generated artwork using the Distillation with No Labels (DINO) v2 transformer model. The primary contribution is the development of this specific neural network architecture, which outperforms traditional methods and baselines in detecting AI-generated art.

CATEGORY: DL",3.19,,False,2026-08-09T19:56:01
107,llama3.1:8b,V3,abstract,ML,"REASONING: The paper proposes a novel component called the Quantitative Argumentation Layer (QAL), which embeds human-aligned reasoning processes into machine learning models, allowing for more interpretable decisions. This is achieved through the Concept and Argumentation Model (CAM), which represents domain knowledge through human-understandable argumentation rules. The primary contribution of the paper is the development of this QAL component.

CATEGORY: ML",3.86,,False,2026-08-09T19:56:05
108,llama3.1:8b,V3,abstract,AI,"REASONING: The paper discusses the application of AI in pathology practice, providing a guide for pathologists on the fundamentals and applications of AI. However, it does not describe any specific technical methods or algorithms used in AI, but rather focuses on the role of AI as a tool to assist pathologists.

CATEGORY: AI",3.43,,False,2026-08-09T19:56:09
109,llama3.1:8b,V3,abstract,DL,"REASONING: The paper proposes a hybrid deep learning framework that integrates CNN and RNN, enhanced by GA-based hyperparameter optimization, for energy production prediction in renewable energy systems. The primary contribution of the paper is the development of this optimized framework, which outperforms several baseline regression models. The technical methods described include Z-score normalization, Binary Particle Swarm Optimization (BPSO) for feature selection, and Genetic Algorithm (GA)-based hyperparameter optimization.

CATEGORY: DL",4.54,,False,2026-08-09T19:56:13
110,llama3.1:8b,V3,abstract,,"REASONING: The paper's primary contribution is a Python framework called Vitabel, which provides tools for loading, visualizing, aligning, and annotating medical time series data. Although AI is mentioned as motivation, the technical methods described are focused on developing a software tool rather than applying any specific AI or ML technique.

CATEGORY: None",3.19,,True,2026-08-09T19:56:16
111,llama3.1:8b,V3,abstract,ML,"REASONING: The paper describes a scoping review of AI-based approaches for improving medication adherence in patients with cardiovascular diseases (CVD). The technical methods described include natural language processing, reinforcement learning, machine learning algorithms such as neural networks and decision tree models, and data extraction from various sources.

CATEGORY: ML",3.26,,False,2026-08-09T19:56:20
112,llama3.1:8b,V3,abstract,ML,"REASONING: 
The paper describes a two-stage artificial intelligence framework that integrates multimodal MRI features with clinical indicators for the non-invasive assessment of renal fibrosis in patients with chronic kidney disease. The primary contribution is the development and evaluation of this AI framework, which includes deep learning-based feature extraction using MobileNetV2-SE and XGBoost as one of the classifiers.

CATEGORY: ML",4.4,,False,2026-08-09T19:56:24
113,llama3.1:8b,V3,abstract,ML,"REASONING: The paper focuses on understanding why standard gradient descent fails to train deep neural networks and proposes a new initialization scheme based on this analysis. The technical methods described include the study of non-linear activation functions, their influence on training, and the proposal of a new initialization scheme.

CATEGORY: ML",2.98,,False,2026-08-09T19:56:27
114,llama3.1:8b,V3,abstract,,"REASONING: 
The paper describes a pilot study assessing the feasibility of using ultrasound scanning protocol for measuring body composition in infants and developing preliminary machine learning models to predict body composition from ultrasound images. The primary contribution is not the development of AI or ML methods, but rather the assessment of the feasibility and acceptability of ultrasound-based body composition assessment in clinical settings.

CATEGORY: None",3.79,,False,2026-08-09T19:56:31
115,llama3.1:8b,V3,abstract,,"REASONING: There are no technical methods described in the text, as it only mentions a correction to an author's name due to a typesetting error.
CATEGORY: None",1.89,,False,2026-08-09T19:56:33
116,llama3.1:8b,V3,abstract,ML,"REASONING: The paper compares traditional machine learning algorithms with transformer-based architectures for Arabic sentiment analysis, using a novel dataset developed through active annotation strategy combining human expertise and AI-assisted labelling. The primary contribution is the evaluation of annotation quality and model architecture on accuracy, rather than developing new models or techniques. The study investigates how different types of annotations (human-labelled vs. AI-generated) affect classification performance across various classifiers.

CATEGORY: ML",4.47,,False,2026-08-09T19:56:37
117,llama3.1:8b,V3,abstract,ML,"REASONING: The paper describes a workflow that combines robot-automated experimentation, machine learning predictions, and finite element simulations to design stretchable electrodes with strain-insensitive performance. The primary contribution is the development of an integrated workflow for predictive design, which involves constructing an ensemble of artificial neural networks through a two-stage workflow.

CATEGORY: ML",3.27,,False,2026-08-09T19:56:41
118,llama3.1:8b,V3,abstract,ML,"REASONING: The paper discusses the limitations of AI algorithms due to data-intensive nature and strict privacy regulations, and proposes synthetic data generation as a solution. The technical methods described in the text include statistical, probabilistic, and Machine Learning (ML) based tabular data generation methods, specifically SMOTE and its variants. The primary contribution of the paper is the analysis of existing research on synthetic data generation methods.

CATEGORY: ML",3.98,,False,2026-08-09T19:56:45
119,llama3.1:8b,V3,abstract,DL,"REASONING: The paper proposes a multimodal AI system called DMDNet for detecting digital manipulation attacks on documents. The technical methods described include the use of convolutional neural networks (CNNs) to extract features, and four advanced classification strategies: transformer-based, adversarial, self-supervised, and feature-selection approaches, with support vector machine (SVM) as the classifier.

CATEGORY: DL",3.97,,False,2026-08-09T19:56:49
120,llama3.1:8b,V3,abstract,ML,"REASONING: The paper proposes a two-layered Accurate Surgical Time Prediction (ASTP) framework that combines feature importance and advanced machine learning models to estimate surgical time. The primary contribution of the paper is the development of this framework, which uses multiple methods such as HGBR, ANNs, and recurrent models to predict surgical time. The use of interpretable AI methods like SHAP values and Random Forest permutation importance is also a key aspect of the framework.

CATEGORY: ML",4.78,,False,2026-08-09T19:56:53
121,llama3.1:8b,V3,abstract,AI,"REASONING: The paper discusses various mathematical and machine learning-assisted spectral generation methods for Raman spectroscopy, including quantum mechanics simulations (DFT and TD-DFT) and AI-assisted techniques (GANs and Auto-encoders). However, the primary contribution of the paper is not to develop or propose new methodologies, but rather to critically evaluate existing approaches and outline future directions. The focus is on summarizing and making accessible various mathematical methods for signal optimization, safety analysis, and probe design.

CATEGORY: AI",4.74,,False,2026-08-09T19:56:58
122,llama3.1:8b,V3,abstract,ML,"REASONING: The paper describes a comparative evaluation of three types of models for sentiment analysis on ChatGPT-related tweets: classical machine learning (Naive Bayes), deep learning (LSTM and Bi-LSTM), and transformer-based models (DistilBERT). The primary contribution is the comparison and benchmarking of these different approaches, rather than developing or applying a specific AI/ML/DL technique.

CATEGORY: ML",4.17,,True,2026-08-09T19:57:02
123,llama3.1:8b,V3,abstract,DL,"REASONING: The paper proposes an AI-based decision support approach for developing upper limb exoskeletons, which involves using a multilayer perceptron (MLP) model to improve production quality and accelerate design and production. The technical methods described include the use of MLP, as well as new models for classifying hand dysfunctions, designing exoskeletons, and estimating manufacturing costs.

CATEGORY: DL",3.91,,False,2026-08-09T19:57:06
124,llama3.1:8b,V3,abstract,DL,"REASONING: The paper introduces a new language representation model called BERT, which is based on the transformer architecture and can be fine-tuned for various natural language processing tasks. The primary contribution of the paper is the development of this new model, which achieves state-of-the-art results on several benchmark tasks.

CATEGORY: DL",3.09,,False,2026-08-09T19:57:09
125,llama3.1:8b,V3,abstract,DL,"REASONING: The paper introduces a novel AI framework that combines Convolutional Neural Networks (CNNs) with time–frequency analysis via the Wigner–Ville Distribution (WVD) for fault detection and diagnosis in photovoltaic systems. The primary contribution of the paper is the development of this CNN-WVD framework, which is benchmarked against various machine learning baselines.

CATEGORY: DL",4.17,,False,2026-08-09T19:57:13
126,llama3.1:8b,V3,abstract,AI,"REASONING: The paper discusses the application of various machine learning (ML) and deep learning (DL) techniques for Alzheimer's disease diagnosis and prediction, including convolutional neural networks (CNNs), graph-based algorithms, and multimodal data integration from neuroimaging, genetics, and clinical records. However, the primary contribution is not a specific ML or DL algorithm, but rather an overview of the potential applications and limitations of AI in AD prevention.

CATEGORY: AI",4.5,,False,2026-08-09T19:57:18
127,llama3.1:8b,V3,abstract,ML,"REASONING: The paper describes the development and comparison of five machine learning algorithms (RF, SVM, DT, NB, and CatBoost) for predicting iron-deficiency anaemia using standard blood tests and reticulocyte indices. The primary contribution is the evaluation and selection of the most effective model, which is CatBoost, along with its feature importance analysis using SHAP values.

CATEGORY: ML",4.03,,False,2026-08-09T19:57:22
128,llama3.1:8b,V3,abstract,AI,"REASONING: The paper reviews various applications of artificial intelligence in precision immunotherapy, including biomarker discovery, prediction of immune checkpoint inhibitor response, and CAR-T cell optimization. However, the review does not focus on a specific AI method or technique, but rather summarizes existing work in the field.

CATEGORY: AI",3.01,,False,2026-08-09T19:57:25
129,llama3.1:8b,V3,abstract,ML,"REASONING: The paper proposes an ensemble-based machine learning framework for proactive detection of Android ransomware using network traffic metadata, which integrates advanced classifiers such as Light Gradient Boosting Machine and eXtreme Gradient Boosting Machine with Synthetic Minority Oversampling Technique enhanced stratified cross-validation to mitigate class imbalance. Explainable artificial intelligence methods such as SHapley Additive exPlanations and Local Interpretable Model-Agnostic Explanations are employed to enhance interpretability and analyst trust. The primary contribution of the paper is the development of a robust ensemble-based machine learning framework for real-time detection of Android ransomware.

CATEGORY: ML",5.5,,False,2026-08-09T19:57:30
130,llama3.1:8b,V3,abstract,AI,"REASONING: The paper reviews the application of various emerging technologies, including AI, deep learning, robotic microscopy, and others, in parasitology diagnostics. While it mentions specific technical methods, such as AI-driven diagnostic systems and robotic microscopy platforms, the primary contribution is a review of these advancements rather than a novel technical method.

CATEGORY: AI",3.17,,False,2026-08-09T19:57:34
131,llama3.1:8b,V3,abstract,DL,"REASONING: The paper describes three hybrid predictive models that combine artificial neural networks (ANNs) with optimization algorithms (genetic algorithm, particle swarm optimization, and Levenberg–Marquardt). The primary contribution of the paper is the development of these models for predicting crack healing percentage in self-healing concrete.

CATEGORY: DL",3.21,,False,2026-08-09T19:57:37
132,llama3.1:8b,V3,abstract,ML,"REASONING: The paper describes a study that investigates the impact of virtual reality (VR)-haptic simulator practice on undergraduate dental education and uses machine learning methods to predict faculty-assigned letter grades. The technical methods described include phantom training, VR-haptic simulator training, feature extraction for machine learning, and four different machine learning algorithms (Naive Bayes, decision tree, random forest, and support vector machines). The primary contribution of the paper is the use of machine learning models to predict student performance.

CATEGORY: ML",4.78,,False,2026-08-09T19:57:42
133,llama3.1:8b,V3,abstract,AI,"REASONING: The paper describes a scoping review that examines the applications and effectiveness of artificial intelligence (AI) in personal protective equipment (PPE) donning and doffing training for healthcare workers and health professions students. The technical methods described include computer vision and machine learning, which are integrated into systems for real-time feedback, virtual simulation, and compliance monitoring.

CATEGORY: AI",4.09,,False,2026-08-09T19:57:46
134,llama3.1:8b,V3,abstract,AI,"REASONING: The paper discusses the current state of AI applications in orthopedic practice, highlighting three main domains: machine learning for risk prediction, deep learning for imaging, and large language models for workflow support. However, the primary contribution is not a new algorithm or architecture but rather an argument for shifting focus from model complexity to rigorous evaluation and implementation science.

CATEGORY: AI",3.55,,False,2026-08-09T19:57:49
135,llama3.1:8b,V3,abstract,ML,"REASONING: The paper's primary contribution is the integration of behavioural theory with explainable machine learning to identify psychological predictors of intention to use antimicrobials appropriately among clinicians. The technical methods described in the text include LASSO regression, SHAP analysis, and various machine-learning classifiers (XGBoost, LightGBM, CatBoost), but these are used as tools supporting the main contribution rather than being the focus themselves.

CATEGORY: ML",4.28,,False,2026-08-09T19:57:54
136,llama3.1:8b,V3,abstract,AI,"REASONING: The paper discusses the application of machine learning (ML) and deep learning (DL) in optimizing nano-enhanced stem cell therapies for neurodegenerative diseases. However, the primary contribution is not a specific ML or DL algorithm, but rather a systematic framework for integrating AI across the entire therapy process.

CATEGORY: AI",3.69,,False,2026-08-09T19:57:57
137,llama3.1:8b,V3,abstract,ML,"REASONING: The paper describes using machine learning models (XGBoost and LightGBM) to predict three-year survival after diagnosis for different cancer types based on data from Hospital Based Cancer Registries of São Paulo. The primary contribution is the application of these specific ML algorithms to a particular problem in healthcare, rather than developing new architectures or techniques.

CATEGORY: ML",3.52,,False,2026-08-09T19:58:01
138,llama3.1:8b,V3,abstract,ML,"REASONING: The paper's primary contribution is the comparative analysis of four machine learning algorithms (KNN, SVC, RFC, XGBoost) applied to a synthetic predictive maintenance dataset, with XGBoost emerging as the best-performing model. The technical methods described in the text are focused on classical machine learning techniques, including data preprocessing and feature engineering.

CATEGORY: ML",3.68,,False,2026-08-09T19:58:04
139,llama3.1:8b,V3,missing,NO_INPUT,,0.0,no abstract available (no fallback columns in this sheet),False,2026-08-09T19:58:04
140,llama3.1:8b,V3,abstract,ML,"REASONING: The paper discusses the application of large language models (LLMs) to automate annotation of regulatory documents in the field of medical device regulatory science. The primary contribution is a validation study demonstrating the accuracy of LLMs in extracting attributes from these documents, and showcasing their scalability in three applications.

CATEGORY: ML",3.16,,False,2026-08-09T19:58:08
141,llama3.1:8b,V3,abstract,ML,"REASONING: The paper discusses the application of Automated Machine Learning (AutoML) in oral healthcare, evaluating its performance and translational relevance through a systematic review of 19 primary studies. The technical methods described include algorithm selection and hyperparameter optimization, which are automated using AutoML.

CATEGORY: ML",3.43,,False,2026-08-09T19:58:11
142,llama3.1:8b,V3,abstract,DL,"REASONING: The paper presents a machine learning-based framework for predicting the residual flexural strength of fiber-reinforced ultra-high-performance concrete after exposure to fire. The primary contribution is the development of AegisFusion, a novel neural/tree fusion architecture with MetaSwarm tuning and Bayesian calibration.

CATEGORY: DL",3.31,,False,2026-08-09T19:58:14
143,llama3.1:8b,V3,abstract,DL,"REASONING: The paper describes a technique called ""dropout"" for addressing overfitting in deep neural networks. Dropout randomly drops units from the network during training, effectively creating an ensemble of thinned networks that are averaged at test time to reduce overfitting.

CATEGORY: DL",2.79,,False,2026-08-09T19:58:17
144,llama3.1:8b,V3,abstract,ML,"REASONING: The paper proposes a hybrid framework integrating federated learning with ensemble-based machine learning models and explainable AI techniques for sepsis mortality prediction. The technical methods described include Random Forest, LightGBM, XGBoost, K-Nearest Neighbors, Logistic Regression, SHAP, LIME, PDP, and federated learning. These methods are used to enhance model interpretability while preserving patient data privacy.

CATEGORY: ML",4.24,,False,2026-08-09T19:58:21
145,llama3.1:8b,V3,abstract,AI,"REASONING: The paper discusses the application of machine learning (ML) and deep learning (DL) techniques, specifically lesion segmentation and outcome prediction models, in acute ischemic stroke care. However, the primary contribution is not a novel ML or DL method but rather a systematic review synthesizing existing evidence on AI applications in AIS care.

CATEGORY: AI",3.8,,False,2026-08-09T19:58:25
146,llama3.1:8b,V3,abstract,ML,"REASONING: 
The paper employs a range of technical methods including sentiment analysis, text vectorization (TF-IDF), predictive modelling with various machine learning algorithms (Logistic Regression, Random Forest, XGBoost, Neural Networks), and Structural Equation Modelling (SEM). The primary contribution is the development of a hybrid SEM-ML framework that jointly predicts consumer purchase intentions.

CATEGORY: ML",3.83,,False,2026-08-09T19:58:29
147,llama3.1:8b,V3,abstract,DL,"REASONING: The paper proposes a hybrid computational framework that integrates Graph Convolutional Networks, Variational Autoencoders, and Uncertainty Aware Adaptive Multi-Objective Optimization-based Reinforcement Learning (UAAMOO-RL) for generating drug molecules with desired pharmacological properties. This framework is the primary contribution of the paper, as it addresses challenges in drug discovery such as higher attrition rates and the need to optimize multiple molecular properties simultaneously. The use of neural network architectures like Graph Convolutional Networks and Variational Autoencoders indicates that the primary focus is on deep learning techniques.

CATEGORY: DL",5.3,,False,2026-08-09T19:58:34
148,llama3.1:8b,V3,abstract,ML,"REASONING: The paper describes a method called ""bagging"" which involves creating multiple versions of a predictor by making bootstrap replicates of the learning set and aggregating their predictions. This is a classical machine learning technique that relies on the instability of the prediction method to improve accuracy.
CATEGORY: ML",3.23,,False,2026-08-09T19:58:38
149,llama3.1:8b,V3,abstract,ML,"REASONING: The paper describes a systematic review of multimodal AI systems for diagnosing and predicting retinal vascular diseases, including diabetic retinopathy, retinal vein occlusion, and neovascular age-related macular degeneration. The primary contribution is the synthesis of evidence on the diagnostic and prognostic applications of multimodal AI in these diseases.

CATEGORY: ML",3.79,,False,2026-08-09T19:58:41
150,llama3.1:8b,V3,abstract,ML,"REASONING: The paper describes a data-driven Bayesian Network framework to analyze and predict ship collision accidents on a global scale, using a Tree-Augmented Naive Bayes (TAN) structure trained on a dataset of collision accident investigation reports. The primary contribution is the development of this specific model architecture and its application to a real-world problem.

CATEGORY: ML",3.44,,False,2026-08-09T19:58:45
151,llama3.1:8b,V3,abstract,Unclear,"REASONING: The paper presents a collection of 35 abstracts from a conference focused on Computers and Their Applications, covering various topics such as machine learning, artificial intelligence, cybersecurity, and more. Each abstract describes a specific research contribution, but none of them provide enough information to identify a single primary contribution.

CATEGORY: Unclear",3.43,,False,2026-08-09T19:58:48
152,llama3.1:8b,V3,abstract,ML,"REASONING: The paper describes a technical method that combines portable GC-MS with machine learning algorithms to develop a diagnostic model for detecting viral respiratory infections. The primary contribution of the paper is the development and application of this screening model, which uses machine learning to enhance the specificity and sensitivity of breath biomarkers.

CATEGORY: ML",3.6,,False,2026-08-09T19:58:52
153,llama3.1:8b,V3,abstract,ML,"REASONING: The paper discusses the use of AI and ML techniques, including auto-encoders and Isolation Forests classifiers, to detect insider threats in cybersecurity. The primary contribution is a hybrid model that combines anomaly detection and behavioral analytics for real-time identification of suspicious user activity.

CATEGORY: ML",2.94,,False,2026-08-09T19:58:55
154,llama3.1:8b,V3,abstract,AI,"REASONING: The paper reviews the role of AI in wildfire management through a bibliometric study, identifying four thematic clusters related to geospatial analysis, technological advancements, machine learning-driven prediction, and risk assessment. The primary contribution is not a specific technical method or algorithm, but rather a systematic understanding of current AI approaches in wildfire research. 

CATEGORY: AI",3.35,,False,2026-08-09T19:58:58
155,llama3.1:8b,V3,abstract,AI,"REASONING: The paper proposes an Educational Framework (AIEDF) for incorporating AI competencies into middle-school education, synthesizing existing frameworks to create a Holistic Digital Literacy Framework (HDLF). The HDLF is mapped to Bloom's taxonomy and includes four core areas that align with essential AI competencies. However, the technical methods described in the text are not specific to machine learning or deep learning techniques.

CATEGORY: AI",4.11,,False,2026-08-09T19:59:02
156,llama3.1:8b,V3,missing,NO_INPUT,,0.0,no abstract available (no fallback columns in this sheet),False,2026-08-09T19:59:02
157,llama3.1:8b,V3,abstract,AI,"REASONING: The paper reviews various data harmonization and preprocessing techniques used in multimodal fusion approaches for Alzheimer's Disease prediction, classifying them into different paradigms. The primary contribution of the paper is a systematic review and classification of these methods, rather than developing or applying any specific AI, ML, or DL technique.

CATEGORY: AI",3.76,,False,2026-08-09T19:59:06
158,llama3.1:8b,V3,abstract,AI,"REASONING: The paper discusses the potential of microalgae as a sustainable protein source for food security, and highlights recent advances in using artificial intelligence (AI) and machine learning (ML) to improve resource-use efficiency and nutrient recovery in microalgae production systems. The primary contribution is not a specific AI or ML method, but rather an integrated perspective on the application of these technologies across the microalgal bioprocess value chain.

CATEGORY: AI",4.39,,False,2026-08-09T19:59:10
159,llama3.1:8b,V3,abstract,ML,"REASONING: The paper presents an AI-enabled smart farming framework that integrates ML and IoT technologies to optimize date palm cultivation. The primary contribution of the paper is the development and optimization of four ML algorithms, specifically Random Forest, for classifying palm health and supporting data-driven irrigation management.

CATEGORY: ML",3.0,,False,2026-08-09T19:59:13
160,llama3.1:8b,V3,abstract,ML,"REASONING: The paper introduces a hybrid framework for detecting synthetic text generated by Large Language Models (LLM) using a tri-layer feature fusion strategy, which combines structural stylometry, probabilistic surprisal, and topical-aware semantic contrast. This approach is processed through a multi-model stacking ensemble that combines diverse learning architectures to maximize classification robustness. The primary contribution of the paper is the development of this hybrid framework.

CATEGORY: ML",4.05,,False,2026-08-09T19:59:17
161,llama3.1:8b,V3,abstract,AI,"REASONING: The paper discusses the application of various AI/ML methods in optimizing electrochemical devices, including surrogate models, prognostic health management, and adaptive control strategies. However, the primary contribution is not a specific algorithm or architecture, but rather an analysis of emerging hybrid strategies that combine physics-informed neural networks (PINNs) with traditional ML approaches.

CATEGORY: AI",3.66,,False,2026-08-09T19:59:21
162,llama3.1:8b,V3,abstract,ML,"REASONING: The paper describes a hybrid approach combining computational fluid dynamics (CFD), bio-inspired riblets, active plasma control, artificial neural networks, and support vector machine regressions to enhance airfoil performance. The primary contribution of the paper is the development of this hybrid approach for aerodynamic performance enhancement.

CATEGORY: ML",3.25,,False,2026-08-09T19:59:24
163,llama3.1:8b,V3,abstract,ML,"REASONING: The paper discusses machine learning applications in functional materials design, categorizing them into three levels: macroscopic compositional design, microscopic electronic and structural responses, and dynamic or time-dependent processes. The primary contribution is a case-driven approach to organizing these applications and extracting transferable principles.

CATEGORY: ML",3.01,,False,2026-08-09T19:59:27
164,llama3.1:8b,V3,abstract,DL,"REASONING: The paper proposes a CNN regression model for noise prediction, which is a specific application of deep learning techniques to improve the efficiency and accuracy of physical models generating traffic noise maps. The primary contribution of the paper is the development and evaluation of this CNN-based approach.

CATEGORY: DL",2.79,,False,2026-08-09T19:59:30
165,llama3.1:8b,V3,abstract,ML,"REASONING: The paper proposes an approach based on machine learning and graph analysis for identifying patterns and diagnostic markers for dementia, with a focus on descriptive probability density function (PDF) analysis and feature ranking using three complementary strategies. The primary contribution of the study is the evaluation of ten machine learning models under strict subject-level data separation to identify robust classification performance. The Random Forest model achieved the highest accuracy of 94.37%, making it the main subject of the paper's contribution.

CATEGORY: ML",4.82,,False,2026-08-09T19:59:35
166,llama3.1:8b,V3,abstract,ML,"REASONING: The paper describes the development of an ML-based screening model for assessing the risk of depression among the elderly population using various supervised machine learning models and feature selection techniques. The primary contribution is the identification of significant health-related, psychosocial, and ADL factors associated with depression risk.

CATEGORY: ML",3.25,,False,2026-08-09T19:59:38
167,llama3.1:8b,V3,abstract,AI,"REASONING: The paper reviews the current practice and future potential of AI in plastic and reconstructive surgery, highlighting its applications in diagnostic accuracy, surgical planning, image analysis, patient education, and clinical decision making. However, no specific AI, ML, or DL method is developed or studied; instead, various techniques are mentioned as being used by others. The primary contribution appears to be the review of existing AI applications in plastic surgery.

CATEGORY: AI",4.02,,False,2026-08-09T19:59:42
168,llama3.1:8b,V3,abstract,ML,"REASONING: The paper employs the double machine learning (DML) method with random forest regression as the DML learner to investigate the relationship between government-level AI policies and corporate supply chain resilience. The primary contribution of the paper is the application of a specific machine learning technique, DML, to analyze the impact of AI policies on supply chain resilience.

CATEGORY: ML",3.93,,False,2026-08-09T19:59:46
169,llama3.1:8b,V3,abstract,AI,"REASONING: The paper discusses the application of AI-driven models to support pattern recognition, prediction, and anomaly detection from wastewater data in public health. However, no specific ML or DL technique is developed or studied; instead, the focus is on the integration of AI with WBE for disease monitoring and response.

CATEGORY: AI",3.11,,False,2026-08-09T19:59:49
170,llama3.1:8b,V3,abstract,DL,"REASONING: The paper proposes a transformers-based architecture, RoBERTa-Large, for clickbait headline detection in digital news analysis. The model is evaluated against state-of-the-art ML and DL approaches, and achieves the highest classification accuracy of 97%. The technical methods described include the use of self-attention mechanism, TF-IDF, PoS tagging, n-gram representations, word embeddings, and XAI methods like LIME and SHAP.

CATEGORY: DL",4.44,,False,2026-08-09T19:59:54
171,llama3.1:8b,V3,abstract,AI,"REASONING: The paper uses bibliometric analysis on SCOPUS data to map knowledge trends and research patterns in AI and ML applications for sustainable development. The primary contribution is not a technical method or algorithm, but rather an analysis of the broader landscape of research in this area.

CATEGORY: AI",3.08,,False,2026-08-09T19:59:57
172,llama3.1:8b,V3,abstract,ML,"REASONING: 
The paper describes a range of technical methods including feature engineering, class imbalance addressing using SMOTE, Grey Relational Grade index, and comparison of seven mainstream classifiers including Deep Neural Networks. However, the primary contribution is not any single method but rather the combination of these methods to achieve an interpretable and sustainable machine learning architecture for early diagnosis of Alzheimer’s disease.

CATEGORY: ML",4.19,,False,2026-08-09T20:00:01
173,llama3.1:8b,V3,abstract,ML,"REASONING: The paper discusses the intersection of Federated Learning (FL) and Explainable Artificial Intelligence (XAI), introducing a taxonomy to categorize FedXAI methods. The primary contribution is a systematic review and multi-axis taxonomy of FedXAI approaches, rather than developing or applying specific AI/ML/DL techniques.

CATEGORY: ML",3.46,,False,2026-08-09T20:00:05
174,llama3.1:8b,V3,abstract,ML,"REASONING: The paper presents a novel machine learning framework for predicting antenatal care uptake among women in Ghana, integrating fairness-aware methods such as explainability, bias mitigation, and causal inference. The primary contribution of the paper is the development of this integrated framework, which includes multiple technical methods such as multiple imputation, SMOTE, stratified cross-validation, SHAP, AIF360, reweighing, DiCE, and double machine learning.

CATEGORY: ML",5.07,,False,2026-08-09T20:00:10
175,llama3.1:8b,V3,abstract,ML,"REASONING: The paper introduces the graph atomic cluster expansion (GRACE) framework, which is a machine learning approach to create universal interatomic potentials. The primary contribution of the paper is the development and demonstration of GRACE models, which are trained on large materials datasets and shown to be versatile and adaptable. The fine-tuning and knowledge distillation techniques used in the paper are secondary contributions that support the main result.

CATEGORY: ML",4.28,,False,2026-08-09T20:00:14
176,llama3.1:8b,V3,abstract,ML,"REASONING: The paper describes a two-stage system that combines transformer-based landmark detection (RT-DETR) with supervised machine learning classifiers (Random Forest). The primary contribution of the paper is the development and validation of this AI pipeline for binary screening of horizontal strabismus versus orthotropia using smartphone-acquired facial images.

CATEGORY: ML",3.41,,False,2026-08-09T20:00:17
177,llama3.1:8b,V3,abstract,ML,"REASONING: The paper describes a study that evaluates three machine learning models (SVM, KNN, and RUSBoost) on real-world data to predict recurrent ischemic stroke in Malaysia. The primary contribution of the paper is the development and evaluation of these machine learning models for clinical risk prediction.

CATEGORY: ML",3.34,,False,2026-08-09T20:00:21
178,llama3.1:8b,V3,abstract,ML,"REASONING: The paper describes a machine learning approach using fNIRS signals to predict hand movements, employing various ML algorithms including Random Forest (RF), which was found to be the most effective method. The primary contribution of the paper is the development and evaluation of these ML methods for hand movement prediction.

CATEGORY: ML",3.22,,False,2026-08-09T20:00:24
179,llama3.1:8b,V3,abstract,ML,"REASONING: The paper presents a Quantum-Inspired Algorithm (QIA) for sustainable machine learning, which jointly optimises hyperparameters, model compression, and scheduling in a single framework using tunnelling-based search and amplitude reweighting. QIA is compared to several baseline optimisation methods on various datasets, demonstrating energy savings of 20-30% while keeping accuracy losses under 1.5%. The primary contribution of the paper is the development of this new algorithm.

CATEGORY: ML",4.85,,False,2026-08-09T20:00:29
180,llama3.1:8b,V3,abstract,ML,"REASONING: The paper reviews machine learning models for electric vehicle infrastructure, comparing traditional algorithms to hybrid deep learning models such as LSTM-DDQN, CNN-BiGRU, and transformer-based frameworks. The primary contribution of the paper is a performance-oriented review that provides a quantitative benchmarking framework linking algorithmic groups to subsystem performance.

CATEGORY: ML",3.58,,False,2026-08-09T20:00:32
181,llama3.1:8b,V3,abstract,DL,"REASONING: The paper proposes a deep learning-based approach, ACS-DSAEFL, which uses a combination of image pre-processing techniques (Gaussian filter and histogram equalization), feature extraction using Inception-enhanced vision transformer (IEViT), and classification with stacked sparse denoising autoencoder (SSDAE). The primary contribution is the development of this specific deep learning architecture for assistive communication.

CATEGORY: DL",4.04,,False,2026-08-09T20:00:36
182,llama3.1:8b,V3,abstract,ML,"REASONING: The paper describes a machine learning model called FungiGuard, which integrates three different methods (Random Forest, Long Short-Term Memory, and attention mechanisms) to classify plant antifungal peptides. The primary contribution of the paper is the development of this specific model, rather than any general AI or ML concept.

CATEGORY: ML",3.59,,False,2026-08-09T20:00:40
183,llama3.1:8b,V3,abstract,ML,"REASONING: The paper proposes an estimation procedure based on adding small positive quantities to the diagonal of X'X, and introduces the ridge trace method for visualizing the effects of nonorthogonality in multiple regression. This is a classical machine learning technique, specifically related to feature engineering and regularization methods. The focus is on improving the accuracy of parameter estimates through a specific mathematical approach.

CATEGORY: ML",3.58,,False,2026-08-09T20:00:44
184,llama3.1:8b,V3,abstract,DL,"REASONING: The paper describes a framework called PLGDL that uses both Protein Language and Geometric Deep Learning models to predict protective antigens from pathogens. The primary contribution of the paper is the development of this integrated model, which leverages both sequence and structural features of protein antigens.

CATEGORY: DL",2.98,,False,2026-08-09T20:00:47
185,llama3.1:8b,V3,abstract,AI,"REASONING: The paper's primary contribution is a bibliometric analysis of AI and ML applications in renal cancer research, using tools such as VOSviewer, CiteSpace, and bibliometrix to visualize patterns in co-authorship, citations, and emerging research trends. The technical methods described are focused on data visualization and analysis rather than developing or applying specific AI or ML algorithms.

CATEGORY: AI",3.91,,False,2026-08-09T20:00:50
186,llama3.1:8b,V3,abstract,AI,"REASONING: The paper reviews recent advances in artificial intelligence (AI) applied to microbiology, specifically antimicrobial resistance (AMR) surveillance. The technical methods described include deep learning frameworks, transformer-based sequence models, graph neural networks, and multimodal architectures, as well as explainable AI techniques such as SHAP, attention mechanisms, and gradient-based attribution approaches.

CATEGORY: AI",4.13,,False,2026-08-09T20:00:55
187,llama3.1:8b,V3,abstract,ML,"REASONING: The paper describes a machine learning approach to predict 30-day mortality risk in patients with non-variceal upper gastrointestinal bleeding (NVUGIB). The primary contribution of the paper is the development and validation of a specific machine learning model, NVUPreM, which outperforms traditional clinical scores. The technical methods described include feature selection via least absolute shrinkage and selection operator regression, evaluation of 36 machine learning algorithms using tenfold cross-validation, and use of SHapley Additive exPlanations (SHAP) for interpretability.

CATEGORY: ML",5.43,,False,2026-08-09T20:01:00
188,llama3.1:8b,V3,abstract,AI,"REASONING: The paper reviews and compares Quantum Machine Learning (QML) and classical Machine Learning (ML), analyzing their foundations, complexity, and applications across various domains. The primary contribution is the comprehensive comparative review of QML and ML, highlighting patterns where quantum models tend to outperform or underperform classical baselines.

CATEGORY: AI",3.25,,False,2026-08-09T20:01:03
189,llama3.1:8b,V3,abstract,AI,"REASONING: 
1. The technical methods described in the text include machine learning (support vector machines, random forest), deep learning (convolutional neural networks), and a systematic review methodology using PRISMA guidelines.
2. The primary contribution of the paper is the systematic review itself, which evaluates AI applications in ACL injury prediction and prevention, rather than any specific technical method or algorithm.
3. Since the paper's core contribution is not a specific ML or DL technique, but rather a review of various methods, it does not fit into either the ML or DL categories.

CATEGORY: AI",5.68,,False,2026-08-09T20:01:09
190,llama3.1:8b,V3,abstract,ML,"REASONING: The paper describes the development of a machine learning-based case-control classification model that integrates various types of data to discriminate bladder cancer cases from benign controls. The primary contribution is the creation and evaluation of this specific machine learning model, which includes training and comparing different algorithms (Extreme Gradient Boosting, Logistic Regression, and Support Vector Machine) using a set of clinical variables, cytokine levels, and environmental factors.

CATEGORY: ML",4.04,,False,2026-08-09T20:01:13
191,llama3.1:8b,V3,abstract,Unclear,"REASONING: The paper compares the performance of classical machine learning (ML), Deep Learning (DL), and a pre-trained large language model (LLM) in classifying bronchiolitis diagnosis from free-text-diagnosis fields in emergency department electronic health records (EHRs). The primary contribution is the comparison of these three approaches, with DL and LLM outperforming traditional ML models.

CATEGORY: Unclear",4.32,,False,2026-08-09T20:01:17
192,llama3.1:8b,V3,abstract,DL,"REASONING: The paper describes the development of a brain-inspired spiking neural network-based reinforcement learning computing architecture using α-In2Se3 ferroelectric semiconductor field-effect transistor. The primary contribution is the demonstration of a novel hardware implementation for reinforcement learning, which enables reward signal modulation and eligibility trace decay without external memory or computing units.

CATEGORY: DL",3.73,,False,2026-08-09T20:01:21
193,llama3.1:8b,V3,abstract,AI,"REASONING: The paper reviews various AI methods used in oncological drug development, including machine learning and deep learning models for target discovery, virtual screening, de novo molecular design, and cancer applications. However, the primary contribution of the paper is not to develop or compare specific AI algorithms, but rather to provide a comprehensive overview of the current state of AI in drug development.

CATEGORY: AI",3.64,,False,2026-08-09T20:01:25
194,llama3.1:8b,V3,abstract,ML,"REASONING: The paper describes the use of various machine learning models, including traditional ML (Naive Bayes, SVM, Random Forest) and deep learning models (XLNET, DistilBERT, ALBERT), to detect depression-related texts in social media comments. However, the primary contribution of the paper is not the development or comparison of these models, but rather the application of text summarization to enhance their efficiency.

CATEGORY: ML",4.05,,False,2026-08-09T20:01:29
195,llama3.1:8b,V3,abstract,ML,"REASONING: The paper describes the development of an AI/ML-based framework for automated quantification of fibrosis content and spatial distribution in histology slides. The primary contribution is a supervised AI/ML algorithm that can detect, segment, and quantify fibrosis compared to expert pathologist readers. The technical methods described include training, validation, and testing of the AI/ML algorithm using lung histology slides from preclinical mouse models.

CATEGORY: ML",4.2,,False,2026-08-09T20:01:33
196,llama3.1:8b,V3,abstract,ML,"REASONING: The paper presents an evaluation of eight machine learning models for predicting ACL injuries, using four datasets with different feature sets. The primary contribution is not a new ML model or architecture, but rather the application and comparison of existing ML techniques to predict ACL injuries.

CATEGORY: ML",3.01,,False,2026-08-09T20:01:36
197,llama3.1:8b,V3,abstract,ML,"REASONING: The paper introduces a methodology that integrates remote sensing data and machine learning to assess risks to heritage sites, using high-resolution satellite imagery and geospatial analytics. Five machine learning models are evaluated, but the primary contribution is not the development of a new ML algorithm or architecture, rather it's the application of existing methods to a specific problem in heritage conservation.

CATEGORY: ML",3.75,,False,2026-08-09T20:01:40
198,llama3.1:8b,V3,abstract,AI,"REASONING: The paper reviews the application of artificial intelligence (AI), machine learning (ML), and deep learning (DL) techniques in understanding the human leukocyte antigen (HLA) system, including its role in allorecognition, infection, autoimmunity, and treatment response. The primary contribution is a comprehensive review of AI/ML/DL applications in HLA research, rather than developing or comparing specific algorithms or architectures.

CATEGORY: AI",4.32,,False,2026-08-09T20:01:44
199,llama3.1:8b,V3,abstract,ML,"REASONING: The paper describes a supervised machine learning model for classification, followed by a quantitative Read-Across Structure-Activity Relationship (qRASAR) study, and develops an open-access eXplainable AI (XAI) platform named ""KidneyTox_v1.0"" for nephrotoxicity prediction. The primary contribution of the paper is the development of this XAI platform.

CATEGORY: ML",4.33,,False,2026-08-09T20:01:48
200,llama3.1:8b,V3,abstract,ML,"REASONING: The paper discusses the application of various AI techniques, including machine learning and deep learning, to carbon capture and utilization (CCU) technologies for process optimization, performance forecasting, and emissions prediction. However, the primary contribution is not a novel algorithm or architecture but rather an analysis of patent trends and applications in this domain.

CATEGORY: ML",3.38,,False,2026-08-09T20:01:52
201,llama3.1:8b,V3,missing,NO_INPUT,,0.0,no abstract available (no fallback columns in this sheet),False,2026-08-09T20:01:52
202,llama3.1:8b,V3,abstract,ML,"REASONING: The paper describes the development of a novel hybrid stacking ensemble model using Random Forest (RF), Extreme Gradient Boosting (XGBoost), and Artificial Neural Network (ANN) models to predict the flexural strength of aluminium fibre reinforced concrete. The primary contribution is the development of this specific machine learning model, which is used to achieve superior predictive accuracy.

CATEGORY: ML",3.58,,False,2026-08-09T20:01:55
203,llama3.1:8b,V3,abstract,ML,"REASONING: The paper evaluates the diagnostic performance of various machine learning algorithms (MLAs) in identifying Tuberculous pericardial effusion (TPE). The primary contribution is the comparison and evaluation of different MLAs, specifically highlighting the random tree model as the most accurate.

CATEGORY: ML",3.13,,False,2026-08-09T20:01:59
204,llama3.1:8b,V3,abstract,AI,"REASONING: The paper's primary contribution is a comprehensive bibliometric analysis of global research on AI and ML applications in telesurgery, using various metrics to understand the growth, trends, and collaborations in this field. The technical methods described include bibliometric indicators such as annual publication trends, citation analysis, co-citation analysis, and keyword co-occurrence analysis, which are used to visualize and map the research landscape.

CATEGORY: AI",4.77,,False,2026-08-09T20:02:03
205,llama3.1:8b,V3,abstract,ML,"REASONING: The paper describes the concept and implementation of Support-Vector Networks (SVNs) for two-group classification problems, which involves non-linear mapping of input vectors to a high-dimensional feature space and constructing a linear decision surface. The primary contribution is the extension of SVN to handle non-separable training data using polynomial input transformations. This method represents a classical machine learning approach.

CATEGORY: ML",3.57,,False,2026-08-09T20:02:07
206,llama3.1:8b,V3,abstract,DL,"REASONING: The paper employs a convolutional neural network (CNN) to analyze EEG signals from various datasets, with a focus on detecting biological sex and its confounding effects in pathological diagnosis. The primary contribution of the paper is the development and evaluation of this CNN architecture for sex classification and its implications for disease prediction.

CATEGORY: DL",3.32,,False,2026-08-09T20:02:10
207,llama3.1:8b,V3,abstract,ML,"REASONING: The paper's primary contribution is the systematic literature review of AI applications in suicide prevention, which synthesizes findings from 160 studies across various thematic domains. The technical methods described include a taxonomy categorizing AI technologies and an analysis of NLP, DL, and XAI approaches for identifying suicidal behavior.

CATEGORY: ML",3.73,,False,2026-08-09T20:02:14
208,llama3.1:8b,V3,abstract,ML,"REASONING: The paper proposes a novel disaster management-based healthcare system utilizing machine learning models for sustainable environment. The technical methods described in the text include preprocessing of data using noise removal and normalization, feature extraction using deep adversarial gaussian multilayer perceptron, and optimization using firefly swarm binary grasshopper optimization. However, the primary contribution of the paper is not a new ML or DL technique, but rather an application of existing techniques to disaster management.

CATEGORY: ML",4.28,,False,2026-08-09T20:02:18
209,llama3.1:8b,V3,abstract,ML,"REASONING: The paper describes the compilation of historical laboratory contact angle datasets and the development of a machine-learning workflow to predict hydrogen wettability in underground storage formations. The primary contribution is the implementation of a unified machine-learning workflow, including various models (linear, tree-based, boosting, and neural-network), which achieves near-experimental predictive skill on a held-out test set.

CATEGORY: ML",3.9,,False,2026-08-09T20:02:22
210,llama3.1:8b,V3,abstract,ML,"REASONING: The paper compares various machine learning and deep learning algorithms for classifying pulmonary diseases using standardized spirometry features. The primary contribution of the paper is to evaluate the performance of different models, including both classical ML (logistic regression, SVM, k-NN, random forest, XGBoost) and DL (deep neural networks, convolutional neural networks), on a specific medical diagnosis task.

CATEGORY: ML",4.12,,False,2026-08-09T20:02:26
211,llama3.1:8b,V3,abstract,ML,"REASONING: The paper discusses linear regression and its relationship to deep learning, specifically focusing on the phenomenon of benign overfitting. The technical methods described include characterizing the effective rank of the data covariance and studying examples of data covariance properties required for benign overfitting.

CATEGORY: ML",3.14,,False,2026-08-09T20:02:29
212,llama3.1:8b,V3,abstract,ML,"REASONING: The paper describes using Extreme Gradient Boosting (XGBoost) models with cross-validation and external validation methods to detect dental caries from questionnaire data. The primary contribution of the paper is developing a machine learning model that can be applied to real-world datasets, rather than proposing a new neural network architecture or technique.

CATEGORY: ML",3.52,,False,2026-08-09T20:02:33
213,llama3.1:8b,V3,abstract,ML,"REASONING: The paper describes the technical methods used in XGBoost, including a novel parsity-aware algorithm for sparse data and weighted quantile sketch for approximate tree learning. These methods are primarily related to improving the efficiency and scalability of tree boosting, which is a classical machine learning technique. The focus on tree boosting as a method suggests that this is the primary contribution of the paper.

CATEGORY: ML",3.64,,False,2026-08-09T20:02:37
214,llama3.1:8b,V3,abstract,AI,"REASONING: The paper describes a systematic review that evaluates the use of Explainable Artificial Intelligence (XAI) techniques in machine learning and deep learning models for analyzing electroencephalography (EEG) data to diagnose mood and anxiety disorders. The primary contribution is not a new algorithm or model, but rather an evaluation of existing studies using XAI methods. The technical methods described include the use of various machine learning algorithms (SVM, Random Forest, deep neural networks), XAI techniques (SHAP, LIME, attention maps), and EEG feature extraction.

CATEGORY: AI",5.75,,False,2026-08-09T20:02:42
215,llama3.1:8b,V3,abstract,AI,"REASONING: The paper discusses the application of AI in CRISPR-based genetic screening, specifically highlighting machine learning (ML) and deep learning (DL) methods for optimizing experimental design, as well as large language model-agent (LLM-agent) systems for integrating biological knowledge and coordinating analysis. The primary contribution is not a specific algorithm or architecture, but rather the integration of AI approaches across the experimental lifecycle.

CATEGORY: AI",3.91,,False,2026-08-09T20:02:46
216,llama3.1:8b,V3,abstract,ML,"REASONING: The paper introduces a self-supervised machine learning platform called CLOSER that uses 3D pose skeleton data and kinematic features to analyze spontaneous behavior in mice with depressive disease. The primary contribution of the paper is the development of this machine learning framework, which is used for monitoring and quantifying depressive-like states in naturalistic contexts.

CATEGORY: ML",3.55,,False,2026-08-09T20:02:50
217,llama3.1:8b,V3,abstract,ML,"REASONING: The paper's primary contribution is a comparison of various machine learning models for early detection of Parkinson's disease using vocal biomarkers. The technical methods described in the text are feature selection, multiple machine learning models (including Adaptive Boosting, Random Forest, Support Vector Machine, and others), and explainable artificial intelligence techniques such as SHAP, LIME, and Partial Dependence Plot.

CATEGORY: ML",3.98,,False,2026-08-09T20:02:54
218,llama3.1:8b,V3,abstract,DL,"REASONING: The paper describes the development of an artificial intelligence (AI)-driven predictive model called KinicI that integrates multi-omics data and consensus clustering to classify HCC patients into two distinct subgroups based on isonicotinylation levels. Additionally, machine learning approaches (LASSO, RSF) are used for feature selection and SHAP analysis identifies CYP2C9 and G6PD as influential prognostic variables. Furthermore, the GraphBAN deep learning framework is used to prioritize candidate compounds targeting these proteins.

CATEGORY: DL",5.05,,False,2026-08-09T20:02:59
219,llama3.1:8b,V3,abstract,AI,"REASONING: The paper discusses AI in endourology, but it does not describe any specific technical methods or algorithms used to achieve its results. Instead, it provides a review and guide on the potential integration of advanced technologies into endourology, highlighting novel trends and technologies being developed in AI.

CATEGORY: AI",3.15,,False,2026-08-09T20:03:02
220,llama3.1:8b,V3,abstract,AI,"REASONING: The paper discusses various approaches to sentiment analysis, including deep learning models, machine learning methods, and hybrid methods, but does not focus on a specific technical method or architecture as its primary contribution. Instead, it provides a comprehensive review of the field, highlighting recent challenges and future directions.

CATEGORY: AI",3.19,,False,2026-08-09T20:03:05
221,llama3.1:8b,V3,abstract,ML,"REASONING: The paper presents a comparison between two types of models: a fine-tuned VLA model (π0) and a neuro-symbolic architecture that combines PDDL-based symbolic planning with learned low-level control. The primary contribution is the evaluation and comparison of these two approaches on structured manipulation tasks, highlighting trade-offs in reliability, data efficiency, and energy efficiency.

CATEGORY: ML",4.02,,False,2026-08-09T20:03:09
222,llama3.1:8b,V3,abstract,ML,"REASONING: The paper's primary contribution is the development of an explainable machine learning framework that identifies key predictors and novel patient phenotypes for PICC-CRBSI using techniques such as LASSO regression, SHAP analysis, supervised UMAP, and HDBSCAN clustering. These methods are used to analyze data from the MIMIC-IV Critical Care database and identify a high-risk subgroup of patients.

CATEGORY: ML",4.11,,False,2026-08-09T20:03:13
223,llama3.1:8b,V3,abstract,ML,"REASONING: The paper's primary contribution is a systematic literature review of AI applications in orthodontics, categorizing them into four clinical groups and analyzing their effectiveness. The technical methods described include a Systematic Literature Review (SLR) with methodological tendencies and AI-based applications analysis.

CATEGORY: ML",3.23,,False,2026-08-09T20:03:17
224,llama3.1:8b,V3,abstract,ML,"REASONING: The paper surveys recent advances in AI (ML/DL) for climate science across various applications, extracting task definitions, datasets, model classes, and evaluation metrics from studies published between 2015 and 2025. The primary contribution of the paper is a synthesis of these advances, highlighting strengths and limitations, and providing recommendations for future research.

CATEGORY: ML",3.57,,False,2026-08-09T20:03:20
225,llama3.1:8b,V3,abstract,AI,"REASONING: The paper discusses the use of machine learning and deep learning algorithms to predict material properties and design high-entropy materials for batteries and supercapacitors, but it does not describe any specific technical methods or architectures beyond these general concepts. The primary contribution is a review that synthesizes existing knowledge on using quantum computing and AI in materials discovery.

CATEGORY: AI",3.83,,False,2026-08-09T20:03:24
226,llama3.1:8b,V3,abstract,ML,"REASONING: The paper describes DNA metabarcoding analysis and Machine Learning (ML) methods coupled with explainable Artificial Intelligence (XAI) for predicting host health status based on fungal genera in the mycobiome. The primary contribution of the paper is the development of a multiview analytical framework that integrates conventional statistical approaches with ML methods.

CATEGORY: ML",3.47,,False,2026-08-09T20:03:27
227,llama3.1:8b,V3,abstract,AI,"REASONING: The paper describes a scoping review that systematically identifies and analyzes studies on AI applications in emergency general surgery, focusing on clinical decision-support tools and intraoperative assistance. The primary contribution is not a technical method or algorithm, but rather the synthesis of existing literature and identification of barriers to implementation.

CATEGORY: AI",3.2,,False,2026-08-09T20:03:31
228,llama3.1:8b,V3,abstract,AI,"REASONING: The paper describes a scoping review of artificial intelligence applications in veterinary oncology, identifying clinical applications, techniques, data sources, and challenges hindering translation to clinical practice. The primary contribution is not a technical method or algorithm but rather the systematic mapping of the literature on AI in veterinary oncology. The text mentions deep learning models as one of the mature applications, but they are not the focus of the paper.

CATEGORY: AI",4.39,,False,2026-08-09T20:03:35
229,llama3.1:8b,V3,abstract,ML,"REASONING: The paper describes a methodology for curating clinical trial databases to make them suitable for training or testing artificial intelligence models, specifically focusing on medical imaging data from MRIs. The technical methods described include defining inclusion and exclusion criteria, removing unnecessary data, quality control, harmonisation of sequence names, and simplifying directory structures.

CATEGORY: ML",3.6,,False,2026-08-09T20:03:39
230,llama3.1:8b,V3,abstract,ML,"REASONING: The paper conducts a systematic review of AI methods applied to IRI prediction for rigid and composite pavements, synthesizing literature from 2004 to 2025 on various models, datasets, and input variables. The primary contribution is the analysis and comparison of different AI approaches, including ensemble learning methods, artificial neural networks, and hybrid architectures.

CATEGORY: ML",3.87,,False,2026-08-09T20:03:43
231,llama3.1:8b,V3,abstract,DL,"REASONING: The paper proposes an intelligent optimization framework for centrifugal compressor maintenance strategies, which involves several technical methods including Reliability Allocation by Heuristic Optimization, graph theory, Monte Carlo simulations, and Deep Reinforcement Learning. The primary contribution of the paper is the formulation of optimal maintenance policies using artificial intelligence methods to reduce costs and improve reliability in natural gas pipeline systems.

CATEGORY: DL",3.63,,False,2026-08-09T20:03:46
232,llama3.1:8b,V3,abstract,ML,"REASONING: The paper discusses machine learning techniques for diabetes prediction, specifically comparing ensemble methods with deep learning approaches. However, the primary contribution of the paper is not a new algorithm or model, but rather a comprehensive analysis of the current state-of-the-art in this field.

CATEGORY: ML",3.27,,False,2026-08-09T20:03:49
233,llama3.1:8b,V3,abstract,ML,"REASONING: The paper proposes an advanced framework that incorporates explainable artificial intelligence (XAI) methods into machine learning classifiers to improve their interpretability while maintaining or even surpassing their predictive performance. Several ML classifiers are equipped with XAI methods, SHAP and LIME, to provide better interpretability. The primary contribution of the paper is not a new ML algorithm or architecture but rather an approach that combines existing ML methods with XAI techniques.

CATEGORY: ML",4.26,,False,2026-08-09T20:03:54
234,llama3.1:8b,V3,abstract,ML,"REASONING: The paper describes a machine learning-driven platform for detecting suspicious financial activities using various supervised learning algorithms, with Gradient Boosting performing best overall. The primary contribution of the paper is the development and evaluation of this platform, which uses classical machine learning methods to improve anti-money laundering systems.

CATEGORY: ML",3.03,,False,2026-08-09T20:03:57
235,llama3.1:8b,V3,abstract,ML,"REASONING: The paper's primary contribution is an automated machine learning (AutoML) framework that uses a tree-based ensemble model enhanced with explainable artificial intelligence (XAI) techniques to predict case durations and delays in the Indian judiciary. The technical methods described include AutoML, tree-based ensemble models, XAI techniques, regression models, classification models, and hybrid frameworks.

CATEGORY: ML",3.73,,False,2026-08-09T20:04:01
236,llama3.1:8b,V3,abstract,DL,"REASONING: The paper proposes several methods to improve the efficiency of deep learning-based models for sickle cell disease detection, including transfer-learning, contrastive-learning using triplet loss, and focal loss to handle class imbalance. The primary contribution is the development of these methods to address the issue of limited training data availability. 

CATEGORY: DL",3.6,,False,2026-08-09T20:04:04
237,llama3.1:8b,V3,abstract,ML,"REASONING: The paper describes a machine learning-based prediction model, specifically using nine clinical parameters to predict insulin resistance (AI-IR), which is then applied to the UK Biobank data to investigate its association with cancer incidence. The primary contribution of the paper is the development and application of this AI-IR model.

CATEGORY: ML",3.31,,False,2026-08-09T20:04:07
238,llama3.1:8b,V3,abstract,AI,"REASONING: The paper discusses various AI methods, including machine learning, deep learning, large language models, and digital twins, in the context of healthcare. However, it does not focus on a specific technical method or contribution but rather synthesizes existing evidence and proposes an implementation blueprint.

CATEGORY: AI",2.88,,False,2026-08-09T20:04:10
239,llama3.1:8b,V3,abstract,ML,"REASONING: The paper compares various machine learning models, including CatBoost, Voting Classifier, Stacking Classifier, and SHAP framework, to predict tumour type from morphometric data. The primary contribution is the comparison and evaluation of these ensemble methods for their interpretability and performance in a specific medical application.

CATEGORY: ML",3.15,,False,2026-08-09T20:04:13
240,llama3.1:8b,V3,abstract,ML,"REASONING: The paper describes a systematic review and meta-analysis of studies comparing deep learning and machine learning methods to manual expert assessment for semen analysis in male infertility. The primary contribution is the evaluation of technical performance and quality of evidence of AI-based automated systems, rather than developing or proposing new AI techniques. The focus is on assessing the current state of research and identifying gaps in clinical validation.

CATEGORY: ML",4.43,,False,2026-08-09T20:04:18
241,llama3.1:8b,V3,abstract,ML,"REASONING: The paper describes using Support Vector Machine (SVM) models to predict student satisfaction with university choices by considering various socio-economic, environmental, and cultural factors. The primary contribution of the paper is the development and evaluation of an SVM-based predictive model for student satisfaction.

CATEGORY: ML",2.88,,False,2026-08-09T20:04:21
242,llama3.1:8b,V3,abstract,AI,"REASONING: The paper discusses a literature review of AI applications in disaster management, using bibliometric analysis and comparing the performance of various AI methods, including deep learning solutions. However, no specific technical contribution or innovation is presented; instead, it provides an overview of existing work and trends in the field.

CATEGORY: AI",3.03,,False,2026-08-09T20:04:24
243,llama3.1:8b,V3,abstract,ML,"REASONING: The paper describes various machine learning methods, including XGBoost, SVM, KNN, LR, DT, RF, and MLP, as well as techniques such as SMOTE, under-sampling, cost-sensitive learning, and incremental learning. The primary contribution of the paper is a machine learning-based recruitment framework for blood donors that outperforms traditional methods in terms of efficiency and effectiveness.

CATEGORY: ML",4.19,,False,2026-08-09T20:04:28
244,llama3.1:8b,V3,abstract,AI,"REASONING: The paper describes a scoping review methodology to assess recent literature on health economic evaluations (HEEs) of artificial intelligence applications in oncology. The primary contribution is not a technical method or algorithm, but rather a systematic review and analysis of existing studies on AI's cost-effectiveness in oncology.

CATEGORY: AI",3.72,,False,2026-08-09T20:04:32
245,llama3.1:8b,V3,abstract,ML,"REASONING: The paper describes the use of machine learning (ML) techniques, specifically natural language processing (NLP), combined with BERTopic, a Python topic modelling technique, to categorize and label development projects based on their narrative descriptions. This approach is novel and reproducible, aiming to provide a better understanding of donor priorities and overall development funding.

CATEGORY: ML",3.54,,False,2026-08-09T20:04:35
246,llama3.1:8b,V3,abstract,ML,"REASONING: The paper describes a study that uses both traditional statistical methods (e.g., correlation analysis) and machine learning techniques (specifically, the Extra-Trees classifier) to predict patients' sexual satisfaction after prostatectomy surgery. The primary contribution of the paper is not the development or application of any specific AI/ML/DL technique, but rather the use of these methods in a clinical context to improve patient counseling and risk stratification.

CATEGORY: ML",4.4,,False,2026-08-09T20:04:40
247,llama3.1:8b,V3,abstract,AI,"REASONING: The paper discusses the limitations of current large language models (LLMs) and proposes an alternative approach to building intelligent machines by connecting LLMs to principled theories and well-tested models of human thinking and learning prior to language acquisition. This approach is grounded in cognitive science and aims to rebuild the bridge between cognitive science and AI, with potential applications in mental health, education, and society.

CATEGORY: AI",4.25,,False,2026-08-09T20:04:44
248,llama3.1:8b,V3,abstract,ML,"REASONING: The paper generalizes DBSCAN by allowing it to cluster objects with both spatial and non-spatial attributes, and presents four applications across different domains. The primary contribution is the development of a new clustering algorithm, GDBSCAN, which extends the capabilities of DBSCAN.

CATEGORY: ML",2.88,,False,2026-08-09T20:04:47
249,llama3.1:8b,V3,abstract,AI,"REASONING: The paper describes a systematic review, meta-analysis, and bibliometric visualization analysis of the role of artificial intelligence in nursing simulation education. The primary contribution is the synthesis of existing research on AI's effects on students' knowledge and skill outcomes through meta-analysis.

CATEGORY: AI",3.12,,False,2026-08-09T20:04:50
250,llama3.1:8b,V3,abstract,ML,"REASONING: The paper describes the development and validation of an AI-driven CAD prediction model that integrates OCTA-derived retinal features with electronic health record (EHR) data, using a Transformer-based multi-scale style learning algorithm to extract features from macular OCTA images. The primary contribution is the multimodal model that combines OCTA-EHR feature sets, which outperforms other models in terms of discriminative power.

CATEGORY: ML",4.31,,False,2026-08-09T20:04:54
251,llama3.1:8b,V3,abstract,AI,"REASONING: The paper discusses various applications of machine learning (ML) and deep learning (DL) in oncology, including cancer phenotyping, virtual screening, and drug repurposing. However, the primary contribution is not a specific technical method or model, but rather a narrative review that summarizes existing work and outlines future directions for integrating AI into precision oncology.

CATEGORY: AI",3.94,,False,2026-08-09T20:04:58
252,llama3.1:8b,V3,abstract,ML,"REASONING: The paper evaluates the effectiveness of various machine-learning models, including neural networks and classical algorithms like SVM and GTB, for predicting the shear strength of steel-fiber-reinforced concrete (SFRC) beams. The primary contribution is the comparison and evaluation of these models using experimental data from the literature, with a focus on identifying the most accurate estimator.

CATEGORY: ML",3.66,,False,2026-08-09T20:05:02
253,llama3.1:8b,V3,abstract,AI,"REASONING: The paper discusses the application of machine learning algorithms in conjunction with liquid biopsy for early detection, prognosis prediction, and monitoring treatment response in various cancers. However, no specific ML or DL technique is developed or studied; instead, the focus is on the integration of AI/ML with liquid biopsy to overcome its limitations.

CATEGORY: AI",3.32,,False,2026-08-09T20:05:05
254,llama3.1:8b,V3,abstract,AI,"REASONING: The paper presents a meta-analysis of machine learning and radiomics approaches for diagnosing and predicting outcomes in ankylosing spondylitis (AS). The technical methods described include systematic searches, random-effects and bivariate meta-analyses, subgroup evaluations, and potential publication bias examination. However, the primary contribution is not a new algorithm or technique but rather a comprehensive quantitative reassessment of existing studies.

CATEGORY: AI",4.35,,False,2026-08-09T20:05:10
255,llama3.1:8b,V3,abstract,ML,"REASONING: The paper describes the development of an AI-based UV-Vis spectrophotometric method for quantifying naringin and naringenin in plant extracts using machine learning models such as Ridge Regression, SVR, Linear Regression, Lasso Regression, and Elastic Net. The primary contribution is the application of these machine learning models to improve the accuracy of spectral differentiation without requiring chemical separation. 

CATEGORY: ML",4.05,,False,2026-08-09T20:05:14
256,llama3.1:8b,V3,abstract,,"REASONING: The paper introduces a multi-modal dataset called WxC-Bench designed to support the development of generalizable AI models for various downstream use-cases in weather and climate research. The technical methods described include curating high-quality datasets, pre-processing data, and making it ML-ready. However, no specific machine learning or deep learning algorithm is developed or studied.

CATEGORY: None",3.63,,False,2026-08-09T20:05:17
257,llama3.1:8b,V3,abstract,ML,"REASONING: The paper's primary contribution is the development and evaluation of machine learning-based predictive models for sex determination using mandibular symphysis measurements from lateral cephalometric images. The technical methods described include training eight supervised machine-learning algorithms (SVM, Logistic Regression, K-Nearest Neighbors, etc.) on a dataset of 495 patients, optimizing the models with Grid Search, and evaluating their performance through cross-validation and bootstrapping.

CATEGORY: ML",4.33,,False,2026-08-09T20:05:22
258,llama3.1:8b,V3,abstract,ML,"REASONING: The paper proposes a framework that combines feature selection using Enhanced Squirrel Search Optimization (ESSO) with Random Forest classification and explainable AI techniques (SHAP and LIME). The primary contribution of the paper is the development of ESSO, which is used to select clinically relevant features for IHD diagnosis. The use of SHAP and LIME is secondary to this contribution.

CATEGORY: ML",4.27,,False,2026-08-09T20:05:26
259,llama3.1:8b,V3,abstract,AI,"REASONING: The paper reviews the application of AI in psychiatry across four domains, highlighting the potential benefits and limitations of machine learning models, chatbots, and clinical decision support systems. However, the primary contribution is not a technical method or algorithm, but rather a call for future research to address the ethical risks and challenges associated with integrating AI into clinical practice.

CATEGORY: AI",3.53,,False,2026-08-09T20:05:29
260,llama3.1:8b,V3,abstract,DL,"REASONING: The paper describes the development of an Artificial Neural Network (ANN)-based machine learning technique for analyzing bubble dynamics and cavitation behavior under sinusoidal waves, using the Levenberg–Marquardt Scheme (LMS) as the ANN application. This method is used to predict the nonlinear oscillations of microbubbles in biomedical ultrasound applications, among others. The primary contribution of the paper is the development of this specific neural network architecture and its application to a particular problem.

CATEGORY: DL",4.53,,False,2026-08-09T20:05:34
261,llama3.1:8b,V3,abstract,AI,"REASONING: The paper describes a scoping review that examined the application of artificial intelligence (AI) in pediatric rehabilitation outcome assessment. The technical methods described include a systematic search of databases, study selection using the Population, Concept, and Context (PCC) framework, data extraction, and descriptive synthesis. However, no specific AI or machine learning algorithm is developed or studied; instead, the paper reviews existing applications of AI in this field.

CATEGORY: AI",4.83,,False,2026-08-09T20:05:39
262,llama3.1:8b,V3,abstract,ML,"REASONING: The paper describes a comprehensive assessment framework for Physical Education teaching effectiveness using Multimodal Machine Learning (MML). The technical methods described include wavelet denoising, z-score normalization, Histogram of Oriented Gradients (HOG) feature extraction, and the Enhanced Marine Predators-driven Explainable Boosting Machine (EMP-EBM) model. The primary contribution is the EMP-EBM model, which combines global optimization strengths with a transparent and interpretable structure.

CATEGORY: ML",4.56,,False,2026-08-09T20:05:43
263,llama3.1:8b,V3,abstract,ML,"REASONING: The paper discusses the application of the Support Vector (SV) method to various tasks such as regression estimation, spline construction, and linear operator equation solving. The primary contribution is the demonstration of the SV method's effectiveness on these specific problems.

CATEGORY: ML",2.51,,False,2026-08-09T20:05:46
264,llama3.1:8b,V3,abstract,ML,"REASONING: The paper describes a study that develops and validates an interpretable machine learning (ML) model for predicting MDR/RR-TB in patients with TB-DM multimorbidity using seven ML algorithms, including Random Forest (RF), which is identified as the optimal performer. SHAP analysis is used to identify critical predictive factors. The primary contribution of the paper is the development and validation of an interpretable RF model.

CATEGORY: ML",4.62,,False,2026-08-09T20:05:51
265,llama3.1:8b,V3,abstract,ML,"REASONING: The paper proposes a media analytics framework that combines traditional statistical modeling, natural language processing tools, and explainable machine learning to predict engagement with social media posts made by TV channels. The primary contribution is the development of this framework, which uses classical machine learning algorithms such as Extreme Gradient Boosting and Support Vector Regression. The use of natural language processing tools and explainable machine learning techniques is secondary to the overall framework.

CATEGORY: ML",4.0,,False,2026-08-09T20:05:55
266,llama3.1:8b,V3,abstract,ML,"REASONING: 
The paper proposes a framework that combines physics-based petrophysical calculations, Random Forest regression (RF), and Deepseek-R1 cognitive perception to improve predictive abilities for reservoir characterisation. The primary contribution of the paper is the development of this workflow, which integrates multiple technical methods.

CATEGORY: ML",3.18,,False,2026-08-09T20:05:58
267,llama3.1:8b,V3,abstract,DL,"REASONING: The paper reviews various applications of deep learning (DL) in bladder cancer diagnosis, including cystoscopic tumor detection, urine cytology analysis, radiomics-based staging, computational pathology, multimodal fusion architectures, and intraoperative guidance. While the review discusses classical machine learning methods like radiomics, the primary focus is on DL approaches and their applications.

CATEGORY: DL",3.6,,False,2026-08-09T20:06:01
268,llama3.1:8b,V3,abstract,ML,"REASONING: The paper's primary contribution is an interpretable machine learning (ML) framework for joint modeling of CO2 and N2O emissions using country-level socio-economic indicators, which involves benchmarking five regression-based algorithms and optimizing the best-performing model using Random Search. The technical methods described in the text include Decision Tree, K-Nearest Neighbors, AdaBoost, Support Vector Machine, Random Forest, Random Search, SHapley Additive exPlanations (SHAP), Local Interpretable Model-agnostic Explanations (LIME), and ablation testing.

CATEGORY: ML",5.83,,False,2026-08-09T20:06:07
269,llama3.1:8b,V3,abstract,AI,"REASONING: The paper reviews AI applications in mitral regurgitation diagnosis, severity assessment, and prognostication using various data sources (imaging, ECG, clinical data). The technical methods described include convolutional neural networks, support vector machines, ensemble models, and color Doppler or 3D geometrical mitral features. However, the primary contribution of the paper is not to develop a new AI method but rather to review existing studies on AI applications in MR diagnosis.

CATEGORY: AI",4.66,,False,2026-08-09T20:06:12
270,llama3.1:8b,V3,abstract,AI,"REASONING: The paper describes a systematic review that evaluates the role of artificial intelligence (AI) in diagnosing endometriosis using ultrasound images, with a focus on machine learning and deep learning algorithms. The primary contribution is not a new algorithm or model, but rather an evaluation of existing studies and their findings.

CATEGORY: AI",3.59,,False,2026-08-09T20:06:15
271,llama3.1:8b,V3,abstract,ML,"REASONING: The paper describes both classical ML (Random Forest) and DL (CNN) techniques for analyzing time series ECG data, with a focus on their performance in predicting life-threatening cardiac events. The primary contribution is the comparison of these two approaches and their respective strengths and limitations.

CATEGORY: ML",3.43,,False,2026-08-09T20:06:19
272,llama3.1:8b,V3,abstract,ML,"REASONING: The paper discusses the performance of Random Forest models with varying numbers of trees, analyzing whether there is an optimal number of trees that balances performance gain and computational cost. The primary contribution of the paper is a study on the relationship between the number of trees in a Random Forest and its performance, including the identification of a threshold beyond which additional trees do not significantly improve performance. This analysis is based on classical machine learning techniques, specifically Random Forests.

CATEGORY: ML",4.3,,False,2026-08-09T20:06:23
273,llama3.1:8b,V3,abstract,ML,"REASONING: The paper describes a prospective community-based study to collect demographic and ocular health data from school children in India, which will be used to train machine learning algorithms, including linear regression, support vector machines, XGBoost, and deep learning models such as convolutional neural networks. The primary contribution of the paper is the design and validation of an AI-based model for predicting myopia progression among children.

CATEGORY: ML",4.04,,False,2026-08-09T20:06:27
274,llama3.1:8b,V3,abstract,ML,"REASONING: The paper describes the application of six supervised machine learning algorithms (GPR, XGBoost, GBM, RF, KNN, SVR) to predict the load-settlement behavior of micro-piled raft foundations in clay. The primary contribution is the evaluation and comparison of these models using a comprehensive dataset.

CATEGORY: ML",3.77,,False,2026-08-09T20:06:31
275,llama3.1:8b,V3,abstract,ML,"REASONING: The paper describes the application of various classical machine learning algorithms, including Logistic Regression, Decision Tree, K-nearest Neighbor, Support Vector Machine, Multinomial Naïve Bayes, and Random Forest classifiers, to evaluate the significance of player partnerships in football. The primary contribution of the paper is the development of a robust solution for predicting and building effective player partnerships using machine learning techniques.

CATEGORY: ML",4.15,,False,2026-08-09T20:06:35
276,llama3.1:8b,V3,abstract,ML,"REASONING: The paper's primary contribution is a comprehensive bibliometric analysis of AI applications in eating behavior and food choice, using various tools such as Biblioshiny and VOSviewer to examine publication trends, citation patterns, collaboration networks, and keyword co-occurrence. While the abstract mentions advances in machine learning, deep learning, and image recognition techniques, these are not the primary focus of the paper but rather a context for understanding the growth of AI research in this area.

CATEGORY: ML",4.46,,False,2026-08-09T20:06:40
277,llama3.1:8b,V3,abstract,ML,"REASONING: The paper describes the implementation of seven classical machine learning algorithms (SVM, LR, KNN, RF, NB, DT, and LDA) to predict academic achievement from student data. The primary contribution is the comparison and evaluation of these ML algorithms for this specific task.

CATEGORY: ML",3.11,,False,2026-08-09T20:06:43
278,llama3.1:8b,V3,abstract,ML,"REASONING: The paper's primary contribution is a machine learning tool that analyzes facial expressions using OpenFace 2.0, which detects ""action units"" (AUs) in facial movements. This method is used to examine the relationship between learners' facial expressions and lecture satisfaction among medical students.

CATEGORY: ML",3.63,,False,2026-08-09T20:06:46
279,llama3.1:8b,V3,abstract,AI,"REASONING: The paper provides a comprehensive review of AI technologies in medical devices, including machine learning, deep learning, edge computing, and IoT integration. However, no specific algorithm or architecture is developed or studied; instead, the focus is on categorizing AI applications, regulatory guidelines, and case studies showcasing AI medical devices.

CATEGORY: AI",3.34,,False,2026-08-09T20:06:50
280,llama3.1:8b,V3,abstract,DL,"REASONING: The paper discusses how properties from physics can lead to simple neural network architectures and explores the relationship between deep learning and information theory. The primary contribution of the paper is the development of ""no-flattening theorems"" that show when efficient linear deep networks cannot be accurately approximated by shallow ones without efficiency loss.

CATEGORY: DL",3.34,,False,2026-08-09T20:06:53
281,llama3.1:8b,V3,abstract,DL,"REASONING: 
The paper describes the use of radiomics, logistic regression analysis, and multiple neural network architectures for distinguishing between hepatocellular carcinomas (HCC) and intrahepatic cholangiocarcinomas (ICC). The primary contribution is a fusion neural network that combines outputs from radiomics, clinical, and deep learning branches to create a final model.

CATEGORY: DL",3.89,,False,2026-08-09T20:06:57
282,llama3.1:8b,V3,abstract,AI,"REASONING: The paper describes a systematic review and meta-analysis of AI models for predicting gestational diabetes mellitus (GDM). The primary contribution is the synthesis of existing research on AI models for GDM prediction, rather than developing or evaluating specific AI methods.

CATEGORY: AI",3.02,,False,2026-08-09T20:07:00
283,llama3.1:8b,V3,abstract,AI,"REASONING: The paper reviews AI-driven advancements in breast cancer management, covering detection, diagnosis, prognosis, treatment, and recovery. The technical methods described are not specific to any particular ML or DL technique, but rather focus on the application of AI in various medical fields.

CATEGORY: AI",2.85,,False,2026-08-09T20:07:03
284,llama3.1:8b,V3,abstract,ML,"REASONING: The paper proposes a federated learning approach called Fed3C, which involves dividing data into subsets, generating centroids using K-means, and sharing these centroids with a server for classification using KNN. The primary contribution of the paper is the development of this specific federated learning method, which addresses concerns around personal data privacy.

CATEGORY: ML",3.55,,False,2026-08-09T20:07:06
285,llama3.1:8b,V3,abstract,AI,"REASONING: The paper reviews studies on AI applications in local flap surgery, highlighting potential benefits such as standardizing decision-making and optimizing 3D visualization. However, the review itself does not propose or develop any specific AI method or technique.

CATEGORY: AI",2.62,,False,2026-08-09T20:07:09
286,llama3.1:8b,V3,abstract,ML,"REASONING: The paper describes the development and validation of three machine learning models for predicting preeclampsia-associated outcomes, with a focus on reducing the number of features used in the models to make them more clinically meaningful. The primary contribution of the paper is the development of these reduced-feature models and their evaluation.

CATEGORY: ML",3.85,,False,2026-08-09T20:07:13
287,llama3.1:8b,V3,abstract,ML,"REASONING: The paper proposes a digital twin solution that integrates IoT sensors with machine learning algorithms to monitor and maintain logistics equipment. The technical methods described include Isolation Forest, Autoencoders, LSTM networks, Random Forest, and their application in anomaly detection, RUL prediction, and failure classification.

CATEGORY: ML",3.31,,False,2026-08-09T20:07:16
288,llama3.1:8b,V3,abstract,AI,"REASONING: The technical methods described in the text are related to machine learning and artificial intelligence, specifically data-driven approaches for capturing evolving patient trajectories and supporting real-time clinical decision-making. However, no specific ML or DL technique is mentioned as the primary contribution of the paper. Instead, the focus is on the potential application of these techniques to address a specific challenge in critical care.

CATEGORY: AI",3.64,,False,2026-08-09T20:07:20
289,llama3.1:8b,V3,abstract,ML,"REASONING: The paper develops a theoretical learning model that connects the statistical properties of text classification tasks with the generalization performance of Support Vector Machines (SVMs). The primary contribution is a theoretical framework explaining why and when SVMs perform well for text classification. This framework addresses questions about the effectiveness of SVMs in handling large feature spaces in text classification.

CATEGORY: ML",3.41,,False,2026-08-09T20:07:23
290,llama3.1:8b,V3,abstract,AI,"REASONING: The paper discusses various machine learning methods, including supervised and unsupervised learning, reinforcement learning, deep learning, and explainable AI, in the context of predicting food effects on drug absorption. However, the primary contribution is not a novel ML or DL algorithm, but rather a review that evaluates the predictive ability and accuracy of ML in comparison to conventional methods.

CATEGORY: AI",4.1,,False,2026-08-09T20:07:27
291,llama3.1:8b,V3,abstract,AI,"REASONING: The paper discusses the application of AI and ML techniques to improve diagnosis and management of Fibromuscular dysplasia (FMD), specifically mentioning convolutional neural networks for image analysis and ML models for risk stratification and prediction. However, no specific algorithm or architecture is developed or studied in detail.

CATEGORY: AI",3.25,,False,2026-08-09T20:07:31
292,llama3.1:8b,V3,abstract,AI,"REASONING: The paper discusses various machine learning techniques and deep learning architectures applied to medical imaging in cancer diagnosis and therapy planning. However, the primary contribution of the paper is not a novel algorithm or architecture but rather a review of existing applications and challenges in this field.

CATEGORY: AI",2.81,,False,2026-08-09T20:07:33
293,llama3.1:8b,V3,abstract,DL,"REASONING: The paper combines psychophysics, fMRI, and intracranial recordings to study one-shot perceptual learning in humans, and develops a deep neural network model that recapitulates human behavior. The primary contribution of the paper is the development of this deep neural network model, which incorporates top-down feedback into a vision transformer. This model is used to predict human behavior and reveal the neurocomputational mechanisms underlying one-shot perceptual learning.

CATEGORY: DL",4.33,,False,2026-08-09T20:07:38
294,llama3.1:8b,V3,abstract,ML,"REASONING: The paper presents a systematic study on country-level ESG modeling using publicly available World Bank indicators, formulating ESG analysis as four computational tasks: representation learning, level forecasting, directional change classification, and explainability. The primary contribution of the paper is to compare linear and nonlinear models across these tasks and provide a transparent, reproducible benchmark using open data. The technical methods described in the text are machine learning techniques such as representation learning, level forecasting, directional change classification, and explainability.

CATEGORY: ML",4.95,,False,2026-08-09T20:07:43
295,llama3.1:8b,V3,abstract,ML,"REASONING: The paper's primary contribution involves the analysis and modeling of relationships between undergraduate students' awareness, perception, and preparedness to use artificial intelligence tools for decision-making during health emergencies in Nigerian public universities. The technical methods described include statistical analyses such as one-sample t-tests, simple linear regression, and random forest regression (RFR), which are used to investigate these relationships.

CATEGORY: ML",3.97,,False,2026-08-09T20:07:47
296,llama3.1:8b,V3,abstract,AI,"REASONING: The paper reviews recent advances in AI-guided tools for the screening of structural heart disease (SHD) and valvular heart disease (VHD), focusing on their accuracy and explainability. The primary contribution of the paper is to summarize and synthesize existing research on AI applications in SHD diagnosis, rather than presenting new technical methods or architectures.

CATEGORY: AI",3.62,,False,2026-08-09T20:07:50
297,llama3.1:8b,V3,abstract,ML,"REASONING: The paper describes the technical methods of Random Forests, including their generalization error convergence, feature selection for node splitting, and internal estimates for monitoring error, strength, and correlation. The primary contribution of the paper is the development and analysis of these methods in the context of tree-based ensemble learning. The focus on Random Forests as a specific machine learning algorithm suggests that the paper's main subject is not a general AI or DL concept.

CATEGORY: ML",4.65,,False,2026-08-09T20:07:55
298,llama3.1:8b,V3,abstract,AI,"REASONING: The paper discusses AI's impact on education through adaptive learning systems powered by NLP, ML, and DL technologies. However, the primary contribution is not a specific technical method or architecture, but rather a review of how these technologies are transforming educational practices.

CATEGORY: AI",2.75,,False,2026-08-09T20:07:58
299,llama3.1:8b,V3,abstract,AI,"REASONING: The paper reviews the evolution of timekeeping, focusing on atomic clocks and their applications, as well as emerging trends in global timekeeping. The technical methods described include dissemination methods such as NTP, PTP, GNSS, and TWSTFT, but also mention AI/ML for predictive control and resilience. However, no specific ML or DL technique is developed or studied.
CATEGORY: AI",3.73,,False,2026-08-09T20:08:01
